framework,control_id,control_ref,control_family,coverage_status,coverage_lane,gap_type,direct_finding_count,source_backed_finding_count,source_matched_finding_count,source_capability_count,review_context_count,next_action
ccpa,1798.100,ccpa 1798.100,CCPA 1798 Consumer Privacy Rights,direct_control_only,direct,missing_source_backing,1,0,0,0,0,Add source capability or evidence requirements for mapped findings.
ccpa,1798.105,ccpa 1798.105,CCPA 1798 Consumer Privacy Rights,direct_control_only,direct,missing_source_backing,1,0,0,0,0,Add source capability or evidence requirements for mapped findings.
ccpa,1798.106,ccpa 1798.106,CCPA 1798 Consumer Privacy Rights,framework_catalog_only,none,no_mapping_or_evidence,0,0,0,0,0,"Decide whether this control is in scope, then add findings, evidence, or an exclusion."
ccpa,1798.110,ccpa 1798.110,CCPA 1798 Consumer Privacy Rights,framework_catalog_only,none,no_mapping_or_evidence,0,0,0,0,0,"Decide whether this control is in scope, then add findings, evidence, or an exclusion."
ccpa,1798.115,ccpa 1798.115,CCPA 1798 Consumer Privacy Rights,framework_catalog_only,none,no_mapping_or_evidence,0,0,0,0,0,"Decide whether this control is in scope, then add findings, evidence, or an exclusion."
ccpa,1798.120,ccpa 1798.120,CCPA 1798 Consumer Privacy Rights,framework_catalog_only,none,no_mapping_or_evidence,0,0,0,0,0,"Decide whether this control is in scope, then add findings, evidence, or an exclusion."
ccpa,1798.121,ccpa 1798.121,CCPA 1798 Consumer Privacy Rights,framework_catalog_only,none,no_mapping_or_evidence,0,0,0,0,0,"Decide whether this control is in scope, then add findings, evidence, or an exclusion."
ccpa,1798.125,ccpa 1798.125,CCPA 1798 Consumer Privacy Rights,framework_catalog_only,none,no_mapping_or_evidence,0,0,0,0,0,"Decide whether this control is in scope, then add findings, evidence, or an exclusion."
ccpa,1798.130,ccpa 1798.130,CCPA 1798 Consumer Privacy Rights,direct_control_only,direct,missing_source_backing,1,0,0,0,0,Add source capability or evidence requirements for mapped findings.
ccpa,1798.135,ccpa 1798.135,CCPA 1798 Consumer Privacy Rights,framework_catalog_only,none,no_mapping_or_evidence,0,0,0,0,0,"Decide whether this control is in scope, then add findings, evidence, or an exclusion."
ccpa,1798.150,ccpa 1798.150,CCPA 1798 Consumer Privacy Rights,direct_control_only,direct,missing_source_backing,1,0,0,0,0,Add source capability or evidence requirements for mapped findings.
cerebroaigovernance,AI-1,cerebroaigovernance AI-1,Cerebro AI Governance AI AI Governance Controls,framework_catalog_only,none,no_mapping_or_evidence,0,0,0,0,0,"Decide whether this control is in scope, then add findings, evidence, or an exclusion."
cerebroaigovernance,AI-2,cerebroaigovernance AI-2,Cerebro AI Governance AI AI Governance Controls,framework_catalog_only,none,no_mapping_or_evidence,0,0,0,0,0,"Decide whether this control is in scope, then add findings, evidence, or an exclusion."
cerebroaigovernance,AI-3,cerebroaigovernance AI-3,Cerebro AI Governance AI AI Governance Controls,direct_control_only,direct,missing_source_backing,1,0,0,0,0,Add source capability or evidence requirements for mapped findings.
cerebroaigovernance,AI-4,cerebroaigovernance AI-4,Cerebro AI Governance AI AI Governance Controls,direct_control_only,direct,missing_source_backing,1,0,0,0,0,Add source capability or evidence requirements for mapped findings.
cerebroaigovernance,AI-5,cerebroaigovernance AI-5,Cerebro AI Governance AI AI Governance Controls,direct_control_only,direct,missing_source_backing,1,0,0,0,0,Add source capability or evidence requirements for mapped findings.
cerebrofinancialcontrols,FIN-1,cerebrofinancialcontrols FIN-1,Cerebro Financial Controls FIN Financial Controls,direct_control_only,direct,missing_source_backing,1,0,0,0,0,Add source capability or evidence requirements for mapped findings.
cerebrofinancialcontrols,FIN-2,cerebrofinancialcontrols FIN-2,Cerebro Financial Controls FIN Financial Controls,direct_control_only,direct,missing_source_backing,1,0,0,0,0,Add source capability or evidence requirements for mapped findings.
cerebrofinancialcontrols,FIN-3,cerebrofinancialcontrols FIN-3,Cerebro Financial Controls FIN Financial Controls,direct_control_only,direct,missing_source_backing,2,0,0,0,0,Add source capability or evidence requirements for mapped findings.
cerebrooperationalresilience,OPS-1,cerebrooperationalresilience OPS-1,Cerebro Operational Resilience OPS Operational Resilience Controls,framework_catalog_only,none,no_mapping_or_evidence,0,0,0,0,0,"Decide whether this control is in scope, then add findings, evidence, or an exclusion."
cerebrooperationalresilience,OPS-2,cerebrooperationalresilience OPS-2,Cerebro Operational Resilience OPS Operational Resilience Controls,direct_control_only,direct,missing_source_backing,7,0,0,0,0,Add source capability or evidence requirements for mapped findings.
cerebrooperationalresilience,OPS-3,cerebrooperationalresilience OPS-3,Cerebro Operational Resilience OPS Operational Resilience Controls,framework_catalog_only,none,no_mapping_or_evidence,0,0,0,0,0,"Decide whether this control is in scope, then add findings, evidence, or an exclusion."
cerebroorganizationalresilience,ORG-1,cerebroorganizationalresilience ORG-1,Cerebro Organizational Resilience ORG Organizational Resilience Controls,direct_control_only,direct,missing_source_backing,3,0,0,0,0,Add source capability or evidence requirements for mapped findings.
cerebroorganizationalresilience,ORG-2,cerebroorganizationalresilience ORG-2,Cerebro Organizational Resilience ORG Organizational Resilience Controls,direct_control_only,direct,missing_source_backing,4,0,0,0,0,Add source capability or evidence requirements for mapped findings.
cerebroorganizationalresilience,ORG-3,cerebroorganizationalresilience ORG-3,Cerebro Organizational Resilience ORG Organizational Resilience Controls,direct_control_only,direct,missing_source_backing,2,0,0,0,0,Add source capability or evidence requirements for mapped findings.
cerebroorganizationalresilience,ORG-4,cerebroorganizationalresilience ORG-4,Cerebro Organizational Resilience ORG Organizational Resilience Controls,direct_control_only,direct,missing_source_backing,2,0,0,0,0,Add source capability or evidence requirements for mapped findings.
cerebrorevenueoperations,REV-1,cerebrorevenueoperations REV-1,Cerebro Revenue Operations REV Revenue Operations Controls,direct_control_only,direct,missing_source_backing,3,0,0,0,0,Add source capability or evidence requirements for mapped findings.
cerebrorevenueoperations,REV-2,cerebrorevenueoperations REV-2,Cerebro Revenue Operations REV Revenue Operations Controls,direct_control_only,direct,missing_source_backing,1,0,0,0,0,Add source capability or evidence requirements for mapped findings.
cerebrorevenueoperations,REV-3,cerebrorevenueoperations REV-3,Cerebro Revenue Operations REV Revenue Operations Controls,direct_control_only,direct,missing_source_backing,1,0,0,0,0,Add source capability or evidence requirements for mapped findings.
cerebrorevenueoperations,REV-4,cerebrorevenueoperations REV-4,Cerebro Revenue Operations REV Revenue Operations Controls,direct_control_only,direct,missing_source_backing,1,0,0,0,0,Add source capability or evidence requirements for mapped findings.
cerebrorevenueoperations,REV-5,cerebrorevenueoperations REV-5,Cerebro Revenue Operations REV Revenue Operations Controls,direct_control_only,direct,missing_source_backing,6,0,0,0,0,Add source capability or evidence requirements for mapped findings.
cerebrorevenueoperations,REV-6,cerebrorevenueoperations REV-6,Cerebro Revenue Operations REV Revenue Operations Controls,direct_control_only,direct,missing_source_backing,1,0,0,0,0,Add source capability or evidence requirements for mapped findings.
cisa,1.1,cisa 1.1,CISA CISA CISA Requirements,framework_catalog_only,none,no_mapping_or_evidence,0,0,0,0,0,"Decide whether this control is in scope, then add findings, evidence, or an exclusion."
cisawsfoundationsbenchmarkv20,1.10,cisawsfoundationsbenchmarkv20 1.10,CIS AWS Foundations Benchmark v2.0 1 Identity and Access Management,direct_control_only,direct,missing_source_backing,1,0,0,0,0,Add source capability or evidence requirements for mapped findings.
cisawsfoundationsbenchmarkv20,1.12,cisawsfoundationsbenchmarkv20 1.12,CIS AWS Foundations Benchmark v2.0 1 Identity and Access Management,direct_control_only,direct,missing_source_backing,2,0,0,0,0,Add source capability or evidence requirements for mapped findings.
cisawsfoundationsbenchmarkv20,1.13,cisawsfoundationsbenchmarkv20 1.13,CIS AWS Foundations Benchmark v2.0 1 Identity and Access Management,direct_control_only,direct,missing_source_backing,1,0,0,0,0,Add source capability or evidence requirements for mapped findings.
cisawsfoundationsbenchmarkv20,1.14,cisawsfoundationsbenchmarkv20 1.14,CIS AWS Foundations Benchmark v2.0 1 Identity and Access Management,direct_control_only,direct,missing_source_backing,1,0,0,0,0,Add source capability or evidence requirements for mapped findings.
cisawsfoundationsbenchmarkv20,1.15,cisawsfoundationsbenchmarkv20 1.15,CIS AWS Foundations Benchmark v2.0 1 Identity and Access Management,direct_control_only,direct,missing_source_backing,2,0,0,0,0,Add source capability or evidence requirements for mapped findings.
cisawsfoundationsbenchmarkv20,1.16,cisawsfoundationsbenchmarkv20 1.16,CIS AWS Foundations Benchmark v2.0 1 Identity and Access Management,direct_control_only,direct,missing_source_backing,2,0,0,0,0,Add source capability or evidence requirements for mapped findings.
cisawsfoundationsbenchmarkv20,1.19,cisawsfoundationsbenchmarkv20 1.19,CIS AWS Foundations Benchmark v2.0 1 Identity and Access Management,direct_control_only,direct,missing_source_backing,1,0,0,0,0,Add source capability or evidence requirements for mapped findings.
cisawsfoundationsbenchmarkv20,1.20,cisawsfoundationsbenchmarkv20 1.20,CIS AWS Foundations Benchmark v2.0 1 Identity and Access Management,direct_control_only,direct,missing_source_backing,1,0,0,0,0,Add source capability or evidence requirements for mapped findings.
cisawsfoundationsbenchmarkv20,1.21,cisawsfoundationsbenchmarkv20 1.21,CIS AWS Foundations Benchmark v2.0 1 Identity and Access Management,direct_control_only,direct,missing_source_backing,1,0,0,0,0,Add source capability or evidence requirements for mapped findings.
cisawsfoundationsbenchmarkv20,1.4,cisawsfoundationsbenchmarkv20 1.4,CIS AWS Foundations Benchmark v2.0 1 Identity and Access Management,direct_control_only,direct,missing_source_backing,2,0,0,0,0,Add source capability or evidence requirements for mapped findings.
cisawsfoundationsbenchmarkv20,1.5,cisawsfoundationsbenchmarkv20 1.5,CIS AWS Foundations Benchmark v2.0 1 Identity and Access Management,direct_control_only,direct,missing_source_backing,1,0,0,0,0,Add source capability or evidence requirements for mapped findings.
cisawsfoundationsbenchmarkv20,1.8,cisawsfoundationsbenchmarkv20 1.8,CIS AWS Foundations Benchmark v2.0 1 Identity and Access Management,direct_control_only,direct,missing_source_backing,2,0,0,0,0,Add source capability or evidence requirements for mapped findings.
cisawsfoundationsbenchmarkv20,1.9,cisawsfoundationsbenchmarkv20 1.9,CIS AWS Foundations Benchmark v2.0 1 Identity and Access Management,direct_control_only,direct,missing_source_backing,2,0,0,0,0,Add source capability or evidence requirements for mapped findings.
cisawsfoundationsbenchmarkv20,2.1.1,cisawsfoundationsbenchmarkv20 2.1.1,CIS AWS Foundations Benchmark v2.0 2 Storage,direct_control_only,direct,missing_source_backing,1,0,0,0,0,Add source capability or evidence requirements for mapped findings.
cisawsfoundationsbenchmarkv20,2.1.2,cisawsfoundationsbenchmarkv20 2.1.2,CIS AWS Foundations Benchmark v2.0 2 Storage,direct_control_only,direct,missing_source_backing,2,0,0,0,0,Add source capability or evidence requirements for mapped findings.
cisawsfoundationsbenchmarkv20,2.1.5,cisawsfoundationsbenchmarkv20 2.1.5,CIS AWS Foundations Benchmark v2.0 2 Storage,direct_control_only,direct,missing_source_backing,2,0,0,0,0,Add source capability or evidence requirements for mapped findings.
cisawsfoundationsbenchmarkv20,2.2.1,cisawsfoundationsbenchmarkv20 2.2.1,CIS AWS Foundations Benchmark v2.0 2 Storage,direct_control_only,direct,missing_source_backing,2,0,0,0,0,Add source capability or evidence requirements for mapped findings.
cisawsfoundationsbenchmarkv20,2.3.1,cisawsfoundationsbenchmarkv20 2.3.1,CIS AWS Foundations Benchmark v2.0 2 Storage,direct_control_only,direct,missing_source_backing,2,0,0,0,0,Add source capability or evidence requirements for mapped findings.
cisawsfoundationsbenchmarkv20,2.3.2,cisawsfoundationsbenchmarkv20 2.3.2,CIS AWS Foundations Benchmark v2.0 2 Storage,direct_control_only,direct,missing_source_backing,1,0,0,0,0,Add source capability or evidence requirements for mapped findings.
cisawsfoundationsbenchmarkv20,2.3.3,cisawsfoundationsbenchmarkv20 2.3.3,CIS AWS Foundations Benchmark v2.0 2 Storage,direct_control_only,direct,missing_source_backing,1,0,0,0,0,Add source capability or evidence requirements for mapped findings.
cisawsfoundationsbenchmarkv20,2.6,cisawsfoundationsbenchmarkv20 2.6,CIS AWS Foundations Benchmark v2.0 2 Storage,direct_control_only,direct,missing_source_backing,1,0,0,0,0,Add source capability or evidence requirements for mapped findings.
cisawsfoundationsbenchmarkv20,3.1,cisawsfoundationsbenchmarkv20 3.1,CIS AWS Foundations Benchmark v2.0 3 Logging,direct_control_only,direct,missing_source_backing,1,0,0,0,0,Add source capability or evidence requirements for mapped findings.
cisawsfoundationsbenchmarkv20,3.10,cisawsfoundationsbenchmarkv20 3.10,CIS AWS Foundations Benchmark v2.0 3 Logging,direct_control_only,direct,missing_source_backing,1,0,0,0,0,Add source capability or evidence requirements for mapped findings.
cisawsfoundationsbenchmarkv20,3.11,cisawsfoundationsbenchmarkv20 3.11,CIS AWS Foundations Benchmark v2.0 3 Logging,direct_control_only,direct,missing_source_backing,1,0,0,0,0,Add source capability or evidence requirements for mapped findings.
cisawsfoundationsbenchmarkv20,3.2,cisawsfoundationsbenchmarkv20 3.2,CIS AWS Foundations Benchmark v2.0 3 Logging,direct_control_only,direct,missing_source_backing,1,0,0,0,0,Add source capability or evidence requirements for mapped findings.
cisawsfoundationsbenchmarkv20,3.5,cisawsfoundationsbenchmarkv20 3.5,CIS AWS Foundations Benchmark v2.0 3 Logging,direct_control_only,direct,missing_source_backing,1,0,0,0,0,Add source capability or evidence requirements for mapped findings.
cisawsfoundationsbenchmarkv20,3.6,cisawsfoundationsbenchmarkv20 3.6,CIS AWS Foundations Benchmark v2.0 3 Logging,direct_control_only,direct,missing_source_backing,1,0,0,0,0,Add source capability or evidence requirements for mapped findings.
cisawsfoundationsbenchmarkv20,3.7,cisawsfoundationsbenchmarkv20 3.7,CIS AWS Foundations Benchmark v2.0 3 Logging,direct_control_only,direct,missing_source_backing,1,0,0,0,0,Add source capability or evidence requirements for mapped findings.
cisawsfoundationsbenchmarkv20,3.8,cisawsfoundationsbenchmarkv20 3.8,CIS AWS Foundations Benchmark v2.0 3 Logging,direct_control_only,direct,missing_source_backing,1,0,0,0,0,Add source capability or evidence requirements for mapped findings.
cisawsfoundationsbenchmarkv20,3.9,cisawsfoundationsbenchmarkv20 3.9,CIS AWS Foundations Benchmark v2.0 3 Logging,direct_control_only,direct,missing_source_backing,1,0,0,0,0,Add source capability or evidence requirements for mapped findings.
cisawsfoundationsbenchmarkv20,4.1,cisawsfoundationsbenchmarkv20 4.1,CIS AWS Foundations Benchmark v2.0 4 Monitoring,direct_control_only,direct,missing_source_backing,1,0,0,0,0,Add source capability or evidence requirements for mapped findings.
cisawsfoundationsbenchmarkv20,4.15,cisawsfoundationsbenchmarkv20 4.15,CIS AWS Foundations Benchmark v2.0 4 Monitoring,direct_control_only,direct,missing_source_backing,1,0,0,0,0,Add source capability or evidence requirements for mapped findings.
cisawsfoundationsbenchmarkv20,4.16,cisawsfoundationsbenchmarkv20 4.16,CIS AWS Foundations Benchmark v2.0 4 Monitoring,direct_control_only,direct,missing_source_backing,1,0,0,0,0,Add source capability or evidence requirements for mapped findings.
cisawsfoundationsbenchmarkv20,5.1,cisawsfoundationsbenchmarkv20 5.1,CIS AWS Foundations Benchmark v2.0 5 Networking,direct_control_only,direct,missing_source_backing,1,0,0,0,0,Add source capability or evidence requirements for mapped findings.
cisawsfoundationsbenchmarkv20,5.2,cisawsfoundationsbenchmarkv20 5.2,CIS AWS Foundations Benchmark v2.0 5 Networking,direct_control_only,direct,missing_source_backing,4,0,0,0,0,Add source capability or evidence requirements for mapped findings.
cisawsfoundationsbenchmarkv20,5.3,cisawsfoundationsbenchmarkv20 5.3,CIS AWS Foundations Benchmark v2.0 5 Networking,direct_control_only,direct,missing_source_backing,3,0,0,0,0,Add source capability or evidence requirements for mapped findings.
cisawsfoundationsbenchmarkv20,5.4,cisawsfoundationsbenchmarkv20 5.4,CIS AWS Foundations Benchmark v2.0 5 Networking,direct_control_only,direct,missing_source_backing,2,0,0,0,0,Add source capability or evidence requirements for mapped findings.
cisawsfoundationsbenchmarkv20,5.6,cisawsfoundationsbenchmarkv20 5.6,CIS AWS Foundations Benchmark v2.0 5 Networking,direct_control_only,direct,missing_source_backing,1,0,0,0,0,Add source capability or evidence requirements for mapped findings.
cisbenchmarks,1.1,cisbenchmarks 1.1,CIS Benchmarks 1 Identity and Access Management,framework_catalog_only,none,no_mapping_or_evidence,0,0,0,0,0,"Decide whether this control is in scope, then add findings, evidence, or an exclusion."
cisbenchmarks,4.4,cisbenchmarks 4.4,CIS Benchmarks 4 Compute Hardening,direct_control_only,direct,missing_source_backing,1,0,0,0,0,Add source capability or evidence requirements for mapped findings.
cisbenchmarks,4.8,cisbenchmarks 4.8,CIS Benchmarks 4 Compute Hardening,direct_control_only,direct,missing_source_backing,1,0,0,0,0,Add source capability or evidence requirements for mapped findings.
cisbenchmarks,5.1.1,cisbenchmarks 5.1.1,CIS Benchmarks 5 Kubernetes Access Control,direct_control_only,direct,missing_source_backing,1,0,0,0,0,Add source capability or evidence requirements for mapped findings.
ciscontrolsv8,1,ciscontrolsv8 1,CIS Controls v8 1 Inventory and Control of Enterprise Assets,direct_source_backed,direct,none,6,2,2,0,0,Maintain evidence collection and sampling.
ciscontrolsv8,10,ciscontrolsv8 10,CIS Controls v8 10 Malware Defenses,direct_control_only,direct,missing_source_backing,7,0,0,0,0,Add source capability or evidence requirements for mapped findings.
ciscontrolsv8,10.1,ciscontrolsv8 10.1,CIS Controls v8 10 Malware Defenses,direct_control_only,direct,missing_source_backing,4,0,0,0,0,Add source capability or evidence requirements for mapped findings.
ciscontrolsv8,10.2,ciscontrolsv8 10.2,CIS Controls v8 10 Malware Defenses,direct_control_only,direct,missing_source_backing,4,0,0,0,0,Add source capability or evidence requirements for mapped findings.
ciscontrolsv8,10.7,ciscontrolsv8 10.7,CIS Controls v8 10 Malware Defenses,direct_control_only,direct,missing_source_backing,3,0,0,0,0,Add source capability or evidence requirements for mapped findings.
ciscontrolsv8,11,ciscontrolsv8 11,CIS Controls v8 11 Data Recovery,direct_control_only,direct,missing_source_backing,15,0,0,0,0,Add source capability or evidence requirements for mapped findings.
ciscontrolsv8,12,ciscontrolsv8 12,CIS Controls v8 12 Network Infrastructure Management,direct_control_only,direct,missing_source_backing,132,0,0,0,0,Add source capability or evidence requirements for mapped findings.
ciscontrolsv8,13,ciscontrolsv8 13,CIS Controls v8 13 Network Monitoring and Defense,direct_source_backed,direct,none,128,9,9,0,0,Maintain evidence collection and sampling.
ciscontrolsv8,14,ciscontrolsv8 14,CIS Controls v8 14 Security Awareness and Skills Training,direct_control_only,direct,missing_source_backing,1,0,0,0,0,Add source capability or evidence requirements for mapped findings.
ciscontrolsv8,15,ciscontrolsv8 15,CIS Controls v8 15 Service Provider Management,framework_catalog_only,none,no_mapping_or_evidence,0,0,0,0,0,"Decide whether this control is in scope, then add findings, evidence, or an exclusion."
ciscontrolsv8,16,ciscontrolsv8 16,CIS Controls v8 16 Application Software Security,direct_source_backed,direct,none,10,2,2,0,0,Maintain evidence collection and sampling.
ciscontrolsv8,17,ciscontrolsv8 17,CIS Controls v8 17 Incident Response Management,framework_catalog_only,none,no_mapping_or_evidence,0,0,0,0,0,"Decide whether this control is in scope, then add findings, evidence, or an exclusion."
ciscontrolsv8,18,ciscontrolsv8 18,CIS Controls v8 18 Penetration Testing,framework_catalog_only,none,no_mapping_or_evidence,0,0,0,0,0,"Decide whether this control is in scope, then add findings, evidence, or an exclusion."
ciscontrolsv8,2,ciscontrolsv8 2,CIS Controls v8 2 Inventory and Control of Software Assets,direct_source_backed,direct,none,7,3,3,0,0,Maintain evidence collection and sampling.
ciscontrolsv8,3,ciscontrolsv8 3,CIS Controls v8 3 Data Protection,direct_source_backed,direct,none,50,4,4,0,0,Maintain evidence collection and sampling.
ciscontrolsv8,3.6,ciscontrolsv8 3.6,CIS Controls v8 3 Data Protection,direct_control_only,direct,missing_source_backing,4,0,0,0,0,Add source capability or evidence requirements for mapped findings.
ciscontrolsv8,4,ciscontrolsv8 4,CIS Controls v8 4 Secure Configuration of Enterprise Assets and Software,direct_source_backed,direct,none,75,48,48,0,0,Maintain evidence collection and sampling.
ciscontrolsv8,4.3,ciscontrolsv8 4.3,CIS Controls v8 4 Secure Configuration of Enterprise Assets and Software,direct_control_only,direct,missing_source_backing,2,0,0,0,0,Add source capability or evidence requirements for mapped findings.
ciscontrolsv8,5,ciscontrolsv8 5,CIS Controls v8 5 Account Management,direct_source_backed,direct,none,211,21,21,0,0,Maintain evidence collection and sampling.
ciscontrolsv8,5.3,ciscontrolsv8 5.3,CIS Controls v8 5 Account Management,direct_control_only,direct,missing_source_backing,1,0,0,0,0,Add source capability or evidence requirements for mapped findings.
ciscontrolsv8,6,ciscontrolsv8 6,CIS Controls v8 6 Access Control Management,direct_source_backed,direct,none,307,24,24,0,0,Maintain evidence collection and sampling.
ciscontrolsv8,6.3,ciscontrolsv8 6.3,CIS Controls v8 6 Access Control Management,direct_control_only,direct,missing_source_backing,1,0,0,0,0,Add source capability or evidence requirements for mapped findings.
ciscontrolsv8,6.4,ciscontrolsv8 6.4,CIS Controls v8 6 Access Control Management,direct_control_only,direct,missing_source_backing,1,0,0,0,0,Add source capability or evidence requirements for mapped findings.
ciscontrolsv8,7,ciscontrolsv8 7,CIS Controls v8 7 Continuous Vulnerability Management,direct_source_backed,direct,none,58,3,3,0,0,Maintain evidence collection and sampling.
ciscontrolsv8,8,ciscontrolsv8 8,CIS Controls v8 8 Audit Log Management,direct_source_backed,direct,none,109,34,34,0,0,Maintain evidence collection and sampling.
ciscontrolsv8,9,ciscontrolsv8 9,CIS Controls v8 9 Email and Web Browser Protections,framework_catalog_only,none,no_mapping_or_evidence,0,0,0,0,0,"Decide whether this control is in scope, then add findings, evidence, or an exclusion."
ciseksbenchmarkv13,5.4.1,ciseksbenchmarkv13 5.4.1,CIS EKS Benchmark v1.3 5 Policies,direct_control_only,direct,missing_source_backing,1,0,0,0,0,Add source capability or evidence requirements for mapped findings.
cisgithubbenchmark,1.1.3,cisgithubbenchmark 1.1.3,CIS GitHub Benchmark 1 1 Controls,direct_control_only,direct,missing_source_backing,2,0,0,0,0,Add source capability or evidence requirements for mapped findings.
cisgithubbenchmark,1.3.1,cisgithubbenchmark 1.3.1,CIS GitHub Benchmark 1 1 Controls,direct_control_only,direct,missing_source_backing,1,0,0,0,0,Add source capability or evidence requirements for mapped findings.
cisgkebenchmarkv14,5.1.1,cisgkebenchmarkv14 5.1.1,CIS GKE Benchmark v1.4 5 Policies,direct_control_only,direct,missing_source_backing,1,0,0,0,0,Add source capability or evidence requirements for mapped findings.
cisgkebenchmarkv14,5.2.1,cisgkebenchmarkv14 5.2.1,CIS GKE Benchmark v1.4 5 Policies,direct_control_only,direct,missing_source_backing,1,0,0,0,0,Add source capability or evidence requirements for mapped findings.
cisgkebenchmarkv14,5.3.1,cisgkebenchmarkv14 5.3.1,CIS GKE Benchmark v1.4 5 Policies,direct_control_only,direct,missing_source_backing,1,0,0,0,0,Add source capability or evidence requirements for mapped findings.
cisgkebenchmarkv14,5.5.1,cisgkebenchmarkv14 5.5.1,CIS GKE Benchmark v1.4 5 Policies,direct_control_only,direct,missing_source_backing,1,0,0,0,0,Add source capability or evidence requirements for mapped findings.
cisgkebenchmarkv14,5.5.2,cisgkebenchmarkv14 5.5.2,CIS GKE Benchmark v1.4 5 Policies,direct_control_only,direct,missing_source_backing,1,0,0,0,0,Add source capability or evidence requirements for mapped findings.
cisgkebenchmarkv14,5.5.3,cisgkebenchmarkv14 5.5.3,CIS GKE Benchmark v1.4 5 Policies,direct_control_only,direct,missing_source_backing,1,0,0,0,0,Add source capability or evidence requirements for mapped findings.
cisgkebenchmarkv14,5.5.4,cisgkebenchmarkv14 5.5.4,CIS GKE Benchmark v1.4 5 Policies,direct_control_only,direct,missing_source_backing,1,0,0,0,0,Add source capability or evidence requirements for mapped findings.
cisgkebenchmarkv14,5.6.1,cisgkebenchmarkv14 5.6.1,CIS GKE Benchmark v1.4 5 Policies,direct_control_only,direct,missing_source_backing,1,0,0,0,0,Add source capability or evidence requirements for mapped findings.
cisgkebenchmarkv14,5.6.3,cisgkebenchmarkv14 5.6.3,CIS GKE Benchmark v1.4 5 Policies,direct_control_only,direct,missing_source_backing,1,0,0,0,0,Add source capability or evidence requirements for mapped findings.
cisgoogleworkspacebenchmark,1.1,cisgoogleworkspacebenchmark 1.1,CIS Google Workspace Benchmark 1 1 Controls,direct_control_only,direct,missing_source_backing,1,0,0,0,0,Add source capability or evidence requirements for mapped findings.
ciskubernetesbenchmark,5.1.1,ciskubernetesbenchmark 5.1.1,CIS Kubernetes Benchmark 5 Policies,direct_control_only,direct,missing_source_backing,28,0,0,0,0,Add source capability or evidence requirements for mapped findings.
ciskubernetesbenchmark,5.1.3,ciskubernetesbenchmark 5.1.3,CIS Kubernetes Benchmark 5 Policies,direct_control_only,direct,missing_source_backing,9,0,0,0,0,Add source capability or evidence requirements for mapped findings.
ciskubernetesbenchmark,5.1.4,ciskubernetesbenchmark 5.1.4,CIS Kubernetes Benchmark 5 Policies,direct_control_only,direct,missing_source_backing,8,0,0,0,0,Add source capability or evidence requirements for mapped findings.
ciskubernetesbenchmark,5.1.6,ciskubernetesbenchmark 5.1.6,CIS Kubernetes Benchmark 5 Policies,direct_control_only,direct,missing_source_backing,1,0,0,0,0,Add source capability or evidence requirements for mapped findings.
ciskubernetesbenchmark,5.2.1,ciskubernetesbenchmark 5.2.1,CIS Kubernetes Benchmark 5 Policies,direct_control_only,direct,missing_source_backing,26,0,0,0,0,Add source capability or evidence requirements for mapped findings.
ciskubernetesbenchmark,5.2.2,ciskubernetesbenchmark 5.2.2,CIS Kubernetes Benchmark 5 Policies,direct_control_only,direct,missing_source_backing,6,0,0,0,0,Add source capability or evidence requirements for mapped findings.
ciskubernetesbenchmark,5.2.3,ciskubernetesbenchmark 5.2.3,CIS Kubernetes Benchmark 5 Policies,direct_control_only,direct,missing_source_backing,5,0,0,0,0,Add source capability or evidence requirements for mapped findings.
ciskubernetesbenchmark,5.2.4,ciskubernetesbenchmark 5.2.4,CIS Kubernetes Benchmark 5 Policies,direct_control_only,direct,missing_source_backing,7,0,0,0,0,Add source capability or evidence requirements for mapped findings.
ciskubernetesbenchmark,5.2.5,ciskubernetesbenchmark 5.2.5,CIS Kubernetes Benchmark 5 Policies,direct_control_only,direct,missing_source_backing,25,0,0,0,0,Add source capability or evidence requirements for mapped findings.
ciskubernetesbenchmark,5.2.6,ciskubernetesbenchmark 5.2.6,CIS Kubernetes Benchmark 5 Policies,direct_control_only,direct,missing_source_backing,6,0,0,0,0,Add source capability or evidence requirements for mapped findings.
ciskubernetesbenchmark,5.2.7,ciskubernetesbenchmark 5.2.7,CIS Kubernetes Benchmark 5 Policies,direct_control_only,direct,missing_source_backing,6,0,0,0,0,Add source capability or evidence requirements for mapped findings.
ciskubernetesbenchmark,5.2.8,ciskubernetesbenchmark 5.2.8,CIS Kubernetes Benchmark 5 Policies,direct_control_only,direct,missing_source_backing,5,0,0,0,0,Add source capability or evidence requirements for mapped findings.
ciskubernetesbenchmark,5.3.2,ciskubernetesbenchmark 5.3.2,CIS Kubernetes Benchmark 5 Policies,direct_control_only,direct,missing_source_backing,1,0,0,0,0,Add source capability or evidence requirements for mapped findings.
cjissecuritypolicy,5.1.1,cjissecuritypolicy 5.1.1,CJIS Security Policy PA-1 Information Exchange Agreements,framework_catalog_only,none,no_mapping_or_evidence,0,0,0,0,0,"Decide whether this control is in scope, then add findings, evidence, or an exclusion."
cjissecuritypolicy,5.10.1.2,cjissecuritypolicy 5.10.1.2,CJIS Security Policy PA-10 Systems and Communications Protection,framework_catalog_only,none,no_mapping_or_evidence,0,0,0,0,0,"Decide whether this control is in scope, then add findings, evidence, or an exclusion."
cjissecuritypolicy,5.12.1,cjissecuritypolicy 5.12.1,CJIS Security Policy PA-12 Personnel Security,framework_catalog_only,none,no_mapping_or_evidence,0,0,0,0,0,"Decide whether this control is in scope, then add findings, evidence, or an exclusion."
cjissecuritypolicy,5.13.6,cjissecuritypolicy 5.13.6,CJIS Security Policy PA-13 Mobile Devices,framework_catalog_only,none,no_mapping_or_evidence,0,0,0,0,0,"Decide whether this control is in scope, then add findings, evidence, or an exclusion."
cjissecuritypolicy,5.15.1,cjissecuritypolicy 5.15.1,CJIS Security Policy PA-15 System and Information Integrity,framework_catalog_only,none,no_mapping_or_evidence,0,0,0,0,0,"Decide whether this control is in scope, then add findings, evidence, or an exclusion."
cjissecuritypolicy,5.2.1,cjissecuritypolicy 5.2.1,CJIS Security Policy PA-2 Awareness and Training,framework_catalog_only,none,no_mapping_or_evidence,0,0,0,0,0,"Decide whether this control is in scope, then add findings, evidence, or an exclusion."
cjissecuritypolicy,5.3.1,cjissecuritypolicy 5.3.1,CJIS Security Policy PA-3 Incident Response,framework_catalog_only,none,no_mapping_or_evidence,0,0,0,0,0,"Decide whether this control is in scope, then add findings, evidence, or an exclusion."
cjissecuritypolicy,5.4.1,cjissecuritypolicy 5.4.1,CJIS Security Policy PA-4 Auditing and Accountability,framework_catalog_only,none,no_mapping_or_evidence,0,0,0,0,0,"Decide whether this control is in scope, then add findings, evidence, or an exclusion."
cjissecuritypolicy,5.4.4,cjissecuritypolicy 5.4.4,CJIS Security Policy PA-4 Auditing and Accountability,framework_catalog_only,none,no_mapping_or_evidence,0,0,0,0,0,"Decide whether this control is in scope, then add findings, evidence, or an exclusion."
cjissecuritypolicy,5.4.6,cjissecuritypolicy 5.4.6,CJIS Security Policy PA-4 Auditing and Accountability,framework_catalog_only,none,no_mapping_or_evidence,0,0,0,0,0,"Decide whether this control is in scope, then add findings, evidence, or an exclusion."
cjissecuritypolicy,5.5.1,cjissecuritypolicy 5.5.1,CJIS Security Policy PA-5 Access Control,framework_catalog_only,none,no_mapping_or_evidence,0,0,0,0,0,"Decide whether this control is in scope, then add findings, evidence, or an exclusion."
cjissecuritypolicy,5.6.2.2,cjissecuritypolicy 5.6.2.2,CJIS Security Policy PA-6 Identification and Authentication,framework_catalog_only,none,no_mapping_or_evidence,0,0,0,0,0,"Decide whether this control is in scope, then add findings, evidence, or an exclusion."
cjissecuritypolicy,PA-1,cjissecuritypolicy PA-1,CJIS Security Policy PA-1 Information Exchange Agreements,framework_catalog_only,none,no_mapping_or_evidence,0,0,0,0,0,"Decide whether this control is in scope, then add findings, evidence, or an exclusion."
cjissecuritypolicy,PA-10,cjissecuritypolicy PA-10,CJIS Security Policy PA-10 Systems and Communications Protection,framework_catalog_only,none,no_mapping_or_evidence,0,0,0,0,0,"Decide whether this control is in scope, then add findings, evidence, or an exclusion."
cjissecuritypolicy,PA-11,cjissecuritypolicy PA-11,CJIS Security Policy PA-11 Formal Audits,framework_catalog_only,none,no_mapping_or_evidence,0,0,0,0,0,"Decide whether this control is in scope, then add findings, evidence, or an exclusion."
cjissecuritypolicy,PA-12,cjissecuritypolicy PA-12,CJIS Security Policy PA-12 Personnel Security,framework_catalog_only,none,no_mapping_or_evidence,0,0,0,0,0,"Decide whether this control is in scope, then add findings, evidence, or an exclusion."
cjissecuritypolicy,PA-13,cjissecuritypolicy PA-13,CJIS Security Policy PA-13 Mobile Devices,framework_catalog_only,none,no_mapping_or_evidence,0,0,0,0,0,"Decide whether this control is in scope, then add findings, evidence, or an exclusion."
cjissecuritypolicy,PA-14,cjissecuritypolicy PA-14,CJIS Security Policy PA-14 System and Services Acquisition,framework_catalog_only,none,no_mapping_or_evidence,0,0,0,0,0,"Decide whether this control is in scope, then add findings, evidence, or an exclusion."
cjissecuritypolicy,PA-15,cjissecuritypolicy PA-15,CJIS Security Policy PA-15 System and Information Integrity,framework_catalog_only,none,no_mapping_or_evidence,0,0,0,0,0,"Decide whether this control is in scope, then add findings, evidence, or an exclusion."
cjissecuritypolicy,PA-16,cjissecuritypolicy PA-16,CJIS Security Policy PA-16 Maintenance,framework_catalog_only,none,no_mapping_or_evidence,0,0,0,0,0,"Decide whether this control is in scope, then add findings, evidence, or an exclusion."
cjissecuritypolicy,PA-17,cjissecuritypolicy PA-17,CJIS Security Policy PA-17 Planning,framework_catalog_only,none,no_mapping_or_evidence,0,0,0,0,0,"Decide whether this control is in scope, then add findings, evidence, or an exclusion."
cjissecuritypolicy,PA-18,cjissecuritypolicy PA-18,CJIS Security Policy PA-18 Contingency Planning,framework_catalog_only,none,no_mapping_or_evidence,0,0,0,0,0,"Decide whether this control is in scope, then add findings, evidence, or an exclusion."
cjissecuritypolicy,PA-19,cjissecuritypolicy PA-19,CJIS Security Policy PA-19 Risk Assessment,framework_catalog_only,none,no_mapping_or_evidence,0,0,0,0,0,"Decide whether this control is in scope, then add findings, evidence, or an exclusion."
cjissecuritypolicy,PA-2,cjissecuritypolicy PA-2,CJIS Security Policy PA-2 Awareness and Training,framework_catalog_only,none,no_mapping_or_evidence,0,0,0,0,0,"Decide whether this control is in scope, then add findings, evidence, or an exclusion."
cjissecuritypolicy,PA-3,cjissecuritypolicy PA-3,CJIS Security Policy PA-3 Incident Response,framework_catalog_only,none,no_mapping_or_evidence,0,0,0,0,0,"Decide whether this control is in scope, then add findings, evidence, or an exclusion."
cjissecuritypolicy,PA-4,cjissecuritypolicy PA-4,CJIS Security Policy PA-4 Auditing and Accountability,framework_catalog_only,none,no_mapping_or_evidence,0,0,0,0,0,"Decide whether this control is in scope, then add findings, evidence, or an exclusion."
cjissecuritypolicy,PA-5,cjissecuritypolicy PA-5,CJIS Security Policy PA-5 Access Control,framework_catalog_only,none,no_mapping_or_evidence,0,0,0,0,0,"Decide whether this control is in scope, then add findings, evidence, or an exclusion."
cjissecuritypolicy,PA-6,cjissecuritypolicy PA-6,CJIS Security Policy PA-6 Identification and Authentication,framework_catalog_only,none,no_mapping_or_evidence,0,0,0,0,0,"Decide whether this control is in scope, then add findings, evidence, or an exclusion."
cjissecuritypolicy,PA-7,cjissecuritypolicy PA-7,CJIS Security Policy PA-7 Configuration Management,framework_catalog_only,none,no_mapping_or_evidence,0,0,0,0,0,"Decide whether this control is in scope, then add findings, evidence, or an exclusion."
cjissecuritypolicy,PA-8,cjissecuritypolicy PA-8,CJIS Security Policy PA-8 Media Protection,framework_catalog_only,none,no_mapping_or_evidence,0,0,0,0,0,"Decide whether this control is in scope, then add findings, evidence, or an exclusion."
cjissecuritypolicy,PA-9,cjissecuritypolicy PA-9,CJIS Security Policy PA-9 Physical and Environmental Protection,framework_catalog_only,none,no_mapping_or_evidence,0,0,0,0,0,"Decide whether this control is in scope, then add findings, evidence, or an exclusion."
cmmc20,AC.L1,cmmc20 AC.L1,CMMC 2.0 L1 Level 1 Basic Safeguarding of FCI,framework_catalog_only,none,no_mapping_or_evidence,0,0,0,0,0,"Decide whether this control is in scope, then add findings, evidence, or an exclusion."
cmmc20,AC.L1-3.1.1,cmmc20 AC.L1-3.1.1,CMMC 2.0 L1 Level 1 Basic Safeguarding of FCI,framework_catalog_only,none,no_mapping_or_evidence,0,0,0,0,0,"Decide whether this control is in scope, then add findings, evidence, or an exclusion."
cmmc20,AC.L1-3.1.2,cmmc20 AC.L1-3.1.2,CMMC 2.0 L1 Level 1 Basic Safeguarding of FCI,framework_catalog_only,none,no_mapping_or_evidence,0,0,0,0,0,"Decide whether this control is in scope, then add findings, evidence, or an exclusion."
cmmc20,AC.L1-3.1.20,cmmc20 AC.L1-3.1.20,CMMC 2.0 L1 Level 1 Basic Safeguarding of FCI,framework_catalog_only,none,no_mapping_or_evidence,0,0,0,0,0,"Decide whether this control is in scope, then add findings, evidence, or an exclusion."
cmmc20,AC.L1-3.1.22,cmmc20 AC.L1-3.1.22,CMMC 2.0 L1 Level 1 Basic Safeguarding of FCI,framework_catalog_only,none,no_mapping_or_evidence,0,0,0,0,0,"Decide whether this control is in scope, then add findings, evidence, or an exclusion."
cmmc20,AC.L2,cmmc20 AC.L2,CMMC 2.0 L2 Level 2 Broad Protection of CUI,framework_catalog_only,none,no_mapping_or_evidence,0,0,0,0,0,"Decide whether this control is in scope, then add findings, evidence, or an exclusion."
cmmc20,AC.L2-3.1.3,cmmc20 AC.L2-3.1.3,CMMC 2.0 L2 Level 2 Broad Protection of CUI,framework_catalog_only,none,no_mapping_or_evidence,0,0,0,0,0,"Decide whether this control is in scope, then add findings, evidence, or an exclusion."
cmmc20,AC.L2-3.1.5,cmmc20 AC.L2-3.1.5,CMMC 2.0 L2 Level 2 Broad Protection of CUI,framework_catalog_only,none,no_mapping_or_evidence,0,0,0,0,0,"Decide whether this control is in scope, then add findings, evidence, or an exclusion."
cmmc20,AT.L2,cmmc20 AT.L2,CMMC 2.0 L2 Level 2 Broad Protection of CUI,framework_catalog_only,none,no_mapping_or_evidence,0,0,0,0,0,"Decide whether this control is in scope, then add findings, evidence, or an exclusion."
cmmc20,AU.L2,cmmc20 AU.L2,CMMC 2.0 L2 Level 2 Broad Protection of CUI,framework_catalog_only,none,no_mapping_or_evidence,0,0,0,0,0,"Decide whether this control is in scope, then add findings, evidence, or an exclusion."
cmmc20,AU.L2-3.3.1,cmmc20 AU.L2-3.3.1,CMMC 2.0 L2 Level 2 Broad Protection of CUI,framework_catalog_only,none,no_mapping_or_evidence,0,0,0,0,0,"Decide whether this control is in scope, then add findings, evidence, or an exclusion."
cmmc20,AU.L2-3.3.2,cmmc20 AU.L2-3.3.2,CMMC 2.0 L2 Level 2 Broad Protection of CUI,framework_catalog_only,none,no_mapping_or_evidence,0,0,0,0,0,"Decide whether this control is in scope, then add findings, evidence, or an exclusion."
cmmc20,CA.L2,cmmc20 CA.L2,CMMC 2.0 L2 Level 2 Broad Protection of CUI,framework_catalog_only,none,no_mapping_or_evidence,0,0,0,0,0,"Decide whether this control is in scope, then add findings, evidence, or an exclusion."
cmmc20,CM.L2,cmmc20 CM.L2,CMMC 2.0 L2 Level 2 Broad Protection of CUI,framework_catalog_only,none,no_mapping_or_evidence,0,0,0,0,0,"Decide whether this control is in scope, then add findings, evidence, or an exclusion."
cmmc20,CM.L2-3.4.3,cmmc20 CM.L2-3.4.3,CMMC 2.0 L2 Level 2 Broad Protection of CUI,framework_catalog_only,none,no_mapping_or_evidence,0,0,0,0,0,"Decide whether this control is in scope, then add findings, evidence, or an exclusion."
cmmc20,CM.L2-3.4.7,cmmc20 CM.L2-3.4.7,CMMC 2.0 L2 Level 2 Broad Protection of CUI,framework_catalog_only,none,no_mapping_or_evidence,0,0,0,0,0,"Decide whether this control is in scope, then add findings, evidence, or an exclusion."
cmmc20,IA.L1,cmmc20 IA.L1,CMMC 2.0 L1 Level 1 Basic Safeguarding of FCI,framework_catalog_only,none,no_mapping_or_evidence,0,0,0,0,0,"Decide whether this control is in scope, then add findings, evidence, or an exclusion."
cmmc20,IA.L1-3.5.1,cmmc20 IA.L1-3.5.1,CMMC 2.0 L1 Level 1 Basic Safeguarding of FCI,framework_catalog_only,none,no_mapping_or_evidence,0,0,0,0,0,"Decide whether this control is in scope, then add findings, evidence, or an exclusion."
cmmc20,IA.L1-3.5.2,cmmc20 IA.L1-3.5.2,CMMC 2.0 L1 Level 1 Basic Safeguarding of FCI,framework_catalog_only,none,no_mapping_or_evidence,0,0,0,0,0,"Decide whether this control is in scope, then add findings, evidence, or an exclusion."
cmmc20,IA.L2,cmmc20 IA.L2,CMMC 2.0 L2 Level 2 Broad Protection of CUI,framework_catalog_only,none,no_mapping_or_evidence,0,0,0,0,0,"Decide whether this control is in scope, then add findings, evidence, or an exclusion."
cmmc20,IR.L2,cmmc20 IR.L2,CMMC 2.0 L2 Level 2 Broad Protection of CUI,framework_catalog_only,none,no_mapping_or_evidence,0,0,0,0,0,"Decide whether this control is in scope, then add findings, evidence, or an exclusion."
cmmc20,IR.L3,cmmc20 IR.L3,CMMC 2.0 L3 Level 3 Higher-Level Protection of CUI,framework_catalog_only,none,no_mapping_or_evidence,0,0,0,0,0,"Decide whether this control is in scope, then add findings, evidence, or an exclusion."
cmmc20,MA.L2,cmmc20 MA.L2,CMMC 2.0 L2 Level 2 Broad Protection of CUI,framework_catalog_only,none,no_mapping_or_evidence,0,0,0,0,0,"Decide whether this control is in scope, then add findings, evidence, or an exclusion."
cmmc20,MP.L1,cmmc20 MP.L1,CMMC 2.0 L1 Level 1 Basic Safeguarding of FCI,framework_catalog_only,none,no_mapping_or_evidence,0,0,0,0,0,"Decide whether this control is in scope, then add findings, evidence, or an exclusion."
cmmc20,MP.L1-3.8.3,cmmc20 MP.L1-3.8.3,CMMC 2.0 L1 Level 1 Basic Safeguarding of FCI,framework_catalog_only,none,no_mapping_or_evidence,0,0,0,0,0,"Decide whether this control is in scope, then add findings, evidence, or an exclusion."
cmmc20,MP.L2,cmmc20 MP.L2,CMMC 2.0 L2 Level 2 Broad Protection of CUI,framework_catalog_only,none,no_mapping_or_evidence,0,0,0,0,0,"Decide whether this control is in scope, then add findings, evidence, or an exclusion."
cmmc20,PE.L1,cmmc20 PE.L1,CMMC 2.0 L1 Level 1 Basic Safeguarding of FCI,framework_catalog_only,none,no_mapping_or_evidence,0,0,0,0,0,"Decide whether this control is in scope, then add findings, evidence, or an exclusion."
cmmc20,PE.L1-3.10.1,cmmc20 PE.L1-3.10.1,CMMC 2.0 L1 Level 1 Basic Safeguarding of FCI,framework_catalog_only,none,no_mapping_or_evidence,0,0,0,0,0,"Decide whether this control is in scope, then add findings, evidence, or an exclusion."
cmmc20,PE.L1-3.10.3,cmmc20 PE.L1-3.10.3,CMMC 2.0 L1 Level 1 Basic Safeguarding of FCI,framework_catalog_only,none,no_mapping_or_evidence,0,0,0,0,0,"Decide whether this control is in scope, then add findings, evidence, or an exclusion."
cmmc20,PE.L1-3.10.4,cmmc20 PE.L1-3.10.4,CMMC 2.0 L1 Level 1 Basic Safeguarding of FCI,framework_catalog_only,none,no_mapping_or_evidence,0,0,0,0,0,"Decide whether this control is in scope, then add findings, evidence, or an exclusion."
cmmc20,PE.L1-3.10.5,cmmc20 PE.L1-3.10.5,CMMC 2.0 L1 Level 1 Basic Safeguarding of FCI,framework_catalog_only,none,no_mapping_or_evidence,0,0,0,0,0,"Decide whether this control is in scope, then add findings, evidence, or an exclusion."
cmmc20,PE.L2,cmmc20 PE.L2,CMMC 2.0 L2 Level 2 Broad Protection of CUI,framework_catalog_only,none,no_mapping_or_evidence,0,0,0,0,0,"Decide whether this control is in scope, then add findings, evidence, or an exclusion."
cmmc20,PS.L2,cmmc20 PS.L2,CMMC 2.0 L2 Level 2 Broad Protection of CUI,framework_catalog_only,none,no_mapping_or_evidence,0,0,0,0,0,"Decide whether this control is in scope, then add findings, evidence, or an exclusion."
cmmc20,RA.L2,cmmc20 RA.L2,CMMC 2.0 L2 Level 2 Broad Protection of CUI,framework_catalog_only,none,no_mapping_or_evidence,0,0,0,0,0,"Decide whether this control is in scope, then add findings, evidence, or an exclusion."
cmmc20,RA.L2-3.11.2,cmmc20 RA.L2-3.11.2,CMMC 2.0 L2 Level 2 Broad Protection of CUI,framework_catalog_only,none,no_mapping_or_evidence,0,0,0,0,0,"Decide whether this control is in scope, then add findings, evidence, or an exclusion."
cmmc20,RA.L3,cmmc20 RA.L3,CMMC 2.0 L3 Level 3 Higher-Level Protection of CUI,framework_catalog_only,none,no_mapping_or_evidence,0,0,0,0,0,"Decide whether this control is in scope, then add findings, evidence, or an exclusion."
cmmc20,SC.L1,cmmc20 SC.L1,CMMC 2.0 L1 Level 1 Basic Safeguarding of FCI,framework_catalog_only,none,no_mapping_or_evidence,0,0,0,0,0,"Decide whether this control is in scope, then add findings, evidence, or an exclusion."
cmmc20,SC.L1-3.13.1,cmmc20 SC.L1-3.13.1,CMMC 2.0 L1 Level 1 Basic Safeguarding of FCI,framework_catalog_only,none,no_mapping_or_evidence,0,0,0,0,0,"Decide whether this control is in scope, then add findings, evidence, or an exclusion."
cmmc20,SC.L1-3.13.5,cmmc20 SC.L1-3.13.5,CMMC 2.0 L1 Level 1 Basic Safeguarding of FCI,framework_catalog_only,none,no_mapping_or_evidence,0,0,0,0,0,"Decide whether this control is in scope, then add findings, evidence, or an exclusion."
cmmc20,SC.L2,cmmc20 SC.L2,CMMC 2.0 L2 Level 2 Broad Protection of CUI,framework_catalog_only,none,no_mapping_or_evidence,0,0,0,0,0,"Decide whether this control is in scope, then add findings, evidence, or an exclusion."
cmmc20,SC.L2-3.13.11,cmmc20 SC.L2-3.13.11,CMMC 2.0 L2 Level 2 Broad Protection of CUI,framework_catalog_only,none,no_mapping_or_evidence,0,0,0,0,0,"Decide whether this control is in scope, then add findings, evidence, or an exclusion."
cmmc20,SC.L2-3.13.8,cmmc20 SC.L2-3.13.8,CMMC 2.0 L2 Level 2 Broad Protection of CUI,framework_catalog_only,none,no_mapping_or_evidence,0,0,0,0,0,"Decide whether this control is in scope, then add findings, evidence, or an exclusion."
cmmc20,SC.L3,cmmc20 SC.L3,CMMC 2.0 L3 Level 3 Higher-Level Protection of CUI,framework_catalog_only,none,no_mapping_or_evidence,0,0,0,0,0,"Decide whether this control is in scope, then add findings, evidence, or an exclusion."
cmmc20,SI.L1,cmmc20 SI.L1,CMMC 2.0 L1 Level 1 Basic Safeguarding of FCI,framework_catalog_only,none,no_mapping_or_evidence,0,0,0,0,0,"Decide whether this control is in scope, then add findings, evidence, or an exclusion."
cmmc20,SI.L1-3.14.1,cmmc20 SI.L1-3.14.1,CMMC 2.0 L1 Level 1 Basic Safeguarding of FCI,framework_catalog_only,none,no_mapping_or_evidence,0,0,0,0,0,"Decide whether this control is in scope, then add findings, evidence, or an exclusion."
cmmc20,SI.L1-3.14.2,cmmc20 SI.L1-3.14.2,CMMC 2.0 L1 Level 1 Basic Safeguarding of FCI,framework_catalog_only,none,no_mapping_or_evidence,0,0,0,0,0,"Decide whether this control is in scope, then add findings, evidence, or an exclusion."
cmmc20,SI.L1-3.14.4,cmmc20 SI.L1-3.14.4,CMMC 2.0 L1 Level 1 Basic Safeguarding of FCI,framework_catalog_only,none,no_mapping_or_evidence,0,0,0,0,0,"Decide whether this control is in scope, then add findings, evidence, or an exclusion."
cmmc20,SI.L1-3.14.5,cmmc20 SI.L1-3.14.5,CMMC 2.0 L1 Level 1 Basic Safeguarding of FCI,framework_catalog_only,none,no_mapping_or_evidence,0,0,0,0,0,"Decide whether this control is in scope, then add findings, evidence, or an exclusion."
cmmc20,SI.L2,cmmc20 SI.L2,CMMC 2.0 L2 Level 2 Broad Protection of CUI,framework_catalog_only,none,no_mapping_or_evidence,0,0,0,0,0,"Decide whether this control is in scope, then add findings, evidence, or an exclusion."
cmmc20,SI.L2-3.14.7,cmmc20 SI.L2-3.14.7,CMMC 2.0 L2 Level 2 Broad Protection of CUI,framework_catalog_only,none,no_mapping_or_evidence,0,0,0,0,0,"Decide whether this control is in scope, then add findings, evidence, or an exclusion."
cmmc20,SI.L3,cmmc20 SI.L3,CMMC 2.0 L3 Level 3 Higher-Level Protection of CUI,framework_catalog_only,none,no_mapping_or_evidence,0,0,0,0,0,"Decide whether this control is in scope, then add findings, evidence, or an exclusion."
cmmc20,SR.L3,cmmc20 SR.L3,CMMC 2.0 L3 Level 3 Higher-Level Protection of CUI,framework_catalog_only,none,no_mapping_or_evidence,0,0,0,0,0,"Decide whether this control is in scope, then add findings, evidence, or an exclusion."
dora,ARTICLE10,dora ARTICLE10,DORA GOV Governance and ICT Risk Management,framework_catalog_only,none,no_mapping_or_evidence,0,0,0,0,0,"Decide whether this control is in scope, then add findings, evidence, or an exclusion."
dora,ARTICLE11,dora ARTICLE11,DORA GOV Governance and ICT Risk Management,framework_catalog_only,none,no_mapping_or_evidence,0,0,0,0,0,"Decide whether this control is in scope, then add findings, evidence, or an exclusion."
dora,ARTICLE12,dora ARTICLE12,DORA GOV Governance and ICT Risk Management,framework_catalog_only,none,no_mapping_or_evidence,0,0,0,0,0,"Decide whether this control is in scope, then add findings, evidence, or an exclusion."
dora,ARTICLE13,dora ARTICLE13,DORA GOV Governance and ICT Risk Management,framework_catalog_only,none,no_mapping_or_evidence,0,0,0,0,0,"Decide whether this control is in scope, then add findings, evidence, or an exclusion."
dora,ARTICLE17,dora ARTICLE17,DORA INCIDENT ICT-Related Incident Management and Reporting,framework_catalog_only,none,no_mapping_or_evidence,0,0,0,0,0,"Decide whether this control is in scope, then add findings, evidence, or an exclusion."
dora,ARTICLE18,dora ARTICLE18,DORA INCIDENT ICT-Related Incident Management and Reporting,framework_catalog_only,none,no_mapping_or_evidence,0,0,0,0,0,"Decide whether this control is in scope, then add findings, evidence, or an exclusion."
dora,ARTICLE19,dora ARTICLE19,DORA INCIDENT ICT-Related Incident Management and Reporting,framework_catalog_only,none,no_mapping_or_evidence,0,0,0,0,0,"Decide whether this control is in scope, then add findings, evidence, or an exclusion."
dora,ARTICLE24,dora ARTICLE24,DORA TEST Digital Operational Resilience Testing,framework_catalog_only,none,no_mapping_or_evidence,0,0,0,0,0,"Decide whether this control is in scope, then add findings, evidence, or an exclusion."
dora,ARTICLE25,dora ARTICLE25,DORA TEST Digital Operational Resilience Testing,framework_catalog_only,none,no_mapping_or_evidence,0,0,0,0,0,"Decide whether this control is in scope, then add findings, evidence, or an exclusion."
dora,ARTICLE26,dora ARTICLE26,DORA TEST Digital Operational Resilience Testing,framework_catalog_only,none,no_mapping_or_evidence,0,0,0,0,0,"Decide whether this control is in scope, then add findings, evidence, or an exclusion."
dora,ARTICLE28,dora ARTICLE28,DORA TPRM ICT Third-Party Risk,framework_catalog_only,none,no_mapping_or_evidence,0,0,0,0,0,"Decide whether this control is in scope, then add findings, evidence, or an exclusion."
dora,ARTICLE30,dora ARTICLE30,DORA TPRM ICT Third-Party Risk,framework_catalog_only,none,no_mapping_or_evidence,0,0,0,0,0,"Decide whether this control is in scope, then add findings, evidence, or an exclusion."
dora,ARTICLE31,dora ARTICLE31,DORA TPRM ICT Third-Party Risk,framework_catalog_only,none,no_mapping_or_evidence,0,0,0,0,0,"Decide whether this control is in scope, then add findings, evidence, or an exclusion."
dora,ARTICLE45,dora ARTICLE45,DORA SHARE Information Sharing,framework_catalog_only,none,no_mapping_or_evidence,0,0,0,0,0,"Decide whether this control is in scope, then add findings, evidence, or an exclusion."
dora,ARTICLE5,dora ARTICLE5,DORA GOV Governance and ICT Risk Management,framework_catalog_only,none,no_mapping_or_evidence,0,0,0,0,0,"Decide whether this control is in scope, then add findings, evidence, or an exclusion."
dora,ARTICLE6,dora ARTICLE6,DORA GOV Governance and ICT Risk Management,framework_catalog_only,none,no_mapping_or_evidence,0,0,0,0,0,"Decide whether this control is in scope, then add findings, evidence, or an exclusion."
dora,ARTICLE8,dora ARTICLE8,DORA GOV Governance and ICT Risk Management,framework_catalog_only,none,no_mapping_or_evidence,0,0,0,0,0,"Decide whether this control is in scope, then add findings, evidence, or an exclusion."
dora,ARTICLE9,dora ARTICLE9,DORA GOV Governance and ICT Risk Management,framework_catalog_only,none,no_mapping_or_evidence,0,0,0,0,0,"Decide whether this control is in scope, then add findings, evidence, or an exclusion."
dora,CDR-2024-1773-ART.10,dora CDR-2024-1773-ART.10,DORA TPRM-RTS ICT Third-Party Contract RTS,framework_catalog_only,none,no_mapping_or_evidence,0,0,0,0,0,"Decide whether this control is in scope, then add findings, evidence, or an exclusion."
dora,CDR-2024-1773-ART.4,dora CDR-2024-1773-ART.4,DORA TPRM-RTS ICT Third-Party Contract RTS,framework_catalog_only,none,no_mapping_or_evidence,0,0,0,0,0,"Decide whether this control is in scope, then add findings, evidence, or an exclusion."
dora,CDR-2024-1773-ART.5,dora CDR-2024-1773-ART.5,DORA TPRM-RTS ICT Third-Party Contract RTS,framework_catalog_only,none,no_mapping_or_evidence,0,0,0,0,0,"Decide whether this control is in scope, then add findings, evidence, or an exclusion."
dora,CDR-2024-1773-ART.6,dora CDR-2024-1773-ART.6,DORA TPRM-RTS ICT Third-Party Contract RTS,framework_catalog_only,none,no_mapping_or_evidence,0,0,0,0,0,"Decide whether this control is in scope, then add findings, evidence, or an exclusion."
dora,CDR-2024-1773-ART.8,dora CDR-2024-1773-ART.8,DORA TPRM-RTS ICT Third-Party Contract RTS,framework_catalog_only,none,no_mapping_or_evidence,0,0,0,0,0,"Decide whether this control is in scope, then add findings, evidence, or an exclusion."
dora,CDR-2024-1774-ART.10,dora CDR-2024-1774-ART.10,DORA RTS-ICT-RM ICT Risk Management RTS,framework_catalog_only,none,no_mapping_or_evidence,0,0,0,0,0,"Decide whether this control is in scope, then add findings, evidence, or an exclusion."
dora,CDR-2024-1774-ART.12,dora CDR-2024-1774-ART.12,DORA RTS-ICT-RM ICT Risk Management RTS,framework_catalog_only,none,no_mapping_or_evidence,0,0,0,0,0,"Decide whether this control is in scope, then add findings, evidence, or an exclusion."
dora,CDR-2024-1774-ART.13,dora CDR-2024-1774-ART.13,DORA RTS-ICT-RM ICT Risk Management RTS,framework_catalog_only,none,no_mapping_or_evidence,0,0,0,0,0,"Decide whether this control is in scope, then add findings, evidence, or an exclusion."
dora,CDR-2024-1774-ART.24,dora CDR-2024-1774-ART.24,DORA RTS-ICT-RM ICT Risk Management RTS,framework_catalog_only,none,no_mapping_or_evidence,0,0,0,0,0,"Decide whether this control is in scope, then add findings, evidence, or an exclusion."
dora,CDR-2024-1774-ART.4,dora CDR-2024-1774-ART.4,DORA RTS-ICT-RM ICT Risk Management RTS,framework_catalog_only,none,no_mapping_or_evidence,0,0,0,0,0,"Decide whether this control is in scope, then add findings, evidence, or an exclusion."
dora,CDR-2024-1774-ART.6,dora CDR-2024-1774-ART.6,DORA RTS-ICT-RM ICT Risk Management RTS,framework_catalog_only,none,no_mapping_or_evidence,0,0,0,0,0,"Decide whether this control is in scope, then add findings, evidence, or an exclusion."
euaiact,ARTICLE13,euaiact ARTICLE13,EU AI Act Art. Articles,direct_control_only,direct,missing_source_backing,31,0,0,0,0,Add source capability or evidence requirements for mapped findings.
euaiact,ARTICLE14,euaiact ARTICLE14,EU AI Act Art. Articles,direct_control_only,direct,missing_source_backing,31,0,0,0,0,Add source capability or evidence requirements for mapped findings.
fedramprev5,AC-1,fedramprev5 AC-1,FedRAMP Rev. 5 AC Access Control,framework_catalog_only,none,no_mapping_or_evidence,0,0,0,0,0,"Decide whether this control is in scope, then add findings, evidence, or an exclusion."
fedramprev5,AC-11,fedramprev5 AC-11,FedRAMP Rev. 5 AC Access Control,framework_catalog_only,none,no_mapping_or_evidence,0,0,0,0,0,"Decide whether this control is in scope, then add findings, evidence, or an exclusion."
fedramprev5,AC-17,fedramprev5 AC-17,FedRAMP Rev. 5 AC Access Control,framework_catalog_only,none,no_mapping_or_evidence,0,0,0,0,0,"Decide whether this control is in scope, then add findings, evidence, or an exclusion."
fedramprev5,AC-2,fedramprev5 AC-2,FedRAMP Rev. 5 AC Access Control,framework_catalog_only,none,no_mapping_or_evidence,0,0,0,0,0,"Decide whether this control is in scope, then add findings, evidence, or an exclusion."
fedramprev5,AC-3,fedramprev5 AC-3,FedRAMP Rev. 5 AC Access Control,framework_catalog_only,none,no_mapping_or_evidence,0,0,0,0,0,"Decide whether this control is in scope, then add findings, evidence, or an exclusion."
fedramprev5,AC-4,fedramprev5 AC-4,FedRAMP Rev. 5 AC Access Control,framework_catalog_only,none,no_mapping_or_evidence,0,0,0,0,0,"Decide whether this control is in scope, then add findings, evidence, or an exclusion."
fedramprev5,AC-6,fedramprev5 AC-6,FedRAMP Rev. 5 AC Access Control,framework_catalog_only,none,no_mapping_or_evidence,0,0,0,0,0,"Decide whether this control is in scope, then add findings, evidence, or an exclusion."
fedramprev5,AU-12,fedramprev5 AU-12,FedRAMP Rev. 5 AU Audit and Accountability,framework_catalog_only,none,no_mapping_or_evidence,0,0,0,0,0,"Decide whether this control is in scope, then add findings, evidence, or an exclusion."
fedramprev5,AU-2,fedramprev5 AU-2,FedRAMP Rev. 5 AU Audit and Accountability,framework_catalog_only,none,no_mapping_or_evidence,0,0,0,0,0,"Decide whether this control is in scope, then add findings, evidence, or an exclusion."
fedramprev5,AU-3,fedramprev5 AU-3,FedRAMP Rev. 5 AU Audit and Accountability,framework_catalog_only,none,no_mapping_or_evidence,0,0,0,0,0,"Decide whether this control is in scope, then add findings, evidence, or an exclusion."
fedramprev5,AU-9,fedramprev5 AU-9,FedRAMP Rev. 5 AU Audit and Accountability,framework_catalog_only,none,no_mapping_or_evidence,0,0,0,0,0,"Decide whether this control is in scope, then add findings, evidence, or an exclusion."
fedramprev5,CA-7,fedramprev5 CA-7,"FedRAMP Rev. 5 CA Assessment, Authorization, and Monitoring",framework_catalog_only,none,no_mapping_or_evidence,0,0,0,0,0,"Decide whether this control is in scope, then add findings, evidence, or an exclusion."
fedramprev5,CM-3,fedramprev5 CM-3,FedRAMP Rev. 5 CM Configuration Management,framework_catalog_only,none,no_mapping_or_evidence,0,0,0,0,0,"Decide whether this control is in scope, then add findings, evidence, or an exclusion."
fedramprev5,CM-5,fedramprev5 CM-5,FedRAMP Rev. 5 CM Configuration Management,framework_catalog_only,none,no_mapping_or_evidence,0,0,0,0,0,"Decide whether this control is in scope, then add findings, evidence, or an exclusion."
fedramprev5,CM-7,fedramprev5 CM-7,FedRAMP Rev. 5 CM Configuration Management,framework_catalog_only,none,no_mapping_or_evidence,0,0,0,0,0,"Decide whether this control is in scope, then add findings, evidence, or an exclusion."
fedramprev5,CM-8,fedramprev5 CM-8,FedRAMP Rev. 5 CM Configuration Management,framework_catalog_only,none,no_mapping_or_evidence,0,0,0,0,0,"Decide whether this control is in scope, then add findings, evidence, or an exclusion."
fedramprev5,CP-10,fedramprev5 CP-10,FedRAMP Rev. 5 CP Contingency Planning,framework_catalog_only,none,no_mapping_or_evidence,0,0,0,0,0,"Decide whether this control is in scope, then add findings, evidence, or an exclusion."
fedramprev5,CP-2,fedramprev5 CP-2,FedRAMP Rev. 5 CP Contingency Planning,framework_catalog_only,none,no_mapping_or_evidence,0,0,0,0,0,"Decide whether this control is in scope, then add findings, evidence, or an exclusion."
fedramprev5,CP-4,fedramprev5 CP-4,FedRAMP Rev. 5 CP Contingency Planning,framework_catalog_only,none,no_mapping_or_evidence,0,0,0,0,0,"Decide whether this control is in scope, then add findings, evidence, or an exclusion."
fedramprev5,CP-9,fedramprev5 CP-9,FedRAMP Rev. 5 CP Contingency Planning,framework_catalog_only,none,no_mapping_or_evidence,0,0,0,0,0,"Decide whether this control is in scope, then add findings, evidence, or an exclusion."
fedramprev5,IA-2,fedramprev5 IA-2,FedRAMP Rev. 5 IA Identification and Authentication,framework_catalog_only,none,no_mapping_or_evidence,0,0,0,0,0,"Decide whether this control is in scope, then add findings, evidence, or an exclusion."
fedramprev5,IA-5,fedramprev5 IA-5,FedRAMP Rev. 5 IA Identification and Authentication,framework_catalog_only,none,no_mapping_or_evidence,0,0,0,0,0,"Decide whether this control is in scope, then add findings, evidence, or an exclusion."
fedramprev5,IR-1,fedramprev5 IR-1,FedRAMP Rev. 5 IR Incident Response,framework_catalog_only,none,no_mapping_or_evidence,0,0,0,0,0,"Decide whether this control is in scope, then add findings, evidence, or an exclusion."
fedramprev5,IR-4,fedramprev5 IR-4,FedRAMP Rev. 5 IR Incident Response,framework_catalog_only,none,no_mapping_or_evidence,0,0,0,0,0,"Decide whether this control is in scope, then add findings, evidence, or an exclusion."
fedramprev5,IR-5,fedramprev5 IR-5,FedRAMP Rev. 5 IR Incident Response,framework_catalog_only,none,no_mapping_or_evidence,0,0,0,0,0,"Decide whether this control is in scope, then add findings, evidence, or an exclusion."
fedramprev5,IR-8,fedramprev5 IR-8,FedRAMP Rev. 5 IR Incident Response,framework_catalog_only,none,no_mapping_or_evidence,0,0,0,0,0,"Decide whether this control is in scope, then add findings, evidence, or an exclusion."
fedramprev5,MP-4,fedramprev5 MP-4,FedRAMP Rev. 5 MP Media Protection,framework_catalog_only,none,no_mapping_or_evidence,0,0,0,0,0,"Decide whether this control is in scope, then add findings, evidence, or an exclusion."
fedramprev5,PS-4,fedramprev5 PS-4,FedRAMP Rev. 5 PS Personnel Security,framework_catalog_only,none,no_mapping_or_evidence,0,0,0,0,0,"Decide whether this control is in scope, then add findings, evidence, or an exclusion."
fedramprev5,RA-2,fedramprev5 RA-2,FedRAMP Rev. 5 RA Risk Assessment,framework_catalog_only,none,no_mapping_or_evidence,0,0,0,0,0,"Decide whether this control is in scope, then add findings, evidence, or an exclusion."
fedramprev5,RA-3,fedramprev5 RA-3,FedRAMP Rev. 5 RA Risk Assessment,framework_catalog_only,none,no_mapping_or_evidence,0,0,0,0,0,"Decide whether this control is in scope, then add findings, evidence, or an exclusion."
fedramprev5,RA-5,fedramprev5 RA-5,FedRAMP Rev. 5 RA Risk Assessment,framework_catalog_only,none,no_mapping_or_evidence,0,0,0,0,0,"Decide whether this control is in scope, then add findings, evidence, or an exclusion."
fedramprev5,SA-9,fedramprev5 SA-9,FedRAMP Rev. 5 SA System and Services Acquisition,framework_catalog_only,none,no_mapping_or_evidence,0,0,0,0,0,"Decide whether this control is in scope, then add findings, evidence, or an exclusion."
fedramprev5,SC-12,fedramprev5 SC-12,FedRAMP Rev. 5 SC System and Communications Protection,framework_catalog_only,none,no_mapping_or_evidence,0,0,0,0,0,"Decide whether this control is in scope, then add findings, evidence, or an exclusion."
fedramprev5,SC-13,fedramprev5 SC-13,FedRAMP Rev. 5 SC System and Communications Protection,framework_catalog_only,none,no_mapping_or_evidence,0,0,0,0,0,"Decide whether this control is in scope, then add findings, evidence, or an exclusion."
fedramprev5,SC-17,fedramprev5 SC-17,FedRAMP Rev. 5 SC System and Communications Protection,framework_catalog_only,none,no_mapping_or_evidence,0,0,0,0,0,"Decide whether this control is in scope, then add findings, evidence, or an exclusion."
fedramprev5,SC-20,fedramprev5 SC-20,FedRAMP Rev. 5 SC System and Communications Protection,framework_catalog_only,none,no_mapping_or_evidence,0,0,0,0,0,"Decide whether this control is in scope, then add findings, evidence, or an exclusion."
fedramprev5,SC-21,fedramprev5 SC-21,FedRAMP Rev. 5 SC System and Communications Protection,framework_catalog_only,none,no_mapping_or_evidence,0,0,0,0,0,"Decide whether this control is in scope, then add findings, evidence, or an exclusion."
fedramprev5,SC-23,fedramprev5 SC-23,FedRAMP Rev. 5 SC System and Communications Protection,framework_catalog_only,none,no_mapping_or_evidence,0,0,0,0,0,"Decide whether this control is in scope, then add findings, evidence, or an exclusion."
fedramprev5,SC-28,fedramprev5 SC-28,FedRAMP Rev. 5 SC System and Communications Protection,framework_catalog_only,none,no_mapping_or_evidence,0,0,0,0,0,"Decide whether this control is in scope, then add findings, evidence, or an exclusion."
fedramprev5,SC-7,fedramprev5 SC-7,FedRAMP Rev. 5 SC System and Communications Protection,framework_catalog_only,none,no_mapping_or_evidence,0,0,0,0,0,"Decide whether this control is in scope, then add findings, evidence, or an exclusion."
fedramprev5,SC-8,fedramprev5 SC-8,FedRAMP Rev. 5 SC System and Communications Protection,framework_catalog_only,none,no_mapping_or_evidence,0,0,0,0,0,"Decide whether this control is in scope, then add findings, evidence, or an exclusion."
fedramprev5,SI-2,fedramprev5 SI-2,FedRAMP Rev. 5 SI System and Information Integrity,framework_catalog_only,none,no_mapping_or_evidence,0,0,0,0,0,"Decide whether this control is in scope, then add findings, evidence, or an exclusion."
fedramprev5,SI-3,fedramprev5 SI-3,FedRAMP Rev. 5 SI System and Information Integrity,framework_catalog_only,none,no_mapping_or_evidence,0,0,0,0,0,"Decide whether this control is in scope, then add findings, evidence, or an exclusion."
fedramprev5,SI-4,fedramprev5 SI-4,FedRAMP Rev. 5 SI System and Information Integrity,framework_catalog_only,none,no_mapping_or_evidence,0,0,0,0,0,"Decide whether this control is in scope, then add findings, evidence, or an exclusion."
fedramprev5,SI-7,fedramprev5 SI-7,FedRAMP Rev. 5 SI System and Information Integrity,framework_catalog_only,none,no_mapping_or_evidence,0,0,0,0,0,"Decide whether this control is in scope, then add findings, evidence, or an exclusion."
fedramprev5,SI-8,fedramprev5 SI-8,FedRAMP Rev. 5 SI System and Information Integrity,framework_catalog_only,none,no_mapping_or_evidence,0,0,0,0,0,"Decide whether this control is in scope, then add findings, evidence, or an exclusion."
fedramprev5,SR-11,fedramprev5 SR-11,FedRAMP Rev. 5 SR Supply Chain Risk Management,framework_catalog_only,none,no_mapping_or_evidence,0,0,0,0,0,"Decide whether this control is in scope, then add findings, evidence, or an exclusion."
fedramprev5,SR-6,fedramprev5 SR-6,FedRAMP Rev. 5 SR Supply Chain Risk Management,framework_catalog_only,none,no_mapping_or_evidence,0,0,0,0,0,"Decide whether this control is in scope, then add findings, evidence, or an exclusion."
gdpr,ARTICLE12,gdpr ARTICLE12,GDPR Article Articles,framework_catalog_only,none,no_mapping_or_evidence,0,0,0,0,0,"Decide whether this control is in scope, then add findings, evidence, or an exclusion."
gdpr,ARTICLE13,gdpr ARTICLE13,GDPR Article Articles,framework_catalog_only,none,no_mapping_or_evidence,0,0,0,0,0,"Decide whether this control is in scope, then add findings, evidence, or an exclusion."
gdpr,ARTICLE14,gdpr ARTICLE14,GDPR Article Articles,framework_catalog_only,none,no_mapping_or_evidence,0,0,0,0,0,"Decide whether this control is in scope, then add findings, evidence, or an exclusion."
gdpr,ARTICLE15,gdpr ARTICLE15,GDPR Article Articles,framework_catalog_only,none,no_mapping_or_evidence,0,0,0,0,0,"Decide whether this control is in scope, then add findings, evidence, or an exclusion."
gdpr,ARTICLE16,gdpr ARTICLE16,GDPR Article Articles,framework_catalog_only,none,no_mapping_or_evidence,0,0,0,0,0,"Decide whether this control is in scope, then add findings, evidence, or an exclusion."
gdpr,ARTICLE17,gdpr ARTICLE17,GDPR Article Articles,framework_catalog_only,none,no_mapping_or_evidence,0,0,0,0,0,"Decide whether this control is in scope, then add findings, evidence, or an exclusion."
gdpr,ARTICLE18,gdpr ARTICLE18,GDPR Article Articles,framework_catalog_only,none,no_mapping_or_evidence,0,0,0,0,0,"Decide whether this control is in scope, then add findings, evidence, or an exclusion."
gdpr,ARTICLE19,gdpr ARTICLE19,GDPR Article Articles,framework_catalog_only,none,no_mapping_or_evidence,0,0,0,0,0,"Decide whether this control is in scope, then add findings, evidence, or an exclusion."
gdpr,ARTICLE20,gdpr ARTICLE20,GDPR Article Articles,framework_catalog_only,none,no_mapping_or_evidence,0,0,0,0,0,"Decide whether this control is in scope, then add findings, evidence, or an exclusion."
gdpr,ARTICLE21,gdpr ARTICLE21,GDPR Article Articles,framework_catalog_only,none,no_mapping_or_evidence,0,0,0,0,0,"Decide whether this control is in scope, then add findings, evidence, or an exclusion."
gdpr,ARTICLE22,gdpr ARTICLE22,GDPR Article Articles,framework_catalog_only,none,no_mapping_or_evidence,0,0,0,0,0,"Decide whether this control is in scope, then add findings, evidence, or an exclusion."
gdpr,ARTICLE23,gdpr ARTICLE23,GDPR Article Articles,framework_catalog_only,none,no_mapping_or_evidence,0,0,0,0,0,"Decide whether this control is in scope, then add findings, evidence, or an exclusion."
gdpr,ARTICLE24,gdpr ARTICLE24,GDPR Article Articles,direct_control_only,direct,missing_source_backing,2,0,0,0,2,Add source capability or evidence requirements for mapped findings.
gdpr,ARTICLE25,gdpr ARTICLE25,GDPR Article Articles,direct_control_only,direct,missing_source_backing,1,0,0,0,0,Add source capability or evidence requirements for mapped findings.
gdpr,ARTICLE27,gdpr ARTICLE27,GDPR Article Articles,framework_catalog_only,none,no_mapping_or_evidence,0,0,0,0,0,"Decide whether this control is in scope, then add findings, evidence, or an exclusion."
gdpr,ARTICLE28,gdpr ARTICLE28,GDPR Article Articles,direct_control_only,direct,missing_source_backing,1,0,0,0,1,Add source capability or evidence requirements for mapped findings.
gdpr,ARTICLE30,gdpr ARTICLE30,GDPR Article Articles,direct_control_only,direct,missing_source_backing,5,0,0,0,1,Add source capability or evidence requirements for mapped findings.
gdpr,ARTICLE32,gdpr ARTICLE32,GDPR Article Articles,direct_control_only,direct,missing_source_backing,3,0,0,0,3,Add source capability or evidence requirements for mapped findings.
gdpr,ARTICLE33,gdpr ARTICLE33,GDPR Article Articles,direct_control_only,direct,missing_source_backing,1,0,0,0,2,Add source capability or evidence requirements for mapped findings.
gdpr,ARTICLE34,gdpr ARTICLE34,GDPR Article Articles,direct_control_only,direct,missing_source_backing,1,0,0,0,2,Add source capability or evidence requirements for mapped findings.
gdpr,ARTICLE35,gdpr ARTICLE35,GDPR Article Articles,framework_catalog_only,none,no_mapping_or_evidence,0,0,0,0,0,"Decide whether this control is in scope, then add findings, evidence, or an exclusion."
gdpr,ARTICLE37,gdpr ARTICLE37,GDPR Article Articles,framework_catalog_only,none,no_mapping_or_evidence,0,0,0,0,0,"Decide whether this control is in scope, then add findings, evidence, or an exclusion."
gdpr,ARTICLE38,gdpr ARTICLE38,GDPR Article Articles,framework_catalog_only,none,no_mapping_or_evidence,0,0,0,0,0,"Decide whether this control is in scope, then add findings, evidence, or an exclusion."
gdpr,ARTICLE39,gdpr ARTICLE39,GDPR Article Articles,framework_catalog_only,none,no_mapping_or_evidence,0,0,0,0,0,"Decide whether this control is in scope, then add findings, evidence, or an exclusion."
gdpr,ARTICLE44,gdpr ARTICLE44,GDPR Article Articles,framework_catalog_only,none,no_mapping_or_evidence,0,0,0,0,0,"Decide whether this control is in scope, then add findings, evidence, or an exclusion."
gdpr,ARTICLE45,gdpr ARTICLE45,GDPR Article Articles,framework_catalog_only,none,no_mapping_or_evidence,0,0,0,0,0,"Decide whether this control is in scope, then add findings, evidence, or an exclusion."
gdpr,ARTICLE46,gdpr ARTICLE46,GDPR Article Articles,framework_catalog_only,none,no_mapping_or_evidence,0,0,0,0,0,"Decide whether this control is in scope, then add findings, evidence, or an exclusion."
gdpr,ARTICLE48,gdpr ARTICLE48,GDPR Article Articles,framework_catalog_only,none,no_mapping_or_evidence,0,0,0,0,0,"Decide whether this control is in scope, then add findings, evidence, or an exclusion."
gdpr,ARTICLE5,gdpr ARTICLE5,GDPR Article Articles,direct_control_only,direct,missing_source_backing,6,0,0,0,2,Add source capability or evidence requirements for mapped findings.
gdpr,ARTICLE51,gdpr ARTICLE51,GDPR Article Articles,framework_catalog_only,none,no_mapping_or_evidence,0,0,0,0,0,"Decide whether this control is in scope, then add findings, evidence, or an exclusion."
gdpr,ARTICLE6,gdpr ARTICLE6,GDPR Article Articles,direct_control_only,direct,missing_source_backing,1,0,0,0,0,Add source capability or evidence requirements for mapped findings.
gdpr,ARTICLE7,gdpr ARTICLE7,GDPR Article Articles,framework_catalog_only,none,no_mapping_or_evidence,0,0,0,0,0,"Decide whether this control is in scope, then add findings, evidence, or an exclusion."
hipaa,164.308(A)(1)(I),hipaa 164.308(A)(1)(I),HIPAA 164.308 Administrative Safeguards,framework_catalog_only,none,no_mapping_or_evidence,0,0,0,0,0,"Decide whether this control is in scope, then add findings, evidence, or an exclusion."
hipaa,164.308(A)(1)(II)(A),hipaa 164.308(A)(1)(II)(A),HIPAA 164.308 Administrative Safeguards,direct_control_only,direct,missing_source_backing,1,0,0,0,1,Add source capability or evidence requirements for mapped findings.
hipaa,164.308(A)(1)(II)(B),hipaa 164.308(A)(1)(II)(B),HIPAA 164.308 Administrative Safeguards,framework_catalog_only,none,no_mapping_or_evidence,0,0,0,0,0,"Decide whether this control is in scope, then add findings, evidence, or an exclusion."
hipaa,164.308(A)(1)(II)(C),hipaa 164.308(A)(1)(II)(C),HIPAA 164.308 Administrative Safeguards,framework_catalog_only,none,no_mapping_or_evidence,0,0,0,0,0,"Decide whether this control is in scope, then add findings, evidence, or an exclusion."
hipaa,164.308(A)(1)(II)(D),hipaa 164.308(A)(1)(II)(D),HIPAA 164.308 Administrative Safeguards,framework_catalog_only,none,no_mapping_or_evidence,0,0,0,0,0,"Decide whether this control is in scope, then add findings, evidence, or an exclusion."
hipaa,164.308(A)(2),hipaa 164.308(A)(2),HIPAA 164.308 Administrative Safeguards,framework_catalog_only,none,no_mapping_or_evidence,0,0,0,0,0,"Decide whether this control is in scope, then add findings, evidence, or an exclusion."
hipaa,164.308(A)(3)(I),hipaa 164.308(A)(3)(I),HIPAA 164.308 Administrative Safeguards,framework_catalog_only,none,no_mapping_or_evidence,0,0,0,0,0,"Decide whether this control is in scope, then add findings, evidence, or an exclusion."
hipaa,164.308(A)(3)(II)(A),hipaa 164.308(A)(3)(II)(A),HIPAA 164.308 Administrative Safeguards,framework_catalog_only,none,no_mapping_or_evidence,0,0,0,0,0,"Decide whether this control is in scope, then add findings, evidence, or an exclusion."
hipaa,164.308(A)(3)(II)(B),hipaa 164.308(A)(3)(II)(B),HIPAA 164.308 Administrative Safeguards,framework_catalog_only,none,no_mapping_or_evidence,0,0,0,0,0,"Decide whether this control is in scope, then add findings, evidence, or an exclusion."
hipaa,164.308(A)(3)(II)(C),hipaa 164.308(A)(3)(II)(C),HIPAA 164.308 Administrative Safeguards,direct_control_only,direct,missing_source_backing,1,0,0,0,1,Add source capability or evidence requirements for mapped findings.
hipaa,164.308(A)(4)(I),hipaa 164.308(A)(4)(I),HIPAA 164.308 Administrative Safeguards,framework_catalog_only,none,no_mapping_or_evidence,0,0,0,0,0,"Decide whether this control is in scope, then add findings, evidence, or an exclusion."
hipaa,164.308(A)(4)(II)(A),hipaa 164.308(A)(4)(II)(A),HIPAA 164.308 Administrative Safeguards,framework_catalog_only,none,no_mapping_or_evidence,0,0,0,0,0,"Decide whether this control is in scope, then add findings, evidence, or an exclusion."
hipaa,164.308(A)(4)(II)(B),hipaa 164.308(A)(4)(II)(B),HIPAA 164.308 Administrative Safeguards,framework_catalog_only,none,no_mapping_or_evidence,0,0,0,0,0,"Decide whether this control is in scope, then add findings, evidence, or an exclusion."
hipaa,164.308(A)(4)(II)(C),hipaa 164.308(A)(4)(II)(C),HIPAA 164.308 Administrative Safeguards,framework_catalog_only,none,no_mapping_or_evidence,0,0,0,0,0,"Decide whether this control is in scope, then add findings, evidence, or an exclusion."
hipaa,164.308(A)(5)(I),hipaa 164.308(A)(5)(I),HIPAA 164.308 Administrative Safeguards,framework_catalog_only,none,no_mapping_or_evidence,0,0,0,0,0,"Decide whether this control is in scope, then add findings, evidence, or an exclusion."
hipaa,164.308(A)(5)(II)(A),hipaa 164.308(A)(5)(II)(A),HIPAA 164.308 Administrative Safeguards,framework_catalog_only,none,no_mapping_or_evidence,0,0,0,0,0,"Decide whether this control is in scope, then add findings, evidence, or an exclusion."
hipaa,164.308(A)(5)(II)(B),hipaa 164.308(A)(5)(II)(B),HIPAA 164.308 Administrative Safeguards,direct_control_only,direct,missing_source_backing,2,0,0,0,1,Add source capability or evidence requirements for mapped findings.
hipaa,164.308(A)(5)(II)(C),hipaa 164.308(A)(5)(II)(C),HIPAA 164.308 Administrative Safeguards,framework_catalog_only,none,no_mapping_or_evidence,0,0,0,0,0,"Decide whether this control is in scope, then add findings, evidence, or an exclusion."
hipaa,164.308(A)(5)(II)(D),hipaa 164.308(A)(5)(II)(D),HIPAA 164.308 Administrative Safeguards,framework_catalog_only,none,no_mapping_or_evidence,0,0,0,0,0,"Decide whether this control is in scope, then add findings, evidence, or an exclusion."
hipaa,164.308(A)(6),hipaa 164.308(A)(6),HIPAA 164.308 Administrative Safeguards,direct_control_only,direct,missing_source_backing,1,0,0,0,2,Add source capability or evidence requirements for mapped findings.
hipaa,164.308(A)(6)(I),hipaa 164.308(A)(6)(I),HIPAA 164.308 Administrative Safeguards,framework_catalog_only,none,no_mapping_or_evidence,0,0,0,0,0,"Decide whether this control is in scope, then add findings, evidence, or an exclusion."
hipaa,164.308(A)(6)(II),hipaa 164.308(A)(6)(II),HIPAA 164.308 Administrative Safeguards,framework_catalog_only,none,no_mapping_or_evidence,0,0,0,0,0,"Decide whether this control is in scope, then add findings, evidence, or an exclusion."
hipaa,164.308(A)(7),hipaa 164.308(A)(7),HIPAA 164.308 Administrative Safeguards,direct_control_only,direct,missing_source_backing,1,0,0,0,1,Add source capability or evidence requirements for mapped findings.
hipaa,164.308(A)(7)(I),hipaa 164.308(A)(7)(I),HIPAA 164.308 Administrative Safeguards,framework_catalog_only,none,no_mapping_or_evidence,0,0,0,0,0,"Decide whether this control is in scope, then add findings, evidence, or an exclusion."
hipaa,164.308(A)(7)(II)(A),hipaa 164.308(A)(7)(II)(A),HIPAA 164.308 Administrative Safeguards,framework_catalog_only,none,no_mapping_or_evidence,0,0,0,0,0,"Decide whether this control is in scope, then add findings, evidence, or an exclusion."
hipaa,164.308(A)(7)(II)(B),hipaa 164.308(A)(7)(II)(B),HIPAA 164.308 Administrative Safeguards,framework_catalog_only,none,no_mapping_or_evidence,0,0,0,0,0,"Decide whether this control is in scope, then add findings, evidence, or an exclusion."
hipaa,164.308(A)(7)(II)(C),hipaa 164.308(A)(7)(II)(C),HIPAA 164.308 Administrative Safeguards,framework_catalog_only,none,no_mapping_or_evidence,0,0,0,0,0,"Decide whether this control is in scope, then add findings, evidence, or an exclusion."
hipaa,164.308(A)(7)(II)(D),hipaa 164.308(A)(7)(II)(D),HIPAA 164.308 Administrative Safeguards,framework_catalog_only,none,no_mapping_or_evidence,0,0,0,0,0,"Decide whether this control is in scope, then add findings, evidence, or an exclusion."
hipaa,164.308(A)(7)(II)(E),hipaa 164.308(A)(7)(II)(E),HIPAA 164.308 Administrative Safeguards,framework_catalog_only,none,no_mapping_or_evidence,0,0,0,0,0,"Decide whether this control is in scope, then add findings, evidence, or an exclusion."
hipaa,164.308(A)(8),hipaa 164.308(A)(8),HIPAA 164.308 Administrative Safeguards,framework_catalog_only,none,no_mapping_or_evidence,0,0,0,0,0,"Decide whether this control is in scope, then add findings, evidence, or an exclusion."
hipaa,164.308(B)(1),hipaa 164.308(B)(1),HIPAA 164.308 Administrative Safeguards,direct_control_only,direct,missing_source_backing,1,0,0,0,1,Add source capability or evidence requirements for mapped findings.
hipaa,164.308(B)(2),hipaa 164.308(B)(2),HIPAA 164.308 Administrative Safeguards,framework_catalog_only,none,no_mapping_or_evidence,0,0,0,0,0,"Decide whether this control is in scope, then add findings, evidence, or an exclusion."
hipaa,164.308(B)(3),hipaa 164.308(B)(3),HIPAA 164.308 Administrative Safeguards,framework_catalog_only,none,no_mapping_or_evidence,0,0,0,0,0,"Decide whether this control is in scope, then add findings, evidence, or an exclusion."
hipaa,164.308(B)(4),hipaa 164.308(B)(4),HIPAA 164.308 Administrative Safeguards,framework_catalog_only,none,no_mapping_or_evidence,0,0,0,0,0,"Decide whether this control is in scope, then add findings, evidence, or an exclusion."
hipaa,164.310(A)(1),hipaa 164.310(A)(1),HIPAA 164.310 Physical Safeguards,framework_catalog_only,none,no_mapping_or_evidence,0,0,0,0,0,"Decide whether this control is in scope, then add findings, evidence, or an exclusion."
hipaa,164.310(A)(2)(I),hipaa 164.310(A)(2)(I),HIPAA 164.310 Physical Safeguards,framework_catalog_only,none,no_mapping_or_evidence,0,0,0,0,0,"Decide whether this control is in scope, then add findings, evidence, or an exclusion."
hipaa,164.310(A)(2)(II),hipaa 164.310(A)(2)(II),HIPAA 164.310 Physical Safeguards,framework_catalog_only,none,no_mapping_or_evidence,0,0,0,0,0,"Decide whether this control is in scope, then add findings, evidence, or an exclusion."
hipaa,164.310(A)(2)(III),hipaa 164.310(A)(2)(III),HIPAA 164.310 Physical Safeguards,framework_catalog_only,none,no_mapping_or_evidence,0,0,0,0,0,"Decide whether this control is in scope, then add findings, evidence, or an exclusion."
hipaa,164.310(A)(2)(IV),hipaa 164.310(A)(2)(IV),HIPAA 164.310 Physical Safeguards,framework_catalog_only,none,no_mapping_or_evidence,0,0,0,0,0,"Decide whether this control is in scope, then add findings, evidence, or an exclusion."
hipaa,164.310(B),hipaa 164.310(B),HIPAA 164.310 Physical Safeguards,framework_catalog_only,none,no_mapping_or_evidence,0,0,0,0,0,"Decide whether this control is in scope, then add findings, evidence, or an exclusion."
hipaa,164.310(C),hipaa 164.310(C),HIPAA 164.310 Physical Safeguards,framework_catalog_only,none,no_mapping_or_evidence,0,0,0,0,0,"Decide whether this control is in scope, then add findings, evidence, or an exclusion."
hipaa,164.310(D)(1),hipaa 164.310(D)(1),HIPAA 164.310 Physical Safeguards,framework_catalog_only,none,no_mapping_or_evidence,0,0,0,0,0,"Decide whether this control is in scope, then add findings, evidence, or an exclusion."
hipaa,164.310(D)(2)(I),hipaa 164.310(D)(2)(I),HIPAA 164.310 Physical Safeguards,framework_catalog_only,none,no_mapping_or_evidence,0,0,0,0,0,"Decide whether this control is in scope, then add findings, evidence, or an exclusion."
hipaa,164.310(D)(2)(II),hipaa 164.310(D)(2)(II),HIPAA 164.310 Physical Safeguards,framework_catalog_only,none,no_mapping_or_evidence,0,0,0,0,0,"Decide whether this control is in scope, then add findings, evidence, or an exclusion."
hipaa,164.310(D)(2)(III),hipaa 164.310(D)(2)(III),HIPAA 164.310 Physical Safeguards,framework_catalog_only,none,no_mapping_or_evidence,0,0,0,0,0,"Decide whether this control is in scope, then add findings, evidence, or an exclusion."
hipaa,164.310(D)(2)(IV),hipaa 164.310(D)(2)(IV),HIPAA 164.310 Physical Safeguards,framework_catalog_only,none,no_mapping_or_evidence,0,0,0,0,0,"Decide whether this control is in scope, then add findings, evidence, or an exclusion."
hipaa,164.312,hipaa 164.312,HIPAA 164.312 Technical Safeguards,direct_control_only,direct,missing_source_backing,13,0,0,0,5,Add source capability or evidence requirements for mapped findings.
hipaa,164.312(A)(1),hipaa 164.312(A)(1),HIPAA 164.312 Technical Safeguards,framework_catalog_only,none,no_mapping_or_evidence,0,0,0,0,0,"Decide whether this control is in scope, then add findings, evidence, or an exclusion."
hipaa,164.312(A)(2)(I),hipaa 164.312(A)(2)(I),HIPAA 164.312 Technical Safeguards,framework_catalog_only,none,no_mapping_or_evidence,0,0,0,0,0,"Decide whether this control is in scope, then add findings, evidence, or an exclusion."
hipaa,164.312(A)(2)(II),hipaa 164.312(A)(2)(II),HIPAA 164.312 Technical Safeguards,direct_control_only,direct,missing_source_backing,1,0,0,0,2,Add source capability or evidence requirements for mapped findings.
hipaa,164.312(A)(2)(III),hipaa 164.312(A)(2)(III),HIPAA 164.312 Technical Safeguards,framework_catalog_only,none,no_mapping_or_evidence,0,0,0,0,0,"Decide whether this control is in scope, then add findings, evidence, or an exclusion."
hipaa,164.312(A)(2)(IV),hipaa 164.312(A)(2)(IV),HIPAA 164.312 Technical Safeguards,direct_control_only,direct,missing_source_backing,4,0,0,0,2,Add source capability or evidence requirements for mapped findings.
hipaa,164.312(B),hipaa 164.312(B),HIPAA 164.312 Technical Safeguards,direct_control_only,direct,missing_source_backing,1,0,0,0,3,Add source capability or evidence requirements for mapped findings.
hipaa,164.312(C)(1),hipaa 164.312(C)(1),HIPAA 164.312 Technical Safeguards,framework_catalog_only,none,no_mapping_or_evidence,0,0,0,0,0,"Decide whether this control is in scope, then add findings, evidence, or an exclusion."
hipaa,164.312(C)(2),hipaa 164.312(C)(2),HIPAA 164.312 Technical Safeguards,framework_catalog_only,none,no_mapping_or_evidence,0,0,0,0,0,"Decide whether this control is in scope, then add findings, evidence, or an exclusion."
hipaa,164.312(D),hipaa 164.312(D),HIPAA 164.312 Technical Safeguards,framework_catalog_only,none,no_mapping_or_evidence,0,0,0,0,0,"Decide whether this control is in scope, then add findings, evidence, or an exclusion."
hipaa,164.312(E)(1),hipaa 164.312(E)(1),HIPAA 164.312 Technical Safeguards,direct_control_only,direct,missing_source_backing,1,0,0,0,2,Add source capability or evidence requirements for mapped findings.
hipaa,164.312(E)(2)(I),hipaa 164.312(E)(2)(I),HIPAA 164.312 Technical Safeguards,framework_catalog_only,none,no_mapping_or_evidence,0,0,0,0,0,"Decide whether this control is in scope, then add findings, evidence, or an exclusion."
hipaa,164.312(E)(2)(II),hipaa 164.312(E)(2)(II),HIPAA 164.312 Technical Safeguards,framework_catalog_only,none,no_mapping_or_evidence,0,0,0,0,0,"Decide whether this control is in scope, then add findings, evidence, or an exclusion."
hipaa,164.314(A)(1),hipaa 164.314(A)(1),HIPAA 164.314 Organizational Requirements,framework_catalog_only,none,no_mapping_or_evidence,0,0,0,0,0,"Decide whether this control is in scope, then add findings, evidence, or an exclusion."
hipaa,164.314(A)(2)(I),hipaa 164.314(A)(2)(I),HIPAA 164.314 Organizational Requirements,framework_catalog_only,none,no_mapping_or_evidence,0,0,0,0,0,"Decide whether this control is in scope, then add findings, evidence, or an exclusion."
hipaa,164.314(A)(2)(II),hipaa 164.314(A)(2)(II),HIPAA 164.314 Organizational Requirements,framework_catalog_only,none,no_mapping_or_evidence,0,0,0,0,0,"Decide whether this control is in scope, then add findings, evidence, or an exclusion."
hipaa,164.314(A)(2)(III),hipaa 164.314(A)(2)(III),HIPAA 164.314 Organizational Requirements,framework_catalog_only,none,no_mapping_or_evidence,0,0,0,0,0,"Decide whether this control is in scope, then add findings, evidence, or an exclusion."
hipaa,164.314(B)(1),hipaa 164.314(B)(1),HIPAA 164.314 Organizational Requirements,framework_catalog_only,none,no_mapping_or_evidence,0,0,0,0,0,"Decide whether this control is in scope, then add findings, evidence, or an exclusion."
hipaa,164.314(B)(2),hipaa 164.314(B)(2),HIPAA 164.314 Organizational Requirements,framework_catalog_only,none,no_mapping_or_evidence,0,0,0,0,0,"Decide whether this control is in scope, then add findings, evidence, or an exclusion."
hipaa,164.314(B)(2)(I),hipaa 164.314(B)(2)(I),HIPAA 164.314 Organizational Requirements,framework_catalog_only,none,no_mapping_or_evidence,0,0,0,0,0,"Decide whether this control is in scope, then add findings, evidence, or an exclusion."
hipaa,164.314(B)(2)(II),hipaa 164.314(B)(2)(II),HIPAA 164.314 Organizational Requirements,framework_catalog_only,none,no_mapping_or_evidence,0,0,0,0,0,"Decide whether this control is in scope, then add findings, evidence, or an exclusion."
hipaa,164.314(B)(2)(III),hipaa 164.314(B)(2)(III),HIPAA 164.314 Organizational Requirements,framework_catalog_only,none,no_mapping_or_evidence,0,0,0,0,0,"Decide whether this control is in scope, then add findings, evidence, or an exclusion."
hipaa,164.314(B)(2)(IV),hipaa 164.314(B)(2)(IV),HIPAA 164.314 Organizational Requirements,framework_catalog_only,none,no_mapping_or_evidence,0,0,0,0,0,"Decide whether this control is in scope, then add findings, evidence, or an exclusion."
hipaa,164.316(A),hipaa 164.316(A),HIPAA 164.316 Policies and Documentation,framework_catalog_only,none,no_mapping_or_evidence,0,0,0,0,0,"Decide whether this control is in scope, then add findings, evidence, or an exclusion."
hipaa,164.316(B)(1)(I),hipaa 164.316(B)(1)(I),HIPAA 164.316 Policies and Documentation,framework_catalog_only,none,no_mapping_or_evidence,0,0,0,0,0,"Decide whether this control is in scope, then add findings, evidence, or an exclusion."
hipaa,164.316(B)(1)(II),hipaa 164.316(B)(1)(II),HIPAA 164.316 Policies and Documentation,framework_catalog_only,none,no_mapping_or_evidence,0,0,0,0,0,"Decide whether this control is in scope, then add findings, evidence, or an exclusion."
hipaa,164.316(B)(2)(I),hipaa 164.316(B)(2)(I),HIPAA 164.316 Policies and Documentation,framework_catalog_only,none,no_mapping_or_evidence,0,0,0,0,0,"Decide whether this control is in scope, then add findings, evidence, or an exclusion."
hipaa,164.316(B)(2)(II),hipaa 164.316(B)(2)(II),HIPAA 164.316 Policies and Documentation,framework_catalog_only,none,no_mapping_or_evidence,0,0,0,0,0,"Decide whether this control is in scope, then add findings, evidence, or an exclusion."
hipaa,164.316(B)(2)(III),hipaa 164.316(B)(2)(III),HIPAA 164.316 Policies and Documentation,framework_catalog_only,none,no_mapping_or_evidence,0,0,0,0,0,"Decide whether this control is in scope, then add findings, evidence, or an exclusion."
hipaa,164.404(2),hipaa 164.404(2),HIPAA 164.4 Breach Notification,framework_catalog_only,none,no_mapping_or_evidence,0,0,0,0,0,"Decide whether this control is in scope, then add findings, evidence, or an exclusion."
hipaa,164.404(A),hipaa 164.404(A),HIPAA 164.4 Breach Notification,framework_catalog_only,none,no_mapping_or_evidence,0,0,0,0,0,"Decide whether this control is in scope, then add findings, evidence, or an exclusion."
hipaa,164.404(B),hipaa 164.404(B),HIPAA 164.4 Breach Notification,framework_catalog_only,none,no_mapping_or_evidence,0,0,0,0,0,"Decide whether this control is in scope, then add findings, evidence, or an exclusion."
hipaa,164.404(C)(1),hipaa 164.404(C)(1),HIPAA 164.4 Breach Notification,framework_catalog_only,none,no_mapping_or_evidence,0,0,0,0,0,"Decide whether this control is in scope, then add findings, evidence, or an exclusion."
hipaa,164.404(C)(2),hipaa 164.404(C)(2),HIPAA 164.4 Breach Notification,framework_catalog_only,none,no_mapping_or_evidence,0,0,0,0,0,"Decide whether this control is in scope, then add findings, evidence, or an exclusion."
hipaa,164.404(D)(1)(I),hipaa 164.404(D)(1)(I),HIPAA 164.4 Breach Notification,framework_catalog_only,none,no_mapping_or_evidence,0,0,0,0,0,"Decide whether this control is in scope, then add findings, evidence, or an exclusion."
hipaa,164.404(D)(1)(II),hipaa 164.404(D)(1)(II),HIPAA 164.4 Breach Notification,framework_catalog_only,none,no_mapping_or_evidence,0,0,0,0,0,"Decide whether this control is in scope, then add findings, evidence, or an exclusion."
hipaa,164.404(D)(2),hipaa 164.404(D)(2),HIPAA 164.4 Breach Notification,framework_catalog_only,none,no_mapping_or_evidence,0,0,0,0,0,"Decide whether this control is in scope, then add findings, evidence, or an exclusion."
hipaa,164.404(D)(2)(I),hipaa 164.404(D)(2)(I),HIPAA 164.4 Breach Notification,framework_catalog_only,none,no_mapping_or_evidence,0,0,0,0,0,"Decide whether this control is in scope, then add findings, evidence, or an exclusion."
hipaa,164.404(D)(2)(II),hipaa 164.404(D)(2)(II),HIPAA 164.4 Breach Notification,framework_catalog_only,none,no_mapping_or_evidence,0,0,0,0,0,"Decide whether this control is in scope, then add findings, evidence, or an exclusion."
hipaa,164.404(D)(3),hipaa 164.404(D)(3),HIPAA 164.4 Breach Notification,framework_catalog_only,none,no_mapping_or_evidence,0,0,0,0,0,"Decide whether this control is in scope, then add findings, evidence, or an exclusion."
hipaa,164.406(A),hipaa 164.406(A),HIPAA 164.4 Breach Notification,framework_catalog_only,none,no_mapping_or_evidence,0,0,0,0,0,"Decide whether this control is in scope, then add findings, evidence, or an exclusion."
hipaa,164.406(B),hipaa 164.406(B),HIPAA 164.4 Breach Notification,framework_catalog_only,none,no_mapping_or_evidence,0,0,0,0,0,"Decide whether this control is in scope, then add findings, evidence, or an exclusion."
hipaa,164.406(C),hipaa 164.406(C),HIPAA 164.4 Breach Notification,framework_catalog_only,none,no_mapping_or_evidence,0,0,0,0,0,"Decide whether this control is in scope, then add findings, evidence, or an exclusion."
hipaa,164.408(A),hipaa 164.408(A),HIPAA 164.4 Breach Notification,framework_catalog_only,none,no_mapping_or_evidence,0,0,0,0,0,"Decide whether this control is in scope, then add findings, evidence, or an exclusion."
hipaa,164.408(B),hipaa 164.408(B),HIPAA 164.4 Breach Notification,framework_catalog_only,none,no_mapping_or_evidence,0,0,0,0,0,"Decide whether this control is in scope, then add findings, evidence, or an exclusion."
hipaa,164.408(C),hipaa 164.408(C),HIPAA 164.4 Breach Notification,framework_catalog_only,none,no_mapping_or_evidence,0,0,0,0,0,"Decide whether this control is in scope, then add findings, evidence, or an exclusion."
hipaa,164.410(A)(1),hipaa 164.410(A)(1),HIPAA 164.4 Breach Notification,framework_catalog_only,none,no_mapping_or_evidence,0,0,0,0,0,"Decide whether this control is in scope, then add findings, evidence, or an exclusion."
hipaa,164.410(A)(2),hipaa 164.410(A)(2),HIPAA 164.4 Breach Notification,framework_catalog_only,none,no_mapping_or_evidence,0,0,0,0,0,"Decide whether this control is in scope, then add findings, evidence, or an exclusion."
hipaa,164.410(B),hipaa 164.410(B),HIPAA 164.4 Breach Notification,framework_catalog_only,none,no_mapping_or_evidence,0,0,0,0,0,"Decide whether this control is in scope, then add findings, evidence, or an exclusion."
hipaa,164.410(C)(1),hipaa 164.410(C)(1),HIPAA 164.4 Breach Notification,framework_catalog_only,none,no_mapping_or_evidence,0,0,0,0,0,"Decide whether this control is in scope, then add findings, evidence, or an exclusion."
hipaa,164.410(C)(2),hipaa 164.410(C)(2),HIPAA 164.4 Breach Notification,framework_catalog_only,none,no_mapping_or_evidence,0,0,0,0,0,"Decide whether this control is in scope, then add findings, evidence, or an exclusion."
hipaa,164.412,hipaa 164.412,HIPAA 164.4 Breach Notification,framework_catalog_only,none,no_mapping_or_evidence,0,0,0,0,0,"Decide whether this control is in scope, then add findings, evidence, or an exclusion."
hipaa,164.414,hipaa 164.414,HIPAA 164.4 Breach Notification,framework_catalog_only,none,no_mapping_or_evidence,0,0,0,0,0,"Decide whether this control is in scope, then add findings, evidence, or an exclusion."
hitruste1,AC,hitruste1 AC,HITRUST e1 HITRUST HITRUST Control Domains,framework_catalog_only,none,no_mapping_or_evidence,0,0,0,0,0,"Decide whether this control is in scope, then add findings, evidence, or an exclusion."
hitruste1,ALM,hitruste1 ALM,HITRUST e1 HITRUST HITRUST Control Domains,framework_catalog_only,none,no_mapping_or_evidence,0,0,0,0,0,"Decide whether this control is in scope, then add findings, evidence, or an exclusion."
hitruste1,BCDR,hitruste1 BCDR,HITRUST e1 HITRUST HITRUST Control Domains,framework_catalog_only,none,no_mapping_or_evidence,0,0,0,0,0,"Decide whether this control is in scope, then add findings, evidence, or an exclusion."
hitruste1,CM,hitruste1 CM,HITRUST e1 HITRUST HITRUST Control Domains,framework_catalog_only,none,no_mapping_or_evidence,0,0,0,0,0,"Decide whether this control is in scope, then add findings, evidence, or an exclusion."
hitruste1,DPP,hitruste1 DPP,HITRUST e1 HITRUST HITRUST Control Domains,framework_catalog_only,none,no_mapping_or_evidence,0,0,0,0,0,"Decide whether this control is in scope, then add findings, evidence, or an exclusion."
hitruste1,EP,hitruste1 EP,HITRUST e1 HITRUST HITRUST Control Domains,framework_catalog_only,none,no_mapping_or_evidence,0,0,0,0,0,"Decide whether this control is in scope, then add findings, evidence, or an exclusion."
hitruste1,ETA,hitruste1 ETA,HITRUST e1 HITRUST HITRUST Control Domains,framework_catalog_only,none,no_mapping_or_evidence,0,0,0,0,0,"Decide whether this control is in scope, then add findings, evidence, or an exclusion."
hitruste1,IM,hitruste1 IM,HITRUST e1 HITRUST HITRUST Control Domains,framework_catalog_only,none,no_mapping_or_evidence,0,0,0,0,0,"Decide whether this control is in scope, then add findings, evidence, or an exclusion."
hitruste1,IPP,hitruste1 IPP,HITRUST e1 HITRUST HITRUST Control Domains,framework_catalog_only,none,no_mapping_or_evidence,0,0,0,0,0,"Decide whether this control is in scope, then add findings, evidence, or an exclusion."
hitruste1,MDS,hitruste1 MDS,HITRUST e1 HITRUST HITRUST Control Domains,framework_catalog_only,none,no_mapping_or_evidence,0,0,0,0,0,"Decide whether this control is in scope, then add findings, evidence, or an exclusion."
hitruste1,NP,hitruste1 NP,HITRUST e1 HITRUST HITRUST Control Domains,framework_catalog_only,none,no_mapping_or_evidence,0,0,0,0,0,"Decide whether this control is in scope, then add findings, evidence, or an exclusion."
hitruste1,PES,hitruste1 PES,HITRUST e1 HITRUST HITRUST Control Domains,framework_catalog_only,none,no_mapping_or_evidence,0,0,0,0,0,"Decide whether this control is in scope, then add findings, evidence, or an exclusion."
hitruste1,PM,hitruste1 PM,HITRUST e1 HITRUST HITRUST Control Domains,framework_catalog_only,none,no_mapping_or_evidence,0,0,0,0,0,"Decide whether this control is in scope, then add findings, evidence, or an exclusion."
hitruste1,PMS,hitruste1 PMS,HITRUST e1 HITRUST HITRUST Control Domains,framework_catalog_only,none,no_mapping_or_evidence,0,0,0,0,0,"Decide whether this control is in scope, then add findings, evidence, or an exclusion."
hitruste1,RM,hitruste1 RM,HITRUST e1 HITRUST HITRUST Control Domains,framework_catalog_only,none,no_mapping_or_evidence,0,0,0,0,0,"Decide whether this control is in scope, then add findings, evidence, or an exclusion."
hitruste1,TP,hitruste1 TP,HITRUST e1 HITRUST HITRUST Control Domains,framework_catalog_only,none,no_mapping_or_evidence,0,0,0,0,0,"Decide whether this control is in scope, then add findings, evidence, or an exclusion."
hitruste1,TPA,hitruste1 TPA,HITRUST e1 HITRUST HITRUST Control Domains,framework_catalog_only,none,no_mapping_or_evidence,0,0,0,0,0,"Decide whether this control is in scope, then add findings, evidence, or an exclusion."
hitruste1,VM,hitruste1 VM,HITRUST e1 HITRUST HITRUST Control Domains,framework_catalog_only,none,no_mapping_or_evidence,0,0,0,0,0,"Decide whether this control is in scope, then add findings, evidence, or an exclusion."
hitruste1,WS,hitruste1 WS,HITRUST e1 HITRUST HITRUST Control Domains,framework_catalog_only,none,no_mapping_or_evidence,0,0,0,0,0,"Decide whether this control is in scope, then add findings, evidence, or an exclusion."
iso270012022,6.1.2,iso270012022 6.1.2,ISO 27001:2022 6 Planning,direct_control_only,direct,missing_source_backing,1,0,0,0,1,Add source capability or evidence requirements for mapped findings.
iso270012022,8.2,iso270012022 8.2,ISO 27001:2022 8 Operation,direct_control_only,direct,missing_source_backing,1,0,0,0,1,Add source capability or evidence requirements for mapped findings.
iso270012022,A.12.6,iso270012022 A.12.6,ISO 27001:2022 A.12 A.12 Controls,direct_control_only,direct,missing_source_backing,1,0,0,0,0,Add source capability or evidence requirements for mapped findings.
iso270012022,A.5.1,iso270012022 A.5.1,ISO 27001:2022 A.5 Organizational Controls,framework_catalog_only,none,no_mapping_or_evidence,0,0,0,0,0,"Decide whether this control is in scope, then add findings, evidence, or an exclusion."
iso270012022,A.5.10,iso270012022 A.5.10,ISO 27001:2022 A.5 Organizational Controls,framework_catalog_only,none,no_mapping_or_evidence,0,0,0,0,0,"Decide whether this control is in scope, then add findings, evidence, or an exclusion."
iso270012022,A.5.11,iso270012022 A.5.11,ISO 27001:2022 A.5 Organizational Controls,direct_control_only,direct,missing_source_backing,15,0,0,0,0,Add source capability or evidence requirements for mapped findings.
iso270012022,A.5.12,iso270012022 A.5.12,ISO 27001:2022 A.5 Organizational Controls,direct_control_only,direct,missing_source_backing,3,0,0,0,0,Add source capability or evidence requirements for mapped findings.
iso270012022,A.5.13,iso270012022 A.5.13,ISO 27001:2022 A.5 Organizational Controls,direct_control_only,direct,missing_source_backing,1,0,0,0,0,Add source capability or evidence requirements for mapped findings.
iso270012022,A.5.14,iso270012022 A.5.14,ISO 27001:2022 A.5 Organizational Controls,direct_control_only,direct,missing_source_backing,1,0,0,0,0,Add source capability or evidence requirements for mapped findings.
iso270012022,A.5.15,iso270012022 A.5.15,ISO 27001:2022 A.5 Organizational Controls,direct_source_backed,direct,none,236,1,1,0,3,Maintain evidence collection and sampling.
iso270012022,A.5.16,iso270012022 A.5.16,ISO 27001:2022 A.5 Organizational Controls,direct_control_only,direct,missing_source_backing,23,0,0,0,1,Add source capability or evidence requirements for mapped findings.
iso270012022,A.5.17,iso270012022 A.5.17,ISO 27001:2022 A.5 Organizational Controls,direct_source_backed,direct,none,381,16,16,0,2,Maintain evidence collection and sampling.
iso270012022,A.5.18,iso270012022 A.5.18,ISO 27001:2022 A.5 Organizational Controls,direct_source_backed,direct,none,37,20,20,6,2,Maintain evidence collection and sampling.
iso270012022,A.5.19,iso270012022 A.5.19,ISO 27001:2022 A.5 Organizational Controls,direct_source_backed,direct,none,7,3,3,0,0,Maintain evidence collection and sampling.
iso270012022,A.5.2,iso270012022 A.5.2,ISO 27001:2022 A.5 Organizational Controls,direct_control_only,direct,missing_source_backing,1,0,0,0,0,Add source capability or evidence requirements for mapped findings.
iso270012022,A.5.20,iso270012022 A.5.20,ISO 27001:2022 A.5 Organizational Controls,direct_source_backed,direct,none,6,2,2,0,0,Maintain evidence collection and sampling.
iso270012022,A.5.21,iso270012022 A.5.21,ISO 27001:2022 A.5 Organizational Controls,direct_control_only,direct,missing_source_backing,3,0,0,0,0,Add source capability or evidence requirements for mapped findings.
iso270012022,A.5.22,iso270012022 A.5.22,ISO 27001:2022 A.5 Organizational Controls,framework_catalog_only,none,no_mapping_or_evidence,0,0,0,0,0,"Decide whether this control is in scope, then add findings, evidence, or an exclusion."
iso270012022,A.5.23,iso270012022 A.5.23,ISO 27001:2022 A.5 Organizational Controls,direct_control_only,direct,missing_source_backing,8,0,0,0,0,Add source capability or evidence requirements for mapped findings.
iso270012022,A.5.24,iso270012022 A.5.24,ISO 27001:2022 A.5 Organizational Controls,direct_source_backed,direct,none,26,5,5,0,2,Maintain evidence collection and sampling.
iso270012022,A.5.25,iso270012022 A.5.25,ISO 27001:2022 A.5 Organizational Controls,direct_source_backed,direct,none,24,4,4,0,2,Maintain evidence collection and sampling.
iso270012022,A.5.26,iso270012022 A.5.26,ISO 27001:2022 A.5 Organizational Controls,direct_source_backed,direct,none,11,4,4,0,1,Maintain evidence collection and sampling.
iso270012022,A.5.27,iso270012022 A.5.27,ISO 27001:2022 A.5 Organizational Controls,framework_catalog_only,none,no_mapping_or_evidence,0,0,0,0,0,"Decide whether this control is in scope, then add findings, evidence, or an exclusion."
iso270012022,A.5.28,iso270012022 A.5.28,ISO 27001:2022 A.5 Organizational Controls,direct_control_only,direct,missing_source_backing,1,0,0,0,0,Add source capability or evidence requirements for mapped findings.
iso270012022,A.5.29,iso270012022 A.5.29,ISO 27001:2022 A.5 Organizational Controls,direct_control_only,direct,missing_source_backing,2,0,0,0,1,Add source capability or evidence requirements for mapped findings.
iso270012022,A.5.3,iso270012022 A.5.3,ISO 27001:2022 A.5 Organizational Controls,framework_catalog_only,none,no_mapping_or_evidence,0,0,0,0,0,"Decide whether this control is in scope, then add findings, evidence, or an exclusion."
iso270012022,A.5.30,iso270012022 A.5.30,ISO 27001:2022 A.5 Organizational Controls,direct_control_only,direct,missing_source_backing,10,0,0,0,1,Add source capability or evidence requirements for mapped findings.
iso270012022,A.5.31,iso270012022 A.5.31,ISO 27001:2022 A.5 Organizational Controls,framework_catalog_only,none,no_mapping_or_evidence,0,0,0,0,0,"Decide whether this control is in scope, then add findings, evidence, or an exclusion."
iso270012022,A.5.32,iso270012022 A.5.32,ISO 27001:2022 A.5 Organizational Controls,framework_catalog_only,none,no_mapping_or_evidence,0,0,0,0,0,"Decide whether this control is in scope, then add findings, evidence, or an exclusion."
iso270012022,A.5.33,iso270012022 A.5.33,ISO 27001:2022 A.5 Organizational Controls,direct_control_only,direct,missing_source_backing,1,0,0,0,0,Add source capability or evidence requirements for mapped findings.
iso270012022,A.5.34,iso270012022 A.5.34,ISO 27001:2022 A.5 Organizational Controls,framework_catalog_only,none,no_mapping_or_evidence,0,0,0,0,0,"Decide whether this control is in scope, then add findings, evidence, or an exclusion."
iso270012022,A.5.35,iso270012022 A.5.35,ISO 27001:2022 A.5 Organizational Controls,direct_source_backed,direct,none,4,1,1,0,0,Maintain evidence collection and sampling.
iso270012022,A.5.36,iso270012022 A.5.36,ISO 27001:2022 A.5 Organizational Controls,direct_source_backed,direct,none,2,1,1,0,0,Maintain evidence collection and sampling.
iso270012022,A.5.37,iso270012022 A.5.37,ISO 27001:2022 A.5 Organizational Controls,direct_control_only,direct,missing_source_backing,1,0,0,0,0,Add source capability or evidence requirements for mapped findings.
iso270012022,A.5.4,iso270012022 A.5.4,ISO 27001:2022 A.5 Organizational Controls,framework_catalog_only,none,no_mapping_or_evidence,0,0,0,0,0,"Decide whether this control is in scope, then add findings, evidence, or an exclusion."
iso270012022,A.5.5,iso270012022 A.5.5,ISO 27001:2022 A.5 Organizational Controls,framework_catalog_only,none,no_mapping_or_evidence,0,0,0,0,0,"Decide whether this control is in scope, then add findings, evidence, or an exclusion."
iso270012022,A.5.6,iso270012022 A.5.6,ISO 27001:2022 A.5 Organizational Controls,framework_catalog_only,none,no_mapping_or_evidence,0,0,0,0,0,"Decide whether this control is in scope, then add findings, evidence, or an exclusion."
iso270012022,A.5.7,iso270012022 A.5.7,ISO 27001:2022 A.5 Organizational Controls,direct_control_only,direct,missing_source_backing,3,0,0,0,0,Add source capability or evidence requirements for mapped findings.
iso270012022,A.5.8,iso270012022 A.5.8,ISO 27001:2022 A.5 Organizational Controls,framework_catalog_only,none,no_mapping_or_evidence,0,0,0,0,0,"Decide whether this control is in scope, then add findings, evidence, or an exclusion."
iso270012022,A.5.9,iso270012022 A.5.9,ISO 27001:2022 A.5 Organizational Controls,direct_control_only,direct,missing_source_backing,1,0,0,0,0,Add source capability or evidence requirements for mapped findings.
iso270012022,A.6.1,iso270012022 A.6.1,ISO 27001:2022 A.6 People Controls,direct_control_only,direct,missing_source_backing,1,0,0,0,1,Add source capability or evidence requirements for mapped findings.
iso270012022,A.6.2,iso270012022 A.6.2,ISO 27001:2022 A.6 People Controls,direct_control_only,direct,missing_source_backing,1,0,0,0,1,Add source capability or evidence requirements for mapped findings.
iso270012022,A.6.3,iso270012022 A.6.3,ISO 27001:2022 A.6 People Controls,direct_control_only,direct,missing_source_backing,1,0,0,0,1,Add source capability or evidence requirements for mapped findings.
iso270012022,A.6.4,iso270012022 A.6.4,ISO 27001:2022 A.6 People Controls,framework_catalog_only,none,no_mapping_or_evidence,0,0,0,0,0,"Decide whether this control is in scope, then add findings, evidence, or an exclusion."
iso270012022,A.6.5,iso270012022 A.6.5,ISO 27001:2022 A.6 People Controls,direct_control_only,direct,missing_source_backing,15,0,0,0,0,Add source capability or evidence requirements for mapped findings.
iso270012022,A.6.6,iso270012022 A.6.6,ISO 27001:2022 A.6 People Controls,framework_catalog_only,none,no_mapping_or_evidence,0,0,0,0,0,"Decide whether this control is in scope, then add findings, evidence, or an exclusion."
iso270012022,A.6.7,iso270012022 A.6.7,ISO 27001:2022 A.6 People Controls,framework_catalog_only,none,no_mapping_or_evidence,0,0,0,0,0,"Decide whether this control is in scope, then add findings, evidence, or an exclusion."
iso270012022,A.6.8,iso270012022 A.6.8,ISO 27001:2022 A.6 People Controls,framework_catalog_only,none,no_mapping_or_evidence,0,0,0,0,0,"Decide whether this control is in scope, then add findings, evidence, or an exclusion."
iso270012022,A.7.1,iso270012022 A.7.1,ISO 27001:2022 A.7 Physical Controls,framework_catalog_only,none,no_mapping_or_evidence,0,0,0,0,0,"Decide whether this control is in scope, then add findings, evidence, or an exclusion."
iso270012022,A.7.10,iso270012022 A.7.10,ISO 27001:2022 A.7 Physical Controls,framework_catalog_only,none,no_mapping_or_evidence,0,0,0,0,0,"Decide whether this control is in scope, then add findings, evidence, or an exclusion."
iso270012022,A.7.11,iso270012022 A.7.11,ISO 27001:2022 A.7 Physical Controls,framework_catalog_only,none,no_mapping_or_evidence,0,0,0,0,0,"Decide whether this control is in scope, then add findings, evidence, or an exclusion."
iso270012022,A.7.12,iso270012022 A.7.12,ISO 27001:2022 A.7 Physical Controls,framework_catalog_only,none,no_mapping_or_evidence,0,0,0,0,0,"Decide whether this control is in scope, then add findings, evidence, or an exclusion."
iso270012022,A.7.13,iso270012022 A.7.13,ISO 27001:2022 A.7 Physical Controls,framework_catalog_only,none,no_mapping_or_evidence,0,0,0,0,0,"Decide whether this control is in scope, then add findings, evidence, or an exclusion."
iso270012022,A.7.14,iso270012022 A.7.14,ISO 27001:2022 A.7 Physical Controls,framework_catalog_only,none,no_mapping_or_evidence,0,0,0,0,0,"Decide whether this control is in scope, then add findings, evidence, or an exclusion."
iso270012022,A.7.2,iso270012022 A.7.2,ISO 27001:2022 A.7 Physical Controls,framework_catalog_only,none,no_mapping_or_evidence,0,0,0,0,0,"Decide whether this control is in scope, then add findings, evidence, or an exclusion."
iso270012022,A.7.3,iso270012022 A.7.3,ISO 27001:2022 A.7 Physical Controls,framework_catalog_only,none,no_mapping_or_evidence,0,0,0,0,0,"Decide whether this control is in scope, then add findings, evidence, or an exclusion."
iso270012022,A.7.4,iso270012022 A.7.4,ISO 27001:2022 A.7 Physical Controls,framework_catalog_only,none,no_mapping_or_evidence,0,0,0,0,0,"Decide whether this control is in scope, then add findings, evidence, or an exclusion."
iso270012022,A.7.5,iso270012022 A.7.5,ISO 27001:2022 A.7 Physical Controls,framework_catalog_only,none,no_mapping_or_evidence,0,0,0,0,0,"Decide whether this control is in scope, then add findings, evidence, or an exclusion."
iso270012022,A.7.6,iso270012022 A.7.6,ISO 27001:2022 A.7 Physical Controls,framework_catalog_only,none,no_mapping_or_evidence,0,0,0,0,0,"Decide whether this control is in scope, then add findings, evidence, or an exclusion."
iso270012022,A.7.7,iso270012022 A.7.7,ISO 27001:2022 A.7 Physical Controls,direct_control_only,direct,missing_source_backing,2,0,0,0,0,Add source capability or evidence requirements for mapped findings.
iso270012022,A.7.8,iso270012022 A.7.8,ISO 27001:2022 A.7 Physical Controls,framework_catalog_only,none,no_mapping_or_evidence,0,0,0,0,0,"Decide whether this control is in scope, then add findings, evidence, or an exclusion."
iso270012022,A.7.9,iso270012022 A.7.9,ISO 27001:2022 A.7 Physical Controls,framework_catalog_only,none,no_mapping_or_evidence,0,0,0,0,0,"Decide whether this control is in scope, then add findings, evidence, or an exclusion."
iso270012022,A.8.1,iso270012022 A.8.1,ISO 27001:2022 A.8 Technology Controls,direct_control_only,direct,missing_source_backing,8,0,0,0,1,Add source capability or evidence requirements for mapped findings.
iso270012022,A.8.10,iso270012022 A.8.10,ISO 27001:2022 A.8 Technology Controls,framework_catalog_only,none,no_mapping_or_evidence,0,0,0,0,0,"Decide whether this control is in scope, then add findings, evidence, or an exclusion."
iso270012022,A.8.11,iso270012022 A.8.11,ISO 27001:2022 A.8 Technology Controls,framework_catalog_only,none,no_mapping_or_evidence,0,0,0,0,0,"Decide whether this control is in scope, then add findings, evidence, or an exclusion."
iso270012022,A.8.12,iso270012022 A.8.12,ISO 27001:2022 A.8 Technology Controls,direct_control_only,direct,missing_source_backing,13,0,0,0,0,Add source capability or evidence requirements for mapped findings.
iso270012022,A.8.13,iso270012022 A.8.13,ISO 27001:2022 A.8 Technology Controls,direct_control_only,direct,missing_source_backing,17,0,0,0,1,Add source capability or evidence requirements for mapped findings.
iso270012022,A.8.14,iso270012022 A.8.14,ISO 27001:2022 A.8 Technology Controls,direct_control_only,direct,missing_source_backing,20,0,0,0,0,Add source capability or evidence requirements for mapped findings.
iso270012022,A.8.15,iso270012022 A.8.15,ISO 27001:2022 A.8 Technology Controls,direct_source_backed,direct,none,138,137,137,4,2,Maintain evidence collection and sampling.
iso270012022,A.8.16,iso270012022 A.8.16,ISO 27001:2022 A.8 Technology Controls,direct_source_backed,direct,none,54,17,17,0,2,Maintain evidence collection and sampling.
iso270012022,A.8.17,iso270012022 A.8.17,ISO 27001:2022 A.8 Technology Controls,framework_catalog_only,none,no_mapping_or_evidence,0,0,0,0,0,"Decide whether this control is in scope, then add findings, evidence, or an exclusion."
iso270012022,A.8.18,iso270012022 A.8.18,ISO 27001:2022 A.8 Technology Controls,framework_catalog_only,none,no_mapping_or_evidence,0,0,0,0,0,"Decide whether this control is in scope, then add findings, evidence, or an exclusion."
iso270012022,A.8.19,iso270012022 A.8.19,ISO 27001:2022 A.8 Technology Controls,direct_control_only,direct,missing_source_backing,1,0,0,0,0,Add source capability or evidence requirements for mapped findings.
iso270012022,A.8.2,iso270012022 A.8.2,ISO 27001:2022 A.8 Technology Controls,direct_control_only,direct,missing_source_backing,11,0,0,0,1,Add source capability or evidence requirements for mapped findings.
iso270012022,A.8.20,iso270012022 A.8.20,ISO 27001:2022 A.8 Technology Controls,direct_source_backed,direct,none,38,5,5,3,1,Maintain evidence collection and sampling.
iso270012022,A.8.21,iso270012022 A.8.21,ISO 27001:2022 A.8 Technology Controls,direct_control_only,direct,missing_source_backing,15,0,0,0,1,Add source capability or evidence requirements for mapped findings.
iso270012022,A.8.22,iso270012022 A.8.22,ISO 27001:2022 A.8 Technology Controls,direct_source_backed,direct,none,11,1,1,0,1,Maintain evidence collection and sampling.
iso270012022,A.8.23,iso270012022 A.8.23,ISO 27001:2022 A.8 Technology Controls,framework_catalog_only,none,no_mapping_or_evidence,0,0,0,0,0,"Decide whether this control is in scope, then add findings, evidence, or an exclusion."
iso270012022,A.8.24,iso270012022 A.8.24,ISO 27001:2022 A.8 Technology Controls,direct_source_backed,direct,none,27,6,6,3,1,Maintain evidence collection and sampling.
iso270012022,A.8.25,iso270012022 A.8.25,ISO 27001:2022 A.8 Technology Controls,direct_source_backed,direct,none,168,124,124,0,1,Maintain evidence collection and sampling.
iso270012022,A.8.26,iso270012022 A.8.26,ISO 27001:2022 A.8 Technology Controls,framework_catalog_only,none,no_mapping_or_evidence,0,0,0,0,0,"Decide whether this control is in scope, then add findings, evidence, or an exclusion."
iso270012022,A.8.27,iso270012022 A.8.27,ISO 27001:2022 A.8 Technology Controls,framework_catalog_only,none,no_mapping_or_evidence,0,0,0,0,0,"Decide whether this control is in scope, then add findings, evidence, or an exclusion."
iso270012022,A.8.28,iso270012022 A.8.28,ISO 27001:2022 A.8 Technology Controls,direct_control_only,direct,missing_source_backing,15,0,0,0,1,Add source capability or evidence requirements for mapped findings.
iso270012022,A.8.29,iso270012022 A.8.29,ISO 27001:2022 A.8 Technology Controls,framework_catalog_only,none,no_mapping_or_evidence,0,0,0,0,0,"Decide whether this control is in scope, then add findings, evidence, or an exclusion."
iso270012022,A.8.3,iso270012022 A.8.3,ISO 27001:2022 A.8 Technology Controls,direct_control_only,direct,missing_source_backing,1,0,0,0,1,Add source capability or evidence requirements for mapped findings.
iso270012022,A.8.30,iso270012022 A.8.30,ISO 27001:2022 A.8 Technology Controls,framework_catalog_only,none,no_mapping_or_evidence,0,0,0,0,0,"Decide whether this control is in scope, then add findings, evidence, or an exclusion."
iso270012022,A.8.31,iso270012022 A.8.31,ISO 27001:2022 A.8 Technology Controls,framework_catalog_only,none,no_mapping_or_evidence,0,0,0,0,0,"Decide whether this control is in scope, then add findings, evidence, or an exclusion."
iso270012022,A.8.32,iso270012022 A.8.32,ISO 27001:2022 A.8 Technology Controls,direct_source_backed,direct,none,14,3,3,1,1,Maintain evidence collection and sampling.
iso270012022,A.8.33,iso270012022 A.8.33,ISO 27001:2022 A.8 Technology Controls,framework_catalog_only,none,no_mapping_or_evidence,0,0,0,0,0,"Decide whether this control is in scope, then add findings, evidence, or an exclusion."
iso270012022,A.8.34,iso270012022 A.8.34,ISO 27001:2022 A.8 Technology Controls,framework_catalog_only,none,no_mapping_or_evidence,0,0,0,0,0,"Decide whether this control is in scope, then add findings, evidence, or an exclusion."
iso270012022,A.8.4,iso270012022 A.8.4,ISO 27001:2022 A.8 Technology Controls,framework_catalog_only,none,no_mapping_or_evidence,0,0,0,0,0,"Decide whether this control is in scope, then add findings, evidence, or an exclusion."
iso270012022,A.8.5,iso270012022 A.8.5,ISO 27001:2022 A.8 Technology Controls,direct_source_backed,direct,none,22,5,5,2,1,Maintain evidence collection and sampling.
iso270012022,A.8.6,iso270012022 A.8.6,ISO 27001:2022 A.8 Technology Controls,framework_catalog_only,none,no_mapping_or_evidence,0,0,0,0,0,"Decide whether this control is in scope, then add findings, evidence, or an exclusion."
iso270012022,A.8.7,iso270012022 A.8.7,ISO 27001:2022 A.8 Technology Controls,direct_control_only,direct,missing_source_backing,14,0,0,0,0,Add source capability or evidence requirements for mapped findings.
iso270012022,A.8.8,iso270012022 A.8.8,ISO 27001:2022 A.8 Technology Controls,direct_source_backed,direct,none,386,335,335,4,1,Maintain evidence collection and sampling.
iso270012022,A.8.9,iso270012022 A.8.9,ISO 27001:2022 A.8 Technology Controls,direct_source_backed,direct,none,51,10,10,0,0,Maintain evidence collection and sampling.
iso270012022,C.10.1,iso270012022 C.10.1,ISO 27001:2022 C.10 Improvement,framework_catalog_only,none,no_mapping_or_evidence,0,0,0,0,0,"Decide whether this control is in scope, then add findings, evidence, or an exclusion."
iso270012022,C.10.2,iso270012022 C.10.2,ISO 27001:2022 C.10 Improvement,framework_catalog_only,none,no_mapping_or_evidence,0,0,0,0,0,"Decide whether this control is in scope, then add findings, evidence, or an exclusion."
iso270012022,C.4.1,iso270012022 C.4.1,ISO 27001:2022 C.4 Context,framework_catalog_only,none,no_mapping_or_evidence,0,0,0,0,0,"Decide whether this control is in scope, then add findings, evidence, or an exclusion."
iso270012022,C.4.2,iso270012022 C.4.2,ISO 27001:2022 C.4 Context,framework_catalog_only,none,no_mapping_or_evidence,0,0,0,0,0,"Decide whether this control is in scope, then add findings, evidence, or an exclusion."
iso270012022,C.4.3,iso270012022 C.4.3,ISO 27001:2022 C.4 Context,framework_catalog_only,none,no_mapping_or_evidence,0,0,0,0,0,"Decide whether this control is in scope, then add findings, evidence, or an exclusion."
iso270012022,C.4.4,iso270012022 C.4.4,ISO 27001:2022 C.4 Context,framework_catalog_only,none,no_mapping_or_evidence,0,0,0,0,0,"Decide whether this control is in scope, then add findings, evidence, or an exclusion."
iso270012022,C.5.1,iso270012022 C.5.1,ISO 27001:2022 C.5 Leadership,framework_catalog_only,none,no_mapping_or_evidence,0,0,0,0,0,"Decide whether this control is in scope, then add findings, evidence, or an exclusion."
iso270012022,C.5.2,iso270012022 C.5.2,ISO 27001:2022 C.5 Leadership,framework_catalog_only,none,no_mapping_or_evidence,0,0,0,0,0,"Decide whether this control is in scope, then add findings, evidence, or an exclusion."
iso270012022,C.5.3,iso270012022 C.5.3,ISO 27001:2022 C.5 Leadership,framework_catalog_only,none,no_mapping_or_evidence,0,0,0,0,0,"Decide whether this control is in scope, then add findings, evidence, or an exclusion."
iso270012022,C.6.1.1,iso270012022 C.6.1.1,ISO 27001:2022 C.6 Planning,framework_catalog_only,none,no_mapping_or_evidence,0,0,0,0,0,"Decide whether this control is in scope, then add findings, evidence, or an exclusion."
iso270012022,C.6.1.2,iso270012022 C.6.1.2,ISO 27001:2022 C.6 Planning,framework_catalog_only,none,no_mapping_or_evidence,0,0,0,0,0,"Decide whether this control is in scope, then add findings, evidence, or an exclusion."
iso270012022,C.6.1.3,iso270012022 C.6.1.3,ISO 27001:2022 C.6 Planning,framework_catalog_only,none,no_mapping_or_evidence,0,0,0,0,0,"Decide whether this control is in scope, then add findings, evidence, or an exclusion."
iso270012022,C.6.2,iso270012022 C.6.2,ISO 27001:2022 C.6 Planning,framework_catalog_only,none,no_mapping_or_evidence,0,0,0,0,0,"Decide whether this control is in scope, then add findings, evidence, or an exclusion."
iso270012022,C.6.3,iso270012022 C.6.3,ISO 27001:2022 C.6 Planning,framework_catalog_only,none,no_mapping_or_evidence,0,0,0,0,0,"Decide whether this control is in scope, then add findings, evidence, or an exclusion."
iso270012022,C.7.1,iso270012022 C.7.1,ISO 27001:2022 C.7 Support,framework_catalog_only,none,no_mapping_or_evidence,0,0,0,0,0,"Decide whether this control is in scope, then add findings, evidence, or an exclusion."
iso270012022,C.7.2,iso270012022 C.7.2,ISO 27001:2022 C.7 Support,framework_catalog_only,none,no_mapping_or_evidence,0,0,0,0,0,"Decide whether this control is in scope, then add findings, evidence, or an exclusion."
iso270012022,C.7.3,iso270012022 C.7.3,ISO 27001:2022 C.7 Support,framework_catalog_only,none,no_mapping_or_evidence,0,0,0,0,0,"Decide whether this control is in scope, then add findings, evidence, or an exclusion."
iso270012022,C.7.4,iso270012022 C.7.4,ISO 27001:2022 C.7 Support,framework_catalog_only,none,no_mapping_or_evidence,0,0,0,0,0,"Decide whether this control is in scope, then add findings, evidence, or an exclusion."
iso270012022,C.7.5.1,iso270012022 C.7.5.1,ISO 27001:2022 C.7 Support,framework_catalog_only,none,no_mapping_or_evidence,0,0,0,0,0,"Decide whether this control is in scope, then add findings, evidence, or an exclusion."
iso270012022,C.7.5.2,iso270012022 C.7.5.2,ISO 27001:2022 C.7 Support,framework_catalog_only,none,no_mapping_or_evidence,0,0,0,0,0,"Decide whether this control is in scope, then add findings, evidence, or an exclusion."
iso270012022,C.7.5.3,iso270012022 C.7.5.3,ISO 27001:2022 C.7 Support,framework_catalog_only,none,no_mapping_or_evidence,0,0,0,0,0,"Decide whether this control is in scope, then add findings, evidence, or an exclusion."
iso270012022,C.8.1,iso270012022 C.8.1,ISO 27001:2022 C.8 Operation,framework_catalog_only,none,no_mapping_or_evidence,0,0,0,0,0,"Decide whether this control is in scope, then add findings, evidence, or an exclusion."
iso270012022,C.8.2,iso270012022 C.8.2,ISO 27001:2022 C.8 Operation,framework_catalog_only,none,no_mapping_or_evidence,0,0,0,0,0,"Decide whether this control is in scope, then add findings, evidence, or an exclusion."
iso270012022,C.8.3,iso270012022 C.8.3,ISO 27001:2022 C.8 Operation,framework_catalog_only,none,no_mapping_or_evidence,0,0,0,0,0,"Decide whether this control is in scope, then add findings, evidence, or an exclusion."
iso270012022,C.9.1,iso270012022 C.9.1,ISO 27001:2022 C.9 Performance Evaluation,framework_catalog_only,none,no_mapping_or_evidence,0,0,0,0,0,"Decide whether this control is in scope, then add findings, evidence, or an exclusion."
iso270012022,C.9.2.1,iso270012022 C.9.2.1,ISO 27001:2022 C.9 Performance Evaluation,framework_catalog_only,none,no_mapping_or_evidence,0,0,0,0,0,"Decide whether this control is in scope, then add findings, evidence, or an exclusion."
iso270012022,C.9.2.2,iso270012022 C.9.2.2,ISO 27001:2022 C.9 Performance Evaluation,framework_catalog_only,none,no_mapping_or_evidence,0,0,0,0,0,"Decide whether this control is in scope, then add findings, evidence, or an exclusion."
iso270012022,C.9.3.1,iso270012022 C.9.3.1,ISO 27001:2022 C.9 Performance Evaluation,framework_catalog_only,none,no_mapping_or_evidence,0,0,0,0,0,"Decide whether this control is in scope, then add findings, evidence, or an exclusion."
iso270012022,C.9.3.2,iso270012022 C.9.3.2,ISO 27001:2022 C.9 Performance Evaluation,framework_catalog_only,none,no_mapping_or_evidence,0,0,0,0,0,"Decide whether this control is in scope, then add findings, evidence, or an exclusion."
iso270012022,C.9.3.3,iso270012022 C.9.3.3,ISO 27001:2022 C.9 Performance Evaluation,framework_catalog_only,none,no_mapping_or_evidence,0,0,0,0,0,"Decide whether this control is in scope, then add findings, evidence, or an exclusion."
iso27701,5.2.1,iso27701 5.2.1,ISO 27701 5 PIMS Foundation,framework_catalog_only,none,no_mapping_or_evidence,0,0,0,0,0,"Decide whether this control is in scope, then add findings, evidence, or an exclusion."
iso27701,5.2.2,iso27701 5.2.2,ISO 27701 5 PIMS Foundation,framework_catalog_only,none,no_mapping_or_evidence,0,0,0,0,0,"Decide whether this control is in scope, then add findings, evidence, or an exclusion."
iso27701,5.2.3,iso27701 5.2.3,ISO 27701 5 PIMS Foundation,framework_catalog_only,none,no_mapping_or_evidence,0,0,0,0,0,"Decide whether this control is in scope, then add findings, evidence, or an exclusion."
iso27701,5.2.4,iso27701 5.2.4,ISO 27701 5 PIMS Foundation,framework_catalog_only,none,no_mapping_or_evidence,0,0,0,0,0,"Decide whether this control is in scope, then add findings, evidence, or an exclusion."
iso27701,5.4.1.2,iso27701 5.4.1.2,ISO 27701 5 PIMS Foundation,framework_catalog_only,none,no_mapping_or_evidence,0,0,0,0,0,"Decide whether this control is in scope, then add findings, evidence, or an exclusion."
iso27701,5.4.1.3,iso27701 5.4.1.3,ISO 27701 5 PIMS Foundation,framework_catalog_only,none,no_mapping_or_evidence,0,0,0,0,0,"Decide whether this control is in scope, then add findings, evidence, or an exclusion."
iso27701,7.2.6,iso27701 7.2.6,ISO 27701 7 PII Controller Controls,direct_control_only,direct,missing_source_backing,1,0,0,0,3,Add source capability or evidence requirements for mapped findings.
iso27701,7.2.8,iso27701 7.2.8,ISO 27701 7 PII Controller Controls,direct_control_only,direct,missing_source_backing,2,0,0,0,2,Add source capability or evidence requirements for mapped findings.
iso27701,8.2.1,iso27701 8.2.1,ISO 27701 8 PII Processor Controls,direct_control_only,direct,missing_source_backing,1,0,0,0,2,Add source capability or evidence requirements for mapped findings.
iso27701,A.7.2.1,iso27701 A.7.2.1,ISO 27701 A.7 PII Controller Controls,framework_catalog_only,none,no_mapping_or_evidence,0,0,0,0,0,"Decide whether this control is in scope, then add findings, evidence, or an exclusion."
iso27701,A.7.2.2,iso27701 A.7.2.2,ISO 27701 A.7 PII Controller Controls,framework_catalog_only,none,no_mapping_or_evidence,0,0,0,0,0,"Decide whether this control is in scope, then add findings, evidence, or an exclusion."
iso27701,A.7.2.3,iso27701 A.7.2.3,ISO 27701 A.7 PII Controller Controls,framework_catalog_only,none,no_mapping_or_evidence,0,0,0,0,0,"Decide whether this control is in scope, then add findings, evidence, or an exclusion."
iso27701,A.7.2.4,iso27701 A.7.2.4,ISO 27701 A.7 PII Controller Controls,framework_catalog_only,none,no_mapping_or_evidence,0,0,0,0,0,"Decide whether this control is in scope, then add findings, evidence, or an exclusion."
iso27701,A.7.2.5,iso27701 A.7.2.5,ISO 27701 A.7 PII Controller Controls,framework_catalog_only,none,no_mapping_or_evidence,0,0,0,0,0,"Decide whether this control is in scope, then add findings, evidence, or an exclusion."
iso27701,A.7.2.6,iso27701 A.7.2.6,ISO 27701 A.7 PII Controller Controls,framework_catalog_only,none,no_mapping_or_evidence,0,0,0,0,0,"Decide whether this control is in scope, then add findings, evidence, or an exclusion."
iso27701,A.7.2.7,iso27701 A.7.2.7,ISO 27701 A.7 PII Controller Controls,framework_catalog_only,none,no_mapping_or_evidence,0,0,0,0,0,"Decide whether this control is in scope, then add findings, evidence, or an exclusion."
iso27701,A.7.2.8,iso27701 A.7.2.8,ISO 27701 A.7 PII Controller Controls,framework_catalog_only,none,no_mapping_or_evidence,0,0,0,0,0,"Decide whether this control is in scope, then add findings, evidence, or an exclusion."
iso27701,A.7.3.1,iso27701 A.7.3.1,ISO 27701 A.7 PII Controller Controls,framework_catalog_only,none,no_mapping_or_evidence,0,0,0,0,0,"Decide whether this control is in scope, then add findings, evidence, or an exclusion."
iso27701,A.7.3.10,iso27701 A.7.3.10,ISO 27701 A.7 PII Controller Controls,framework_catalog_only,none,no_mapping_or_evidence,0,0,0,0,0,"Decide whether this control is in scope, then add findings, evidence, or an exclusion."
iso27701,A.7.3.2,iso27701 A.7.3.2,ISO 27701 A.7 PII Controller Controls,framework_catalog_only,none,no_mapping_or_evidence,0,0,0,0,0,"Decide whether this control is in scope, then add findings, evidence, or an exclusion."
iso27701,A.7.3.3,iso27701 A.7.3.3,ISO 27701 A.7 PII Controller Controls,framework_catalog_only,none,no_mapping_or_evidence,0,0,0,0,0,"Decide whether this control is in scope, then add findings, evidence, or an exclusion."
iso27701,A.7.3.4,iso27701 A.7.3.4,ISO 27701 A.7 PII Controller Controls,framework_catalog_only,none,no_mapping_or_evidence,0,0,0,0,0,"Decide whether this control is in scope, then add findings, evidence, or an exclusion."
iso27701,A.7.3.5,iso27701 A.7.3.5,ISO 27701 A.7 PII Controller Controls,framework_catalog_only,none,no_mapping_or_evidence,0,0,0,0,0,"Decide whether this control is in scope, then add findings, evidence, or an exclusion."
iso27701,A.7.3.6,iso27701 A.7.3.6,ISO 27701 A.7 PII Controller Controls,framework_catalog_only,none,no_mapping_or_evidence,0,0,0,0,0,"Decide whether this control is in scope, then add findings, evidence, or an exclusion."
iso27701,A.7.3.7,iso27701 A.7.3.7,ISO 27701 A.7 PII Controller Controls,framework_catalog_only,none,no_mapping_or_evidence,0,0,0,0,0,"Decide whether this control is in scope, then add findings, evidence, or an exclusion."
iso27701,A.7.3.8,iso27701 A.7.3.8,ISO 27701 A.7 PII Controller Controls,framework_catalog_only,none,no_mapping_or_evidence,0,0,0,0,0,"Decide whether this control is in scope, then add findings, evidence, or an exclusion."
iso27701,A.7.3.9,iso27701 A.7.3.9,ISO 27701 A.7 PII Controller Controls,framework_catalog_only,none,no_mapping_or_evidence,0,0,0,0,0,"Decide whether this control is in scope, then add findings, evidence, or an exclusion."
iso27701,A.7.4.1,iso27701 A.7.4.1,ISO 27701 A.7 PII Controller Controls,framework_catalog_only,none,no_mapping_or_evidence,0,0,0,0,0,"Decide whether this control is in scope, then add findings, evidence, or an exclusion."
iso27701,A.7.4.2,iso27701 A.7.4.2,ISO 27701 A.7 PII Controller Controls,framework_catalog_only,none,no_mapping_or_evidence,0,0,0,0,0,"Decide whether this control is in scope, then add findings, evidence, or an exclusion."
iso27701,A.7.4.3,iso27701 A.7.4.3,ISO 27701 A.7 PII Controller Controls,framework_catalog_only,none,no_mapping_or_evidence,0,0,0,0,0,"Decide whether this control is in scope, then add findings, evidence, or an exclusion."
iso27701,A.7.4.4,iso27701 A.7.4.4,ISO 27701 A.7 PII Controller Controls,framework_catalog_only,none,no_mapping_or_evidence,0,0,0,0,0,"Decide whether this control is in scope, then add findings, evidence, or an exclusion."
iso27701,A.7.4.5,iso27701 A.7.4.5,ISO 27701 A.7 PII Controller Controls,framework_catalog_only,none,no_mapping_or_evidence,0,0,0,0,0,"Decide whether this control is in scope, then add findings, evidence, or an exclusion."
iso27701,A.7.4.6,iso27701 A.7.4.6,ISO 27701 A.7 PII Controller Controls,framework_catalog_only,none,no_mapping_or_evidence,0,0,0,0,0,"Decide whether this control is in scope, then add findings, evidence, or an exclusion."
iso27701,A.7.4.7,iso27701 A.7.4.7,ISO 27701 A.7 PII Controller Controls,framework_catalog_only,none,no_mapping_or_evidence,0,0,0,0,0,"Decide whether this control is in scope, then add findings, evidence, or an exclusion."
iso27701,A.7.4.8,iso27701 A.7.4.8,ISO 27701 A.7 PII Controller Controls,framework_catalog_only,none,no_mapping_or_evidence,0,0,0,0,0,"Decide whether this control is in scope, then add findings, evidence, or an exclusion."
iso27701,A.7.4.9,iso27701 A.7.4.9,ISO 27701 A.7 PII Controller Controls,framework_catalog_only,none,no_mapping_or_evidence,0,0,0,0,0,"Decide whether this control is in scope, then add findings, evidence, or an exclusion."
iso27701,A.7.5.1,iso27701 A.7.5.1,ISO 27701 A.7 PII Controller Controls,framework_catalog_only,none,no_mapping_or_evidence,0,0,0,0,0,"Decide whether this control is in scope, then add findings, evidence, or an exclusion."
iso27701,A.7.5.2,iso27701 A.7.5.2,ISO 27701 A.7 PII Controller Controls,framework_catalog_only,none,no_mapping_or_evidence,0,0,0,0,0,"Decide whether this control is in scope, then add findings, evidence, or an exclusion."
iso27701,A.7.5.3,iso27701 A.7.5.3,ISO 27701 A.7 PII Controller Controls,framework_catalog_only,none,no_mapping_or_evidence,0,0,0,0,0,"Decide whether this control is in scope, then add findings, evidence, or an exclusion."
iso27701,A.7.5.4,iso27701 A.7.5.4,ISO 27701 A.7 PII Controller Controls,framework_catalog_only,none,no_mapping_or_evidence,0,0,0,0,0,"Decide whether this control is in scope, then add findings, evidence, or an exclusion."
iso27701,B.8.2.1,iso27701 B.8.2.1,ISO 27701 B.8 PII Processor Controls,framework_catalog_only,none,no_mapping_or_evidence,0,0,0,0,0,"Decide whether this control is in scope, then add findings, evidence, or an exclusion."
iso27701,B.8.2.2,iso27701 B.8.2.2,ISO 27701 B.8 PII Processor Controls,framework_catalog_only,none,no_mapping_or_evidence,0,0,0,0,0,"Decide whether this control is in scope, then add findings, evidence, or an exclusion."
iso27701,B.8.2.3,iso27701 B.8.2.3,ISO 27701 B.8 PII Processor Controls,framework_catalog_only,none,no_mapping_or_evidence,0,0,0,0,0,"Decide whether this control is in scope, then add findings, evidence, or an exclusion."
iso27701,B.8.2.4,iso27701 B.8.2.4,ISO 27701 B.8 PII Processor Controls,framework_catalog_only,none,no_mapping_or_evidence,0,0,0,0,0,"Decide whether this control is in scope, then add findings, evidence, or an exclusion."
iso27701,B.8.2.5,iso27701 B.8.2.5,ISO 27701 B.8 PII Processor Controls,framework_catalog_only,none,no_mapping_or_evidence,0,0,0,0,0,"Decide whether this control is in scope, then add findings, evidence, or an exclusion."
iso27701,B.8.2.6,iso27701 B.8.2.6,ISO 27701 B.8 PII Processor Controls,framework_catalog_only,none,no_mapping_or_evidence,0,0,0,0,0,"Decide whether this control is in scope, then add findings, evidence, or an exclusion."
iso27701,B.8.3.1,iso27701 B.8.3.1,ISO 27701 B.8 PII Processor Controls,framework_catalog_only,none,no_mapping_or_evidence,0,0,0,0,0,"Decide whether this control is in scope, then add findings, evidence, or an exclusion."
iso27701,B.8.4.1,iso27701 B.8.4.1,ISO 27701 B.8 PII Processor Controls,framework_catalog_only,none,no_mapping_or_evidence,0,0,0,0,0,"Decide whether this control is in scope, then add findings, evidence, or an exclusion."
iso27701,B.8.4.2,iso27701 B.8.4.2,ISO 27701 B.8 PII Processor Controls,framework_catalog_only,none,no_mapping_or_evidence,0,0,0,0,0,"Decide whether this control is in scope, then add findings, evidence, or an exclusion."
iso27701,B.8.4.3,iso27701 B.8.4.3,ISO 27701 B.8 PII Processor Controls,framework_catalog_only,none,no_mapping_or_evidence,0,0,0,0,0,"Decide whether this control is in scope, then add findings, evidence, or an exclusion."
iso27701,B.8.5.1,iso27701 B.8.5.1,ISO 27701 B.8 PII Processor Controls,framework_catalog_only,none,no_mapping_or_evidence,0,0,0,0,0,"Decide whether this control is in scope, then add findings, evidence, or an exclusion."
iso27701,B.8.5.2,iso27701 B.8.5.2,ISO 27701 B.8 PII Processor Controls,framework_catalog_only,none,no_mapping_or_evidence,0,0,0,0,0,"Decide whether this control is in scope, then add findings, evidence, or an exclusion."
iso27701,B.8.5.3,iso27701 B.8.5.3,ISO 27701 B.8 PII Processor Controls,framework_catalog_only,none,no_mapping_or_evidence,0,0,0,0,0,"Decide whether this control is in scope, then add findings, evidence, or an exclusion."
iso27701,B.8.5.4,iso27701 B.8.5.4,ISO 27701 B.8 PII Processor Controls,framework_catalog_only,none,no_mapping_or_evidence,0,0,0,0,0,"Decide whether this control is in scope, then add findings, evidence, or an exclusion."
iso27701,B.8.5.5,iso27701 B.8.5.5,ISO 27701 B.8 PII Processor Controls,framework_catalog_only,none,no_mapping_or_evidence,0,0,0,0,0,"Decide whether this control is in scope, then add findings, evidence, or an exclusion."
iso27701,B.8.5.6,iso27701 B.8.5.6,ISO 27701 B.8 PII Processor Controls,framework_catalog_only,none,no_mapping_or_evidence,0,0,0,0,0,"Decide whether this control is in scope, then add findings, evidence, or an exclusion."
iso27701,B.8.5.7,iso27701 B.8.5.7,ISO 27701 B.8 PII Processor Controls,framework_catalog_only,none,no_mapping_or_evidence,0,0,0,0,0,"Decide whether this control is in scope, then add findings, evidence, or an exclusion."
iso27701,B.8.5.8,iso27701 B.8.5.8,ISO 27701 B.8 PII Processor Controls,framework_catalog_only,none,no_mapping_or_evidence,0,0,0,0,0,"Decide whether this control is in scope, then add findings, evidence, or an exclusion."
iso277012025,A.1.2.2,iso277012025 A.1.2.2,ISO 27701:2025 A.1 A.1 Controls,framework_catalog_only,none,no_mapping_or_evidence,0,0,0,0,0,"Decide whether this control is in scope, then add findings, evidence, or an exclusion."
iso277012025,A.1.2.3,iso277012025 A.1.2.3,ISO 27701:2025 A.1 A.1 Controls,framework_catalog_only,none,no_mapping_or_evidence,0,0,0,0,0,"Decide whether this control is in scope, then add findings, evidence, or an exclusion."
iso277012025,A.1.2.4,iso277012025 A.1.2.4,ISO 27701:2025 A.1 A.1 Controls,framework_catalog_only,none,no_mapping_or_evidence,0,0,0,0,0,"Decide whether this control is in scope, then add findings, evidence, or an exclusion."
iso277012025,A.1.2.5,iso277012025 A.1.2.5,ISO 27701:2025 A.1 A.1 Controls,framework_catalog_only,none,no_mapping_or_evidence,0,0,0,0,0,"Decide whether this control is in scope, then add findings, evidence, or an exclusion."
iso277012025,A.1.2.6,iso277012025 A.1.2.6,ISO 27701:2025 A.1 A.1 Controls,framework_catalog_only,none,no_mapping_or_evidence,0,0,0,0,0,"Decide whether this control is in scope, then add findings, evidence, or an exclusion."
iso277012025,A.1.2.7,iso277012025 A.1.2.7,ISO 27701:2025 A.1 A.1 Controls,framework_catalog_only,none,no_mapping_or_evidence,0,0,0,0,0,"Decide whether this control is in scope, then add findings, evidence, or an exclusion."
iso277012025,A.1.2.8,iso277012025 A.1.2.8,ISO 27701:2025 A.1 A.1 Controls,framework_catalog_only,none,no_mapping_or_evidence,0,0,0,0,0,"Decide whether this control is in scope, then add findings, evidence, or an exclusion."
iso277012025,A.1.2.9,iso277012025 A.1.2.9,ISO 27701:2025 A.1 A.1 Controls,framework_catalog_only,none,no_mapping_or_evidence,0,0,0,0,0,"Decide whether this control is in scope, then add findings, evidence, or an exclusion."
iso277012025,A.1.3.10,iso277012025 A.1.3.10,ISO 27701:2025 A.1 A.1 Controls,framework_catalog_only,none,no_mapping_or_evidence,0,0,0,0,0,"Decide whether this control is in scope, then add findings, evidence, or an exclusion."
iso277012025,A.1.3.11,iso277012025 A.1.3.11,ISO 27701:2025 A.1 A.1 Controls,framework_catalog_only,none,no_mapping_or_evidence,0,0,0,0,0,"Decide whether this control is in scope, then add findings, evidence, or an exclusion."
iso277012025,A.1.3.2,iso277012025 A.1.3.2,ISO 27701:2025 A.1 A.1 Controls,framework_catalog_only,none,no_mapping_or_evidence,0,0,0,0,0,"Decide whether this control is in scope, then add findings, evidence, or an exclusion."
iso277012025,A.1.3.3,iso277012025 A.1.3.3,ISO 27701:2025 A.1 A.1 Controls,framework_catalog_only,none,no_mapping_or_evidence,0,0,0,0,0,"Decide whether this control is in scope, then add findings, evidence, or an exclusion."
iso277012025,A.1.3.4,iso277012025 A.1.3.4,ISO 27701:2025 A.1 A.1 Controls,framework_catalog_only,none,no_mapping_or_evidence,0,0,0,0,0,"Decide whether this control is in scope, then add findings, evidence, or an exclusion."
iso277012025,A.1.3.5,iso277012025 A.1.3.5,ISO 27701:2025 A.1 A.1 Controls,framework_catalog_only,none,no_mapping_or_evidence,0,0,0,0,0,"Decide whether this control is in scope, then add findings, evidence, or an exclusion."
iso277012025,A.1.3.6,iso277012025 A.1.3.6,ISO 27701:2025 A.1 A.1 Controls,framework_catalog_only,none,no_mapping_or_evidence,0,0,0,0,0,"Decide whether this control is in scope, then add findings, evidence, or an exclusion."
iso277012025,A.1.3.7,iso277012025 A.1.3.7,ISO 27701:2025 A.1 A.1 Controls,framework_catalog_only,none,no_mapping_or_evidence,0,0,0,0,0,"Decide whether this control is in scope, then add findings, evidence, or an exclusion."
iso277012025,A.1.3.8,iso277012025 A.1.3.8,ISO 27701:2025 A.1 A.1 Controls,framework_catalog_only,none,no_mapping_or_evidence,0,0,0,0,0,"Decide whether this control is in scope, then add findings, evidence, or an exclusion."
iso277012025,A.1.3.9,iso277012025 A.1.3.9,ISO 27701:2025 A.1 A.1 Controls,framework_catalog_only,none,no_mapping_or_evidence,0,0,0,0,0,"Decide whether this control is in scope, then add findings, evidence, or an exclusion."
iso277012025,A.1.4.10,iso277012025 A.1.4.10,ISO 27701:2025 A.1 A.1 Controls,framework_catalog_only,none,no_mapping_or_evidence,0,0,0,0,0,"Decide whether this control is in scope, then add findings, evidence, or an exclusion."
iso277012025,A.1.4.2,iso277012025 A.1.4.2,ISO 27701:2025 A.1 A.1 Controls,framework_catalog_only,none,no_mapping_or_evidence,0,0,0,0,0,"Decide whether this control is in scope, then add findings, evidence, or an exclusion."
iso277012025,A.1.4.3,iso277012025 A.1.4.3,ISO 27701:2025 A.1 A.1 Controls,framework_catalog_only,none,no_mapping_or_evidence,0,0,0,0,0,"Decide whether this control is in scope, then add findings, evidence, or an exclusion."
iso277012025,A.1.4.4,iso277012025 A.1.4.4,ISO 27701:2025 A.1 A.1 Controls,framework_catalog_only,none,no_mapping_or_evidence,0,0,0,0,0,"Decide whether this control is in scope, then add findings, evidence, or an exclusion."
iso277012025,A.1.4.5,iso277012025 A.1.4.5,ISO 27701:2025 A.1 A.1 Controls,framework_catalog_only,none,no_mapping_or_evidence,0,0,0,0,0,"Decide whether this control is in scope, then add findings, evidence, or an exclusion."
iso277012025,A.1.4.6,iso277012025 A.1.4.6,ISO 27701:2025 A.1 A.1 Controls,framework_catalog_only,none,no_mapping_or_evidence,0,0,0,0,0,"Decide whether this control is in scope, then add findings, evidence, or an exclusion."
iso277012025,A.1.4.7,iso277012025 A.1.4.7,ISO 27701:2025 A.1 A.1 Controls,framework_catalog_only,none,no_mapping_or_evidence,0,0,0,0,0,"Decide whether this control is in scope, then add findings, evidence, or an exclusion."
iso277012025,A.1.4.8,iso277012025 A.1.4.8,ISO 27701:2025 A.1 A.1 Controls,framework_catalog_only,none,no_mapping_or_evidence,0,0,0,0,0,"Decide whether this control is in scope, then add findings, evidence, or an exclusion."
iso277012025,A.1.4.9,iso277012025 A.1.4.9,ISO 27701:2025 A.1 A.1 Controls,framework_catalog_only,none,no_mapping_or_evidence,0,0,0,0,0,"Decide whether this control is in scope, then add findings, evidence, or an exclusion."
iso277012025,A.1.5.2,iso277012025 A.1.5.2,ISO 27701:2025 A.1 A.1 Controls,framework_catalog_only,none,no_mapping_or_evidence,0,0,0,0,0,"Decide whether this control is in scope, then add findings, evidence, or an exclusion."
iso277012025,A.1.5.3,iso277012025 A.1.5.3,ISO 27701:2025 A.1 A.1 Controls,framework_catalog_only,none,no_mapping_or_evidence,0,0,0,0,0,"Decide whether this control is in scope, then add findings, evidence, or an exclusion."
iso277012025,A.1.5.4,iso277012025 A.1.5.4,ISO 27701:2025 A.1 A.1 Controls,framework_catalog_only,none,no_mapping_or_evidence,0,0,0,0,0,"Decide whether this control is in scope, then add findings, evidence, or an exclusion."
iso277012025,A.1.5.5,iso277012025 A.1.5.5,ISO 27701:2025 A.1 A.1 Controls,framework_catalog_only,none,no_mapping_or_evidence,0,0,0,0,0,"Decide whether this control is in scope, then add findings, evidence, or an exclusion."
iso277012025,A.2.2.2,iso277012025 A.2.2.2,ISO 27701:2025 A.2 A.2 Controls,framework_catalog_only,none,no_mapping_or_evidence,0,0,0,0,0,"Decide whether this control is in scope, then add findings, evidence, or an exclusion."
iso277012025,A.2.2.3,iso277012025 A.2.2.3,ISO 27701:2025 A.2 A.2 Controls,framework_catalog_only,none,no_mapping_or_evidence,0,0,0,0,0,"Decide whether this control is in scope, then add findings, evidence, or an exclusion."
iso277012025,A.2.2.4,iso277012025 A.2.2.4,ISO 27701:2025 A.2 A.2 Controls,framework_catalog_only,none,no_mapping_or_evidence,0,0,0,0,0,"Decide whether this control is in scope, then add findings, evidence, or an exclusion."
iso277012025,A.2.2.5,iso277012025 A.2.2.5,ISO 27701:2025 A.2 A.2 Controls,framework_catalog_only,none,no_mapping_or_evidence,0,0,0,0,0,"Decide whether this control is in scope, then add findings, evidence, or an exclusion."
iso277012025,A.2.2.6,iso277012025 A.2.2.6,ISO 27701:2025 A.2 A.2 Controls,framework_catalog_only,none,no_mapping_or_evidence,0,0,0,0,0,"Decide whether this control is in scope, then add findings, evidence, or an exclusion."
iso277012025,A.2.2.7,iso277012025 A.2.2.7,ISO 27701:2025 A.2 A.2 Controls,framework_catalog_only,none,no_mapping_or_evidence,0,0,0,0,0,"Decide whether this control is in scope, then add findings, evidence, or an exclusion."
iso277012025,A.2.3.2,iso277012025 A.2.3.2,ISO 27701:2025 A.2 A.2 Controls,framework_catalog_only,none,no_mapping_or_evidence,0,0,0,0,0,"Decide whether this control is in scope, then add findings, evidence, or an exclusion."
iso277012025,A.2.4.2,iso277012025 A.2.4.2,ISO 27701:2025 A.2 A.2 Controls,framework_catalog_only,none,no_mapping_or_evidence,0,0,0,0,0,"Decide whether this control is in scope, then add findings, evidence, or an exclusion."
iso277012025,A.2.4.3,iso277012025 A.2.4.3,ISO 27701:2025 A.2 A.2 Controls,framework_catalog_only,none,no_mapping_or_evidence,0,0,0,0,0,"Decide whether this control is in scope, then add findings, evidence, or an exclusion."
iso277012025,A.2.4.4,iso277012025 A.2.4.4,ISO 27701:2025 A.2 A.2 Controls,framework_catalog_only,none,no_mapping_or_evidence,0,0,0,0,0,"Decide whether this control is in scope, then add findings, evidence, or an exclusion."
iso277012025,A.2.5.2,iso277012025 A.2.5.2,ISO 27701:2025 A.2 A.2 Controls,framework_catalog_only,none,no_mapping_or_evidence,0,0,0,0,0,"Decide whether this control is in scope, then add findings, evidence, or an exclusion."
iso277012025,A.2.5.3,iso277012025 A.2.5.3,ISO 27701:2025 A.2 A.2 Controls,framework_catalog_only,none,no_mapping_or_evidence,0,0,0,0,0,"Decide whether this control is in scope, then add findings, evidence, or an exclusion."
iso277012025,A.2.5.4,iso277012025 A.2.5.4,ISO 27701:2025 A.2 A.2 Controls,framework_catalog_only,none,no_mapping_or_evidence,0,0,0,0,0,"Decide whether this control is in scope, then add findings, evidence, or an exclusion."
iso277012025,A.2.5.5,iso277012025 A.2.5.5,ISO 27701:2025 A.2 A.2 Controls,framework_catalog_only,none,no_mapping_or_evidence,0,0,0,0,0,"Decide whether this control is in scope, then add findings, evidence, or an exclusion."
iso277012025,A.2.5.6,iso277012025 A.2.5.6,ISO 27701:2025 A.2 A.2 Controls,framework_catalog_only,none,no_mapping_or_evidence,0,0,0,0,0,"Decide whether this control is in scope, then add findings, evidence, or an exclusion."
iso277012025,A.2.5.7,iso277012025 A.2.5.7,ISO 27701:2025 A.2 A.2 Controls,framework_catalog_only,none,no_mapping_or_evidence,0,0,0,0,0,"Decide whether this control is in scope, then add findings, evidence, or an exclusion."
iso277012025,A.2.5.8,iso277012025 A.2.5.8,ISO 27701:2025 A.2 A.2 Controls,framework_catalog_only,none,no_mapping_or_evidence,0,0,0,0,0,"Decide whether this control is in scope, then add findings, evidence, or an exclusion."
iso277012025,A.2.5.9,iso277012025 A.2.5.9,ISO 27701:2025 A.2 A.2 Controls,framework_catalog_only,none,no_mapping_or_evidence,0,0,0,0,0,"Decide whether this control is in scope, then add findings, evidence, or an exclusion."
iso277012025,A.3.10,iso277012025 A.3.10,ISO 27701:2025 A.3 A.3 Controls,framework_catalog_only,none,no_mapping_or_evidence,0,0,0,0,0,"Decide whether this control is in scope, then add findings, evidence, or an exclusion."
iso277012025,A.3.11,iso277012025 A.3.11,ISO 27701:2025 A.3 A.3 Controls,framework_catalog_only,none,no_mapping_or_evidence,0,0,0,0,0,"Decide whether this control is in scope, then add findings, evidence, or an exclusion."
iso277012025,A.3.12,iso277012025 A.3.12,ISO 27701:2025 A.3 A.3 Controls,framework_catalog_only,none,no_mapping_or_evidence,0,0,0,0,0,"Decide whether this control is in scope, then add findings, evidence, or an exclusion."
iso277012025,A.3.13,iso277012025 A.3.13,ISO 27701:2025 A.3 A.3 Controls,framework_catalog_only,none,no_mapping_or_evidence,0,0,0,0,0,"Decide whether this control is in scope, then add findings, evidence, or an exclusion."
iso277012025,A.3.14,iso277012025 A.3.14,ISO 27701:2025 A.3 A.3 Controls,framework_catalog_only,none,no_mapping_or_evidence,0,0,0,0,0,"Decide whether this control is in scope, then add findings, evidence, or an exclusion."
iso277012025,A.3.15,iso277012025 A.3.15,ISO 27701:2025 A.3 A.3 Controls,framework_catalog_only,none,no_mapping_or_evidence,0,0,0,0,0,"Decide whether this control is in scope, then add findings, evidence, or an exclusion."
iso277012025,A.3.16,iso277012025 A.3.16,ISO 27701:2025 A.3 A.3 Controls,framework_catalog_only,none,no_mapping_or_evidence,0,0,0,0,0,"Decide whether this control is in scope, then add findings, evidence, or an exclusion."
iso277012025,A.3.17,iso277012025 A.3.17,ISO 27701:2025 A.3 A.3 Controls,framework_catalog_only,none,no_mapping_or_evidence,0,0,0,0,0,"Decide whether this control is in scope, then add findings, evidence, or an exclusion."
iso277012025,A.3.18,iso277012025 A.3.18,ISO 27701:2025 A.3 A.3 Controls,framework_catalog_only,none,no_mapping_or_evidence,0,0,0,0,0,"Decide whether this control is in scope, then add findings, evidence, or an exclusion."
iso277012025,A.3.19,iso277012025 A.3.19,ISO 27701:2025 A.3 A.3 Controls,framework_catalog_only,none,no_mapping_or_evidence,0,0,0,0,0,"Decide whether this control is in scope, then add findings, evidence, or an exclusion."
iso277012025,A.3.20,iso277012025 A.3.20,ISO 27701:2025 A.3 A.3 Controls,framework_catalog_only,none,no_mapping_or_evidence,0,0,0,0,0,"Decide whether this control is in scope, then add findings, evidence, or an exclusion."
iso277012025,A.3.21,iso277012025 A.3.21,ISO 27701:2025 A.3 A.3 Controls,framework_catalog_only,none,no_mapping_or_evidence,0,0,0,0,0,"Decide whether this control is in scope, then add findings, evidence, or an exclusion."
iso277012025,A.3.22,iso277012025 A.3.22,ISO 27701:2025 A.3 A.3 Controls,framework_catalog_only,none,no_mapping_or_evidence,0,0,0,0,0,"Decide whether this control is in scope, then add findings, evidence, or an exclusion."
iso277012025,A.3.23,iso277012025 A.3.23,ISO 27701:2025 A.3 A.3 Controls,framework_catalog_only,none,no_mapping_or_evidence,0,0,0,0,0,"Decide whether this control is in scope, then add findings, evidence, or an exclusion."
iso277012025,A.3.24,iso277012025 A.3.24,ISO 27701:2025 A.3 A.3 Controls,framework_catalog_only,none,no_mapping_or_evidence,0,0,0,0,0,"Decide whether this control is in scope, then add findings, evidence, or an exclusion."
iso277012025,A.3.25,iso277012025 A.3.25,ISO 27701:2025 A.3 A.3 Controls,framework_catalog_only,none,no_mapping_or_evidence,0,0,0,0,0,"Decide whether this control is in scope, then add findings, evidence, or an exclusion."
iso277012025,A.3.26,iso277012025 A.3.26,ISO 27701:2025 A.3 A.3 Controls,framework_catalog_only,none,no_mapping_or_evidence,0,0,0,0,0,"Decide whether this control is in scope, then add findings, evidence, or an exclusion."
iso277012025,A.3.27,iso277012025 A.3.27,ISO 27701:2025 A.3 A.3 Controls,framework_catalog_only,none,no_mapping_or_evidence,0,0,0,0,0,"Decide whether this control is in scope, then add findings, evidence, or an exclusion."
iso277012025,A.3.28,iso277012025 A.3.28,ISO 27701:2025 A.3 A.3 Controls,framework_catalog_only,none,no_mapping_or_evidence,0,0,0,0,0,"Decide whether this control is in scope, then add findings, evidence, or an exclusion."
iso277012025,A.3.29,iso277012025 A.3.29,ISO 27701:2025 A.3 A.3 Controls,framework_catalog_only,none,no_mapping_or_evidence,0,0,0,0,0,"Decide whether this control is in scope, then add findings, evidence, or an exclusion."
iso277012025,A.3.3,iso277012025 A.3.3,ISO 27701:2025 A.3 A.3 Controls,framework_catalog_only,none,no_mapping_or_evidence,0,0,0,0,0,"Decide whether this control is in scope, then add findings, evidence, or an exclusion."
iso277012025,A.3.30,iso277012025 A.3.30,ISO 27701:2025 A.3 A.3 Controls,framework_catalog_only,none,no_mapping_or_evidence,0,0,0,0,0,"Decide whether this control is in scope, then add findings, evidence, or an exclusion."
iso277012025,A.3.31,iso277012025 A.3.31,ISO 27701:2025 A.3 A.3 Controls,framework_catalog_only,none,no_mapping_or_evidence,0,0,0,0,0,"Decide whether this control is in scope, then add findings, evidence, or an exclusion."
iso277012025,A.3.4,iso277012025 A.3.4,ISO 27701:2025 A.3 A.3 Controls,framework_catalog_only,none,no_mapping_or_evidence,0,0,0,0,0,"Decide whether this control is in scope, then add findings, evidence, or an exclusion."
iso277012025,A.3.5,iso277012025 A.3.5,ISO 27701:2025 A.3 A.3 Controls,framework_catalog_only,none,no_mapping_or_evidence,0,0,0,0,0,"Decide whether this control is in scope, then add findings, evidence, or an exclusion."
iso277012025,A.3.6,iso277012025 A.3.6,ISO 27701:2025 A.3 A.3 Controls,framework_catalog_only,none,no_mapping_or_evidence,0,0,0,0,0,"Decide whether this control is in scope, then add findings, evidence, or an exclusion."
iso277012025,A.3.7,iso277012025 A.3.7,ISO 27701:2025 A.3 A.3 Controls,framework_catalog_only,none,no_mapping_or_evidence,0,0,0,0,0,"Decide whether this control is in scope, then add findings, evidence, or an exclusion."
iso277012025,A.3.8,iso277012025 A.3.8,ISO 27701:2025 A.3 A.3 Controls,framework_catalog_only,none,no_mapping_or_evidence,0,0,0,0,0,"Decide whether this control is in scope, then add findings, evidence, or an exclusion."
iso277012025,A.3.9,iso277012025 A.3.9,ISO 27701:2025 A.3 A.3 Controls,framework_catalog_only,none,no_mapping_or_evidence,0,0,0,0,0,"Decide whether this control is in scope, then add findings, evidence, or an exclusion."
iso277012025,C.10.1,iso277012025 C.10.1,ISO 27701:2025 C.10 Improvement,framework_catalog_only,none,no_mapping_or_evidence,0,0,0,0,0,"Decide whether this control is in scope, then add findings, evidence, or an exclusion."
iso277012025,C.10.2,iso277012025 C.10.2,ISO 27701:2025 C.10 Improvement,framework_catalog_only,none,no_mapping_or_evidence,0,0,0,0,0,"Decide whether this control is in scope, then add findings, evidence, or an exclusion."
iso277012025,C.4.1,iso277012025 C.4.1,ISO 27701:2025 C.4 Context,framework_catalog_only,none,no_mapping_or_evidence,0,0,0,0,0,"Decide whether this control is in scope, then add findings, evidence, or an exclusion."
iso277012025,C.4.2,iso277012025 C.4.2,ISO 27701:2025 C.4 Context,framework_catalog_only,none,no_mapping_or_evidence,0,0,0,0,0,"Decide whether this control is in scope, then add findings, evidence, or an exclusion."
iso277012025,C.4.3,iso277012025 C.4.3,ISO 27701:2025 C.4 Context,framework_catalog_only,none,no_mapping_or_evidence,0,0,0,0,0,"Decide whether this control is in scope, then add findings, evidence, or an exclusion."
iso277012025,C.4.4,iso277012025 C.4.4,ISO 27701:2025 C.4 Context,framework_catalog_only,none,no_mapping_or_evidence,0,0,0,0,0,"Decide whether this control is in scope, then add findings, evidence, or an exclusion."
iso277012025,C.5.1,iso277012025 C.5.1,ISO 27701:2025 C.5 Leadership,framework_catalog_only,none,no_mapping_or_evidence,0,0,0,0,0,"Decide whether this control is in scope, then add findings, evidence, or an exclusion."
iso277012025,C.5.2,iso277012025 C.5.2,ISO 27701:2025 C.5 Leadership,framework_catalog_only,none,no_mapping_or_evidence,0,0,0,0,0,"Decide whether this control is in scope, then add findings, evidence, or an exclusion."
iso277012025,C.5.3,iso277012025 C.5.3,ISO 27701:2025 C.5 Leadership,framework_catalog_only,none,no_mapping_or_evidence,0,0,0,0,0,"Decide whether this control is in scope, then add findings, evidence, or an exclusion."
iso277012025,C.6.1.1,iso277012025 C.6.1.1,ISO 27701:2025 C.6 Planning,framework_catalog_only,none,no_mapping_or_evidence,0,0,0,0,0,"Decide whether this control is in scope, then add findings, evidence, or an exclusion."
iso277012025,C.6.1.2,iso277012025 C.6.1.2,ISO 27701:2025 C.6 Planning,framework_catalog_only,none,no_mapping_or_evidence,0,0,0,0,0,"Decide whether this control is in scope, then add findings, evidence, or an exclusion."
iso277012025,C.6.1.3,iso277012025 C.6.1.3,ISO 27701:2025 C.6 Planning,framework_catalog_only,none,no_mapping_or_evidence,0,0,0,0,0,"Decide whether this control is in scope, then add findings, evidence, or an exclusion."
iso277012025,C.6.2,iso277012025 C.6.2,ISO 27701:2025 C.6 Planning,framework_catalog_only,none,no_mapping_or_evidence,0,0,0,0,0,"Decide whether this control is in scope, then add findings, evidence, or an exclusion."
iso277012025,C.6.3,iso277012025 C.6.3,ISO 27701:2025 C.6 Planning,framework_catalog_only,none,no_mapping_or_evidence,0,0,0,0,0,"Decide whether this control is in scope, then add findings, evidence, or an exclusion."
iso277012025,C.7.1,iso277012025 C.7.1,ISO 27701:2025 C.7 Support,framework_catalog_only,none,no_mapping_or_evidence,0,0,0,0,0,"Decide whether this control is in scope, then add findings, evidence, or an exclusion."
iso277012025,C.7.2,iso277012025 C.7.2,ISO 27701:2025 C.7 Support,framework_catalog_only,none,no_mapping_or_evidence,0,0,0,0,0,"Decide whether this control is in scope, then add findings, evidence, or an exclusion."
iso277012025,C.7.3,iso277012025 C.7.3,ISO 27701:2025 C.7 Support,framework_catalog_only,none,no_mapping_or_evidence,0,0,0,0,0,"Decide whether this control is in scope, then add findings, evidence, or an exclusion."
iso277012025,C.7.4,iso277012025 C.7.4,ISO 27701:2025 C.7 Support,framework_catalog_only,none,no_mapping_or_evidence,0,0,0,0,0,"Decide whether this control is in scope, then add findings, evidence, or an exclusion."
iso277012025,C.7.5.1,iso277012025 C.7.5.1,ISO 27701:2025 C.7 Support,framework_catalog_only,none,no_mapping_or_evidence,0,0,0,0,0,"Decide whether this control is in scope, then add findings, evidence, or an exclusion."
iso277012025,C.7.5.2,iso277012025 C.7.5.2,ISO 27701:2025 C.7 Support,framework_catalog_only,none,no_mapping_or_evidence,0,0,0,0,0,"Decide whether this control is in scope, then add findings, evidence, or an exclusion."
iso277012025,C.7.5.3,iso277012025 C.7.5.3,ISO 27701:2025 C.7 Support,framework_catalog_only,none,no_mapping_or_evidence,0,0,0,0,0,"Decide whether this control is in scope, then add findings, evidence, or an exclusion."
iso277012025,C.8.1,iso277012025 C.8.1,ISO 27701:2025 C.8 Operation,framework_catalog_only,none,no_mapping_or_evidence,0,0,0,0,0,"Decide whether this control is in scope, then add findings, evidence, or an exclusion."
iso277012025,C.8.2,iso277012025 C.8.2,ISO 27701:2025 C.8 Operation,framework_catalog_only,none,no_mapping_or_evidence,0,0,0,0,0,"Decide whether this control is in scope, then add findings, evidence, or an exclusion."
iso277012025,C.8.3,iso277012025 C.8.3,ISO 27701:2025 C.8 Operation,framework_catalog_only,none,no_mapping_or_evidence,0,0,0,0,0,"Decide whether this control is in scope, then add findings, evidence, or an exclusion."
iso277012025,C.9.1,iso277012025 C.9.1,ISO 27701:2025 C.9 Performance Evaluation,framework_catalog_only,none,no_mapping_or_evidence,0,0,0,0,0,"Decide whether this control is in scope, then add findings, evidence, or an exclusion."
iso277012025,C.9.2.1,iso277012025 C.9.2.1,ISO 27701:2025 C.9 Performance Evaluation,framework_catalog_only,none,no_mapping_or_evidence,0,0,0,0,0,"Decide whether this control is in scope, then add findings, evidence, or an exclusion."
iso277012025,C.9.2.2,iso277012025 C.9.2.2,ISO 27701:2025 C.9 Performance Evaluation,framework_catalog_only,none,no_mapping_or_evidence,0,0,0,0,0,"Decide whether this control is in scope, then add findings, evidence, or an exclusion."
iso277012025,C.9.3.1,iso277012025 C.9.3.1,ISO 27701:2025 C.9 Performance Evaluation,framework_catalog_only,none,no_mapping_or_evidence,0,0,0,0,0,"Decide whether this control is in scope, then add findings, evidence, or an exclusion."
iso277012025,C.9.3.2,iso277012025 C.9.3.2,ISO 27701:2025 C.9 Performance Evaluation,framework_catalog_only,none,no_mapping_or_evidence,0,0,0,0,0,"Decide whether this control is in scope, then add findings, evidence, or an exclusion."
iso277012025,C.9.3.3,iso277012025 C.9.3.3,ISO 27701:2025 C.9 Performance Evaluation,framework_catalog_only,none,no_mapping_or_evidence,0,0,0,0,0,"Decide whether this control is in scope, then add findings, evidence, or an exclusion."
iso42001,10.1,iso42001 10.1,ISO 42001 10 Improvement,direct_control_only,direct,missing_source_backing,1,0,0,0,2,Add source capability or evidence requirements for mapped findings.
iso42001,10.2,iso42001 10.2,ISO 42001 10 Improvement,direct_control_only,direct,missing_source_backing,2,0,0,0,2,Add source capability or evidence requirements for mapped findings.
iso42001,6.1,iso42001 6.1,ISO 42001 6 Planning,direct_control_only,direct,missing_source_backing,3,0,0,0,2,Add source capability or evidence requirements for mapped findings.
iso42001,6.2,iso42001 6.2,ISO 42001 6 Planning,direct_control_only,direct,missing_source_backing,3,0,0,0,2,Add source capability or evidence requirements for mapped findings.
iso42001,7.1,iso42001 7.1,ISO 42001 7 Support,direct_control_only,direct,missing_source_backing,1,0,0,0,3,Add source capability or evidence requirements for mapped findings.
iso42001,7.2,iso42001 7.2,ISO 42001 7 Support,direct_control_only,direct,missing_source_backing,1,0,0,0,2,Add source capability or evidence requirements for mapped findings.
iso42001,7.3,iso42001 7.3,ISO 42001 7 Support,direct_control_only,direct,missing_source_backing,1,0,0,0,2,Add source capability or evidence requirements for mapped findings.
iso42001,8.4,iso42001 8.4,ISO 42001 8 Operation,direct_control_only,direct,missing_source_backing,1,0,0,0,1,Add source capability or evidence requirements for mapped findings.
iso42001,9.1,iso42001 9.1,ISO 42001 9 Performance Evaluation,direct_control_only,direct,missing_source_backing,3,0,0,0,2,Add source capability or evidence requirements for mapped findings.
iso42001,9.2,iso42001 9.2,ISO 42001 9 Performance Evaluation,direct_control_only,direct,missing_source_backing,1,0,0,0,1,Add source capability or evidence requirements for mapped findings.
iso42001,9.3,iso42001 9.3,ISO 42001 9 Performance Evaluation,direct_control_only,direct,missing_source_backing,1,0,0,0,2,Add source capability or evidence requirements for mapped findings.
iso42001,9.4,iso42001 9.4,ISO 42001 9 Performance Evaluation,direct_control_only,direct,missing_source_backing,1,0,0,0,1,Add source capability or evidence requirements for mapped findings.
iso42001,A.10.2,iso42001 A.10.2,ISO 42001 A.10 Third-Party and Customer Relationships,framework_catalog_only,none,no_mapping_or_evidence,0,0,0,0,0,"Decide whether this control is in scope, then add findings, evidence, or an exclusion."
iso42001,A.10.3,iso42001 A.10.3,ISO 42001 A.10 Third-Party and Customer Relationships,framework_catalog_only,none,no_mapping_or_evidence,0,0,0,0,0,"Decide whether this control is in scope, then add findings, evidence, or an exclusion."
iso42001,A.10.4,iso42001 A.10.4,ISO 42001 A.10 Third-Party and Customer Relationships,framework_catalog_only,none,no_mapping_or_evidence,0,0,0,0,0,"Decide whether this control is in scope, then add findings, evidence, or an exclusion."
iso42001,A.2.2,iso42001 A.2.2,ISO 42001 A.2 Policies,direct_control_only,direct,missing_source_backing,30,0,0,0,3,Add source capability or evidence requirements for mapped findings.
iso42001,A.2.3,iso42001 A.2.3,ISO 42001 A.2 Policies,framework_catalog_only,none,no_mapping_or_evidence,0,0,0,0,0,"Decide whether this control is in scope, then add findings, evidence, or an exclusion."
iso42001,A.2.4,iso42001 A.2.4,ISO 42001 A.2 Policies,framework_catalog_only,none,no_mapping_or_evidence,0,0,0,0,0,"Decide whether this control is in scope, then add findings, evidence, or an exclusion."
iso42001,A.3.2,iso42001 A.3.2,ISO 42001 A.3 Internal Organization,framework_catalog_only,none,no_mapping_or_evidence,0,0,0,0,0,"Decide whether this control is in scope, then add findings, evidence, or an exclusion."
iso42001,A.3.3,iso42001 A.3.3,ISO 42001 A.3 Internal Organization,framework_catalog_only,none,no_mapping_or_evidence,0,0,0,0,0,"Decide whether this control is in scope, then add findings, evidence, or an exclusion."
iso42001,A.4.2,iso42001 A.4.2,ISO 42001 A.4 Resources,framework_catalog_only,none,no_mapping_or_evidence,0,0,0,0,0,"Decide whether this control is in scope, then add findings, evidence, or an exclusion."
iso42001,A.4.3,iso42001 A.4.3,ISO 42001 A.4 Resources,framework_catalog_only,none,no_mapping_or_evidence,0,0,0,0,0,"Decide whether this control is in scope, then add findings, evidence, or an exclusion."
iso42001,A.4.4,iso42001 A.4.4,ISO 42001 A.4 Resources,framework_catalog_only,none,no_mapping_or_evidence,0,0,0,0,0,"Decide whether this control is in scope, then add findings, evidence, or an exclusion."
iso42001,A.4.5,iso42001 A.4.5,ISO 42001 A.4 Resources,framework_catalog_only,none,no_mapping_or_evidence,0,0,0,0,0,"Decide whether this control is in scope, then add findings, evidence, or an exclusion."
iso42001,A.4.6,iso42001 A.4.6,ISO 42001 A.4 Resources,framework_catalog_only,none,no_mapping_or_evidence,0,0,0,0,0,"Decide whether this control is in scope, then add findings, evidence, or an exclusion."
iso42001,A.5.2,iso42001 A.5.2,ISO 42001 A.5 Impact Assessment,framework_catalog_only,none,no_mapping_or_evidence,0,0,0,0,0,"Decide whether this control is in scope, then add findings, evidence, or an exclusion."
iso42001,A.5.3,iso42001 A.5.3,ISO 42001 A.5 Impact Assessment,framework_catalog_only,none,no_mapping_or_evidence,0,0,0,0,0,"Decide whether this control is in scope, then add findings, evidence, or an exclusion."
iso42001,A.5.4,iso42001 A.5.4,ISO 42001 A.5 Impact Assessment,framework_catalog_only,none,no_mapping_or_evidence,0,0,0,0,0,"Decide whether this control is in scope, then add findings, evidence, or an exclusion."
iso42001,A.5.5,iso42001 A.5.5,ISO 42001 A.5 Impact Assessment,framework_catalog_only,none,no_mapping_or_evidence,0,0,0,0,0,"Decide whether this control is in scope, then add findings, evidence, or an exclusion."
iso42001,A.6.1.2,iso42001 A.6.1.2,ISO 42001 A.6 Lifecycle,framework_catalog_only,none,no_mapping_or_evidence,0,0,0,0,0,"Decide whether this control is in scope, then add findings, evidence, or an exclusion."
iso42001,A.6.1.3,iso42001 A.6.1.3,ISO 42001 A.6 Lifecycle,framework_catalog_only,none,no_mapping_or_evidence,0,0,0,0,0,"Decide whether this control is in scope, then add findings, evidence, or an exclusion."
iso42001,A.6.2.2,iso42001 A.6.2.2,ISO 42001 A.6 Lifecycle,framework_catalog_only,none,no_mapping_or_evidence,0,0,0,0,0,"Decide whether this control is in scope, then add findings, evidence, or an exclusion."
iso42001,A.6.2.3,iso42001 A.6.2.3,ISO 42001 A.6 Lifecycle,framework_catalog_only,none,no_mapping_or_evidence,0,0,0,0,0,"Decide whether this control is in scope, then add findings, evidence, or an exclusion."
iso42001,A.6.2.4,iso42001 A.6.2.4,ISO 42001 A.6 Lifecycle,direct_control_only,direct,missing_source_backing,30,0,0,0,2,Add source capability or evidence requirements for mapped findings.
iso42001,A.6.2.5,iso42001 A.6.2.5,ISO 42001 A.6 Lifecycle,framework_catalog_only,none,no_mapping_or_evidence,0,0,0,0,0,"Decide whether this control is in scope, then add findings, evidence, or an exclusion."
iso42001,A.6.2.6,iso42001 A.6.2.6,ISO 42001 A.6 Lifecycle,framework_catalog_only,none,no_mapping_or_evidence,0,0,0,0,0,"Decide whether this control is in scope, then add findings, evidence, or an exclusion."
iso42001,A.6.2.7,iso42001 A.6.2.7,ISO 42001 A.6 Lifecycle,framework_catalog_only,none,no_mapping_or_evidence,0,0,0,0,0,"Decide whether this control is in scope, then add findings, evidence, or an exclusion."
iso42001,A.6.2.8,iso42001 A.6.2.8,ISO 42001 A.6 Lifecycle,framework_catalog_only,none,no_mapping_or_evidence,0,0,0,0,0,"Decide whether this control is in scope, then add findings, evidence, or an exclusion."
iso42001,A.7.2,iso42001 A.7.2,ISO 42001 A.7 Data,framework_catalog_only,none,no_mapping_or_evidence,0,0,0,0,0,"Decide whether this control is in scope, then add findings, evidence, or an exclusion."
iso42001,A.7.3,iso42001 A.7.3,ISO 42001 A.7 Data,framework_catalog_only,none,no_mapping_or_evidence,0,0,0,0,0,"Decide whether this control is in scope, then add findings, evidence, or an exclusion."
iso42001,A.7.4,iso42001 A.7.4,ISO 42001 A.7 Data,framework_catalog_only,none,no_mapping_or_evidence,0,0,0,0,0,"Decide whether this control is in scope, then add findings, evidence, or an exclusion."
iso42001,A.7.5,iso42001 A.7.5,ISO 42001 A.7 Data,framework_catalog_only,none,no_mapping_or_evidence,0,0,0,0,0,"Decide whether this control is in scope, then add findings, evidence, or an exclusion."
iso42001,A.7.6,iso42001 A.7.6,ISO 42001 A.7 Data,framework_catalog_only,none,no_mapping_or_evidence,0,0,0,0,0,"Decide whether this control is in scope, then add findings, evidence, or an exclusion."
iso42001,A.8.2,iso42001 A.8.2,ISO 42001 A.8 Information for Interested Parties,direct_control_only,direct,missing_source_backing,30,0,0,0,2,Add source capability or evidence requirements for mapped findings.
iso42001,A.8.3,iso42001 A.8.3,ISO 42001 A.8 Information for Interested Parties,framework_catalog_only,none,no_mapping_or_evidence,0,0,0,0,0,"Decide whether this control is in scope, then add findings, evidence, or an exclusion."
iso42001,A.8.4,iso42001 A.8.4,ISO 42001 A.8 Information for Interested Parties,framework_catalog_only,none,no_mapping_or_evidence,0,0,0,0,0,"Decide whether this control is in scope, then add findings, evidence, or an exclusion."
iso42001,A.8.5,iso42001 A.8.5,ISO 42001 A.8 Information for Interested Parties,framework_catalog_only,none,no_mapping_or_evidence,0,0,0,0,0,"Decide whether this control is in scope, then add findings, evidence, or an exclusion."
iso42001,A.9.2,iso42001 A.9.2,ISO 42001 A.9 Use of AI Systems,direct_control_only,direct,missing_source_backing,30,0,0,0,1,Add source capability or evidence requirements for mapped findings.
iso42001,A.9.3,iso42001 A.9.3,ISO 42001 A.9 Use of AI Systems,framework_catalog_only,none,no_mapping_or_evidence,0,0,0,0,0,"Decide whether this control is in scope, then add findings, evidence, or an exclusion."
iso42001,A.9.4,iso42001 A.9.4,ISO 42001 A.9 Use of AI Systems,framework_catalog_only,none,no_mapping_or_evidence,0,0,0,0,0,"Decide whether this control is in scope, then add findings, evidence, or an exclusion."
iso42001,C.10.1,iso42001 C.10.1,ISO 42001 C.10 Improvement,framework_catalog_only,none,no_mapping_or_evidence,0,0,0,0,0,"Decide whether this control is in scope, then add findings, evidence, or an exclusion."
iso42001,C.10.2,iso42001 C.10.2,ISO 42001 C.10 Improvement,framework_catalog_only,none,no_mapping_or_evidence,0,0,0,0,0,"Decide whether this control is in scope, then add findings, evidence, or an exclusion."
iso42001,C.4.1,iso42001 C.4.1,ISO 42001 C.4 Context,framework_catalog_only,none,no_mapping_or_evidence,0,0,0,0,0,"Decide whether this control is in scope, then add findings, evidence, or an exclusion."
iso42001,C.4.2,iso42001 C.4.2,ISO 42001 C.4 Context,framework_catalog_only,none,no_mapping_or_evidence,0,0,0,0,0,"Decide whether this control is in scope, then add findings, evidence, or an exclusion."
iso42001,C.4.3,iso42001 C.4.3,ISO 42001 C.4 Context,framework_catalog_only,none,no_mapping_or_evidence,0,0,0,0,0,"Decide whether this control is in scope, then add findings, evidence, or an exclusion."
iso42001,C.4.4,iso42001 C.4.4,ISO 42001 C.4 Context,framework_catalog_only,none,no_mapping_or_evidence,0,0,0,0,0,"Decide whether this control is in scope, then add findings, evidence, or an exclusion."
iso42001,C.5.1,iso42001 C.5.1,ISO 42001 C.5 Leadership,framework_catalog_only,none,no_mapping_or_evidence,0,0,0,0,0,"Decide whether this control is in scope, then add findings, evidence, or an exclusion."
iso42001,C.5.2,iso42001 C.5.2,ISO 42001 C.5 Leadership,framework_catalog_only,none,no_mapping_or_evidence,0,0,0,0,0,"Decide whether this control is in scope, then add findings, evidence, or an exclusion."
iso42001,C.5.3,iso42001 C.5.3,ISO 42001 C.5 Leadership,framework_catalog_only,none,no_mapping_or_evidence,0,0,0,0,0,"Decide whether this control is in scope, then add findings, evidence, or an exclusion."
iso42001,C.6.1.1,iso42001 C.6.1.1,ISO 42001 C.6 Planning,framework_catalog_only,none,no_mapping_or_evidence,0,0,0,0,0,"Decide whether this control is in scope, then add findings, evidence, or an exclusion."
iso42001,C.6.1.2,iso42001 C.6.1.2,ISO 42001 C.6 Planning,framework_catalog_only,none,no_mapping_or_evidence,0,0,0,0,0,"Decide whether this control is in scope, then add findings, evidence, or an exclusion."
iso42001,C.6.1.3,iso42001 C.6.1.3,ISO 42001 C.6 Planning,framework_catalog_only,none,no_mapping_or_evidence,0,0,0,0,0,"Decide whether this control is in scope, then add findings, evidence, or an exclusion."
iso42001,C.6.1.4,iso42001 C.6.1.4,ISO 42001 C.6 Planning,framework_catalog_only,none,no_mapping_or_evidence,0,0,0,0,0,"Decide whether this control is in scope, then add findings, evidence, or an exclusion."
iso42001,C.6.2,iso42001 C.6.2,ISO 42001 C.6 Planning,framework_catalog_only,none,no_mapping_or_evidence,0,0,0,0,0,"Decide whether this control is in scope, then add findings, evidence, or an exclusion."
iso42001,C.6.3,iso42001 C.6.3,ISO 42001 C.6 Planning,framework_catalog_only,none,no_mapping_or_evidence,0,0,0,0,0,"Decide whether this control is in scope, then add findings, evidence, or an exclusion."
iso42001,C.7.1,iso42001 C.7.1,ISO 42001 C.7 Support,framework_catalog_only,none,no_mapping_or_evidence,0,0,0,0,0,"Decide whether this control is in scope, then add findings, evidence, or an exclusion."
iso42001,C.7.2,iso42001 C.7.2,ISO 42001 C.7 Support,framework_catalog_only,none,no_mapping_or_evidence,0,0,0,0,0,"Decide whether this control is in scope, then add findings, evidence, or an exclusion."
iso42001,C.7.3,iso42001 C.7.3,ISO 42001 C.7 Support,framework_catalog_only,none,no_mapping_or_evidence,0,0,0,0,0,"Decide whether this control is in scope, then add findings, evidence, or an exclusion."
iso42001,C.7.4,iso42001 C.7.4,ISO 42001 C.7 Support,framework_catalog_only,none,no_mapping_or_evidence,0,0,0,0,0,"Decide whether this control is in scope, then add findings, evidence, or an exclusion."
iso42001,C.7.5.1,iso42001 C.7.5.1,ISO 42001 C.7 Support,framework_catalog_only,none,no_mapping_or_evidence,0,0,0,0,0,"Decide whether this control is in scope, then add findings, evidence, or an exclusion."
iso42001,C.7.5.2,iso42001 C.7.5.2,ISO 42001 C.7 Support,framework_catalog_only,none,no_mapping_or_evidence,0,0,0,0,0,"Decide whether this control is in scope, then add findings, evidence, or an exclusion."
iso42001,C.7.5.3,iso42001 C.7.5.3,ISO 42001 C.7 Support,framework_catalog_only,none,no_mapping_or_evidence,0,0,0,0,0,"Decide whether this control is in scope, then add findings, evidence, or an exclusion."
iso42001,C.8.1,iso42001 C.8.1,ISO 42001 C.8 Operation,framework_catalog_only,none,no_mapping_or_evidence,0,0,0,0,0,"Decide whether this control is in scope, then add findings, evidence, or an exclusion."
iso42001,C.8.2,iso42001 C.8.2,ISO 42001 C.8 Operation,framework_catalog_only,none,no_mapping_or_evidence,0,0,0,0,0,"Decide whether this control is in scope, then add findings, evidence, or an exclusion."
iso42001,C.8.3,iso42001 C.8.3,ISO 42001 C.8 Operation,framework_catalog_only,none,no_mapping_or_evidence,0,0,0,0,0,"Decide whether this control is in scope, then add findings, evidence, or an exclusion."
iso42001,C.8.4,iso42001 C.8.4,ISO 42001 C.8 Operation,framework_catalog_only,none,no_mapping_or_evidence,0,0,0,0,0,"Decide whether this control is in scope, then add findings, evidence, or an exclusion."
iso42001,C.9.1,iso42001 C.9.1,ISO 42001 C.9 Performance Evaluation,framework_catalog_only,none,no_mapping_or_evidence,0,0,0,0,0,"Decide whether this control is in scope, then add findings, evidence, or an exclusion."
iso42001,C.9.2.1,iso42001 C.9.2.1,ISO 42001 C.9 Performance Evaluation,framework_catalog_only,none,no_mapping_or_evidence,0,0,0,0,0,"Decide whether this control is in scope, then add findings, evidence, or an exclusion."
iso42001,C.9.2.2,iso42001 C.9.2.2,ISO 42001 C.9 Performance Evaluation,framework_catalog_only,none,no_mapping_or_evidence,0,0,0,0,0,"Decide whether this control is in scope, then add findings, evidence, or an exclusion."
iso42001,C.9.3.1,iso42001 C.9.3.1,ISO 42001 C.9 Performance Evaluation,framework_catalog_only,none,no_mapping_or_evidence,0,0,0,0,0,"Decide whether this control is in scope, then add findings, evidence, or an exclusion."
iso42001,C.9.3.2,iso42001 C.9.3.2,ISO 42001 C.9 Performance Evaluation,framework_catalog_only,none,no_mapping_or_evidence,0,0,0,0,0,"Decide whether this control is in scope, then add findings, evidence, or an exclusion."
iso42001,C.9.3.3,iso42001 C.9.3.3,ISO 42001 C.9 Performance Evaluation,framework_catalog_only,none,no_mapping_or_evidence,0,0,0,0,0,"Decide whether this control is in scope, then add findings, evidence, or an exclusion."
nis2,ARTICLE20,nis2 ARTICLE20,NIS2 GOV Governance,framework_catalog_only,none,no_mapping_or_evidence,0,0,0,0,0,"Decide whether this control is in scope, then add findings, evidence, or an exclusion."
nis2,ARTICLE21(2)(A),nis2 ARTICLE21(2)(A),NIS2 RM Cybersecurity Risk-Management Measures,framework_catalog_only,none,no_mapping_or_evidence,0,0,0,0,0,"Decide whether this control is in scope, then add findings, evidence, or an exclusion."
nis2,ARTICLE21(2)(B),nis2 ARTICLE21(2)(B),NIS2 RM Cybersecurity Risk-Management Measures,framework_catalog_only,none,no_mapping_or_evidence,0,0,0,0,0,"Decide whether this control is in scope, then add findings, evidence, or an exclusion."
nis2,ARTICLE21(2)(C),nis2 ARTICLE21(2)(C),NIS2 RM Cybersecurity Risk-Management Measures,framework_catalog_only,none,no_mapping_or_evidence,0,0,0,0,0,"Decide whether this control is in scope, then add findings, evidence, or an exclusion."
nis2,ARTICLE21(2)(D),nis2 ARTICLE21(2)(D),NIS2 RM Cybersecurity Risk-Management Measures,framework_catalog_only,none,no_mapping_or_evidence,0,0,0,0,0,"Decide whether this control is in scope, then add findings, evidence, or an exclusion."
nis2,ARTICLE21(2)(E),nis2 ARTICLE21(2)(E),NIS2 RM Cybersecurity Risk-Management Measures,framework_catalog_only,none,no_mapping_or_evidence,0,0,0,0,0,"Decide whether this control is in scope, then add findings, evidence, or an exclusion."
nis2,ARTICLE21(2)(F),nis2 ARTICLE21(2)(F),NIS2 RM Cybersecurity Risk-Management Measures,framework_catalog_only,none,no_mapping_or_evidence,0,0,0,0,0,"Decide whether this control is in scope, then add findings, evidence, or an exclusion."
nis2,ARTICLE21(2)(G),nis2 ARTICLE21(2)(G),NIS2 RM Cybersecurity Risk-Management Measures,framework_catalog_only,none,no_mapping_or_evidence,0,0,0,0,0,"Decide whether this control is in scope, then add findings, evidence, or an exclusion."
nis2,ARTICLE21(2)(H),nis2 ARTICLE21(2)(H),NIS2 RM Cybersecurity Risk-Management Measures,framework_catalog_only,none,no_mapping_or_evidence,0,0,0,0,0,"Decide whether this control is in scope, then add findings, evidence, or an exclusion."
nis2,ARTICLE21(2)(I),nis2 ARTICLE21(2)(I),NIS2 RM Cybersecurity Risk-Management Measures,framework_catalog_only,none,no_mapping_or_evidence,0,0,0,0,0,"Decide whether this control is in scope, then add findings, evidence, or an exclusion."
nis2,ARTICLE21(2)(J),nis2 ARTICLE21(2)(J),NIS2 RM Cybersecurity Risk-Management Measures,framework_catalog_only,none,no_mapping_or_evidence,0,0,0,0,0,"Decide whether this control is in scope, then add findings, evidence, or an exclusion."
nis2,ARTICLE23,nis2 ARTICLE23,NIS2 REPORT Reporting Obligations,framework_catalog_only,none,no_mapping_or_evidence,0,0,0,0,0,"Decide whether this control is in scope, then add findings, evidence, or an exclusion."
nis2,CIR-2024-2690-10.2,nis2 CIR-2024-2690-10.2,NIS2 CIR-2024-2690 Technical and Methodological Requirements,framework_catalog_only,none,no_mapping_or_evidence,0,0,0,0,0,"Decide whether this control is in scope, then add findings, evidence, or an exclusion."
nis2,CIR-2024-2690-11,nis2 CIR-2024-2690-11,NIS2 CIR-2024-2690 Technical and Methodological Requirements,framework_catalog_only,none,no_mapping_or_evidence,0,0,0,0,0,"Decide whether this control is in scope, then add findings, evidence, or an exclusion."
nis2,CIR-2024-2690-12,nis2 CIR-2024-2690-12,NIS2 CIR-2024-2690 Technical and Methodological Requirements,framework_catalog_only,none,no_mapping_or_evidence,0,0,0,0,0,"Decide whether this control is in scope, then add findings, evidence, or an exclusion."
nis2,CIR-2024-2690-3,nis2 CIR-2024-2690-3,NIS2 CIR-2024-2690 Technical and Methodological Requirements,framework_catalog_only,none,no_mapping_or_evidence,0,0,0,0,0,"Decide whether this control is in scope, then add findings, evidence, or an exclusion."
nis2,CIR-2024-2690-4,nis2 CIR-2024-2690-4,NIS2 CIR-2024-2690 Technical and Methodological Requirements,framework_catalog_only,none,no_mapping_or_evidence,0,0,0,0,0,"Decide whether this control is in scope, then add findings, evidence, or an exclusion."
nis2,CIR-2024-2690-5,nis2 CIR-2024-2690-5,NIS2 CIR-2024-2690 Technical and Methodological Requirements,framework_catalog_only,none,no_mapping_or_evidence,0,0,0,0,0,"Decide whether this control is in scope, then add findings, evidence, or an exclusion."
nis2,CIR-2024-2690-6.4,nis2 CIR-2024-2690-6.4,NIS2 CIR-2024-2690 Technical and Methodological Requirements,framework_catalog_only,none,no_mapping_or_evidence,0,0,0,0,0,"Decide whether this control is in scope, then add findings, evidence, or an exclusion."
nis2,CIR-2024-2690-6.6,nis2 CIR-2024-2690-6.6,NIS2 CIR-2024-2690 Technical and Methodological Requirements,framework_catalog_only,none,no_mapping_or_evidence,0,0,0,0,0,"Decide whether this control is in scope, then add findings, evidence, or an exclusion."
nis2,CIR-2024-2690-6.7,nis2 CIR-2024-2690-6.7,NIS2 CIR-2024-2690 Technical and Methodological Requirements,framework_catalog_only,none,no_mapping_or_evidence,0,0,0,0,0,"Decide whether this control is in scope, then add findings, evidence, or an exclusion."
nis2,CIR-2024-2690-8.2,nis2 CIR-2024-2690-8.2,NIS2 CIR-2024-2690 Technical and Methodological Requirements,framework_catalog_only,none,no_mapping_or_evidence,0,0,0,0,0,"Decide whether this control is in scope, then add findings, evidence, or an exclusion."
nist80053r5,AC-1,nist80053r5 AC-1,NIST 800-53 r5 AC Access Control,framework_catalog_only,none,no_mapping_or_evidence,0,0,0,0,0,"Decide whether this control is in scope, then add findings, evidence, or an exclusion."
nist80053r5,AC-11,nist80053r5 AC-11,NIST 800-53 r5 AC Access Control,direct_control_only,direct,missing_source_backing,2,0,0,0,0,Add source capability or evidence requirements for mapped findings.
nist80053r5,AC-12,nist80053r5 AC-12,NIST 800-53 r5 AC Access Control,framework_catalog_only,none,no_mapping_or_evidence,0,0,0,0,0,"Decide whether this control is in scope, then add findings, evidence, or an exclusion."
nist80053r5,AC-14,nist80053r5 AC-14,NIST 800-53 r5 AC Access Control,framework_catalog_only,none,no_mapping_or_evidence,0,0,0,0,0,"Decide whether this control is in scope, then add findings, evidence, or an exclusion."
nist80053r5,AC-17,nist80053r5 AC-17,NIST 800-53 r5 AC Access Control,direct_control_only,direct,missing_source_backing,3,0,0,0,0,Add source capability or evidence requirements for mapped findings.
nist80053r5,AC-18,nist80053r5 AC-18,NIST 800-53 r5 AC Access Control,framework_catalog_only,none,no_mapping_or_evidence,0,0,0,0,0,"Decide whether this control is in scope, then add findings, evidence, or an exclusion."
nist80053r5,AC-19,nist80053r5 AC-19,NIST 800-53 r5 AC Access Control,framework_catalog_only,none,no_mapping_or_evidence,0,0,0,0,0,"Decide whether this control is in scope, then add findings, evidence, or an exclusion."
nist80053r5,AC-2,nist80053r5 AC-2,NIST 800-53 r5 AC Access Control,direct_source_backed,direct,none,290,23,23,0,0,Maintain evidence collection and sampling.
nist80053r5,AC-20,nist80053r5 AC-20,NIST 800-53 r5 AC Access Control,framework_catalog_only,none,no_mapping_or_evidence,0,0,0,0,0,"Decide whether this control is in scope, then add findings, evidence, or an exclusion."
nist80053r5,AC-21,nist80053r5 AC-21,NIST 800-53 r5 AC Access Control,framework_catalog_only,none,no_mapping_or_evidence,0,0,0,0,0,"Decide whether this control is in scope, then add findings, evidence, or an exclusion."
nist80053r5,AC-22,nist80053r5 AC-22,NIST 800-53 r5 AC Access Control,framework_catalog_only,none,no_mapping_or_evidence,0,0,0,0,0,"Decide whether this control is in scope, then add findings, evidence, or an exclusion."
nist80053r5,AC-23,nist80053r5 AC-23,NIST 800-53 r5 AC Access Control,framework_catalog_only,none,no_mapping_or_evidence,0,0,0,0,0,"Decide whether this control is in scope, then add findings, evidence, or an exclusion."
nist80053r5,AC-24,nist80053r5 AC-24,NIST 800-53 r5 AC Access Control,framework_catalog_only,none,no_mapping_or_evidence,0,0,0,0,0,"Decide whether this control is in scope, then add findings, evidence, or an exclusion."
nist80053r5,AC-25,nist80053r5 AC-25,NIST 800-53 r5 AC Access Control,framework_catalog_only,none,no_mapping_or_evidence,0,0,0,0,0,"Decide whether this control is in scope, then add findings, evidence, or an exclusion."
nist80053r5,AC-3,nist80053r5 AC-3,NIST 800-53 r5 AC Access Control,direct_source_backed,direct,none,308,168,168,0,0,Maintain evidence collection and sampling.
nist80053r5,AC-4,nist80053r5 AC-4,NIST 800-53 r5 AC Access Control,direct_control_only,direct,missing_source_backing,40,0,0,0,0,Add source capability or evidence requirements for mapped findings.
nist80053r5,AC-5,nist80053r5 AC-5,NIST 800-53 r5 AC Access Control,framework_catalog_only,none,no_mapping_or_evidence,0,0,0,0,0,"Decide whether this control is in scope, then add findings, evidence, or an exclusion."
nist80053r5,AC-6,nist80053r5 AC-6,NIST 800-53 r5 AC Access Control,direct_source_backed,direct,none,238,23,23,0,0,Maintain evidence collection and sampling.
nist80053r5,AC-7,nist80053r5 AC-7,NIST 800-53 r5 AC Access Control,framework_catalog_only,none,no_mapping_or_evidence,0,0,0,0,0,"Decide whether this control is in scope, then add findings, evidence, or an exclusion."
nist80053r5,AC-8,nist80053r5 AC-8,NIST 800-53 r5 AC Access Control,framework_catalog_only,none,no_mapping_or_evidence,0,0,0,0,0,"Decide whether this control is in scope, then add findings, evidence, or an exclusion."
nist80053r5,AT-1,nist80053r5 AT-1,NIST 800-53 r5 AT Awareness and Training,framework_catalog_only,none,no_mapping_or_evidence,0,0,0,0,0,"Decide whether this control is in scope, then add findings, evidence, or an exclusion."
nist80053r5,AT-2,nist80053r5 AT-2,NIST 800-53 r5 AT Awareness and Training,direct_control_only,direct,missing_source_backing,1,0,0,0,0,Add source capability or evidence requirements for mapped findings.
nist80053r5,AT-3,nist80053r5 AT-3,NIST 800-53 r5 AT Awareness and Training,framework_catalog_only,none,no_mapping_or_evidence,0,0,0,0,0,"Decide whether this control is in scope, then add findings, evidence, or an exclusion."
nist80053r5,AT-4,nist80053r5 AT-4,NIST 800-53 r5 AT Awareness and Training,framework_catalog_only,none,no_mapping_or_evidence,0,0,0,0,0,"Decide whether this control is in scope, then add findings, evidence, or an exclusion."
nist80053r5,AT-5,nist80053r5 AT-5,NIST 800-53 r5 AT Awareness and Training,framework_catalog_only,none,no_mapping_or_evidence,0,0,0,0,0,"Decide whether this control is in scope, then add findings, evidence, or an exclusion."
nist80053r5,AT-6,nist80053r5 AT-6,NIST 800-53 r5 AT Awareness and Training,framework_catalog_only,none,no_mapping_or_evidence,0,0,0,0,0,"Decide whether this control is in scope, then add findings, evidence, or an exclusion."
nist80053r5,AU-1,nist80053r5 AU-1,NIST 800-53 r5 AU Audit and Accountability,framework_catalog_only,none,no_mapping_or_evidence,0,0,0,0,0,"Decide whether this control is in scope, then add findings, evidence, or an exclusion."
nist80053r5,AU-10,nist80053r5 AU-10,NIST 800-53 r5 AU Audit and Accountability,framework_catalog_only,none,no_mapping_or_evidence,0,0,0,0,0,"Decide whether this control is in scope, then add findings, evidence, or an exclusion."
nist80053r5,AU-11,nist80053r5 AU-11,NIST 800-53 r5 AU Audit and Accountability,framework_catalog_only,none,no_mapping_or_evidence,0,0,0,0,0,"Decide whether this control is in scope, then add findings, evidence, or an exclusion."
nist80053r5,AU-12,nist80053r5 AU-12,NIST 800-53 r5 AU Audit and Accountability,direct_control_only,direct,missing_source_backing,31,0,0,0,0,Add source capability or evidence requirements for mapped findings.
nist80053r5,AU-13,nist80053r5 AU-13,NIST 800-53 r5 AU Audit and Accountability,framework_catalog_only,none,no_mapping_or_evidence,0,0,0,0,0,"Decide whether this control is in scope, then add findings, evidence, or an exclusion."
nist80053r5,AU-14,nist80053r5 AU-14,NIST 800-53 r5 AU Audit and Accountability,framework_catalog_only,none,no_mapping_or_evidence,0,0,0,0,0,"Decide whether this control is in scope, then add findings, evidence, or an exclusion."
nist80053r5,AU-16,nist80053r5 AU-16,NIST 800-53 r5 AU Audit and Accountability,framework_catalog_only,none,no_mapping_or_evidence,0,0,0,0,0,"Decide whether this control is in scope, then add findings, evidence, or an exclusion."
nist80053r5,AU-2,nist80053r5 AU-2,NIST 800-53 r5 AU Audit and Accountability,direct_source_backed,direct,none,171,136,136,0,0,Maintain evidence collection and sampling.
nist80053r5,AU-3,nist80053r5 AU-3,NIST 800-53 r5 AU Audit and Accountability,direct_control_only,direct,missing_source_backing,1,0,0,0,0,Add source capability or evidence requirements for mapped findings.
nist80053r5,AU-4,nist80053r5 AU-4,NIST 800-53 r5 AU Audit and Accountability,framework_catalog_only,none,no_mapping_or_evidence,0,0,0,0,0,"Decide whether this control is in scope, then add findings, evidence, or an exclusion."
nist80053r5,AU-5,nist80053r5 AU-5,NIST 800-53 r5 AU Audit and Accountability,framework_catalog_only,none,no_mapping_or_evidence,0,0,0,0,0,"Decide whether this control is in scope, then add findings, evidence, or an exclusion."
nist80053r5,AU-6,nist80053r5 AU-6,NIST 800-53 r5 AU Audit and Accountability,direct_source_backed,direct,none,137,129,129,0,0,Maintain evidence collection and sampling.
nist80053r5,AU-7,nist80053r5 AU-7,NIST 800-53 r5 AU Audit and Accountability,framework_catalog_only,none,no_mapping_or_evidence,0,0,0,0,0,"Decide whether this control is in scope, then add findings, evidence, or an exclusion."
nist80053r5,AU-8,nist80053r5 AU-8,NIST 800-53 r5 AU Audit and Accountability,framework_catalog_only,none,no_mapping_or_evidence,0,0,0,0,0,"Decide whether this control is in scope, then add findings, evidence, or an exclusion."
nist80053r5,AU-9,nist80053r5 AU-9,NIST 800-53 r5 AU Audit and Accountability,direct_control_only,direct,missing_source_backing,2,0,0,0,0,Add source capability or evidence requirements for mapped findings.
nist80053r5,CA-1,nist80053r5 CA-1,"NIST 800-53 r5 CA Assessment, Authorization, and Monitoring",framework_catalog_only,none,no_mapping_or_evidence,0,0,0,0,0,"Decide whether this control is in scope, then add findings, evidence, or an exclusion."
nist80053r5,CA-2,nist80053r5 CA-2,"NIST 800-53 r5 CA Assessment, Authorization, and Monitoring",framework_catalog_only,none,no_mapping_or_evidence,0,0,0,0,0,"Decide whether this control is in scope, then add findings, evidence, or an exclusion."
nist80053r5,CA-3,nist80053r5 CA-3,"NIST 800-53 r5 CA Assessment, Authorization, and Monitoring",framework_catalog_only,none,no_mapping_or_evidence,0,0,0,0,0,"Decide whether this control is in scope, then add findings, evidence, or an exclusion."
nist80053r5,CA-5,nist80053r5 CA-5,"NIST 800-53 r5 CA Assessment, Authorization, and Monitoring",framework_catalog_only,none,no_mapping_or_evidence,0,0,0,0,0,"Decide whether this control is in scope, then add findings, evidence, or an exclusion."
nist80053r5,CA-6,nist80053r5 CA-6,"NIST 800-53 r5 CA Assessment, Authorization, and Monitoring",framework_catalog_only,none,no_mapping_or_evidence,0,0,0,0,0,"Decide whether this control is in scope, then add findings, evidence, or an exclusion."
nist80053r5,CA-7,nist80053r5 CA-7,"NIST 800-53 r5 CA Assessment, Authorization, and Monitoring",direct_control_only,direct,missing_source_backing,2,0,0,0,0,Add source capability or evidence requirements for mapped findings.
nist80053r5,CA-8,nist80053r5 CA-8,"NIST 800-53 r5 CA Assessment, Authorization, and Monitoring",framework_catalog_only,none,no_mapping_or_evidence,0,0,0,0,0,"Decide whether this control is in scope, then add findings, evidence, or an exclusion."
nist80053r5,CA-9,nist80053r5 CA-9,"NIST 800-53 r5 CA Assessment, Authorization, and Monitoring",framework_catalog_only,none,no_mapping_or_evidence,0,0,0,0,0,"Decide whether this control is in scope, then add findings, evidence, or an exclusion."
nist80053r5,CM-1,nist80053r5 CM-1,NIST 800-53 r5 CM Configuration Management,framework_catalog_only,none,no_mapping_or_evidence,0,0,0,0,0,"Decide whether this control is in scope, then add findings, evidence, or an exclusion."
nist80053r5,CM-10,nist80053r5 CM-10,NIST 800-53 r5 CM Configuration Management,framework_catalog_only,none,no_mapping_or_evidence,0,0,0,0,0,"Decide whether this control is in scope, then add findings, evidence, or an exclusion."
nist80053r5,CM-11,nist80053r5 CM-11,NIST 800-53 r5 CM Configuration Management,framework_catalog_only,none,no_mapping_or_evidence,0,0,0,0,0,"Decide whether this control is in scope, then add findings, evidence, or an exclusion."
nist80053r5,CM-12,nist80053r5 CM-12,NIST 800-53 r5 CM Configuration Management,framework_catalog_only,none,no_mapping_or_evidence,0,0,0,0,0,"Decide whether this control is in scope, then add findings, evidence, or an exclusion."
nist80053r5,CM-13,nist80053r5 CM-13,NIST 800-53 r5 CM Configuration Management,framework_catalog_only,none,no_mapping_or_evidence,0,0,0,0,0,"Decide whether this control is in scope, then add findings, evidence, or an exclusion."
nist80053r5,CM-14,nist80053r5 CM-14,NIST 800-53 r5 CM Configuration Management,framework_catalog_only,none,no_mapping_or_evidence,0,0,0,0,0,"Decide whether this control is in scope, then add findings, evidence, or an exclusion."
nist80053r5,CM-2,nist80053r5 CM-2,NIST 800-53 r5 CM Configuration Management,framework_catalog_only,none,no_mapping_or_evidence,0,0,0,0,0,"Decide whether this control is in scope, then add findings, evidence, or an exclusion."
nist80053r5,CM-3,nist80053r5 CM-3,NIST 800-53 r5 CM Configuration Management,direct_source_backed,direct,none,4,3,3,0,0,Maintain evidence collection and sampling.
nist80053r5,CM-4,nist80053r5 CM-4,NIST 800-53 r5 CM Configuration Management,framework_catalog_only,none,no_mapping_or_evidence,0,0,0,0,0,"Decide whether this control is in scope, then add findings, evidence, or an exclusion."
nist80053r5,CM-5,nist80053r5 CM-5,NIST 800-53 r5 CM Configuration Management,direct_control_only,direct,missing_source_backing,29,0,0,0,0,Add source capability or evidence requirements for mapped findings.
nist80053r5,CM-6,nist80053r5 CM-6,NIST 800-53 r5 CM Configuration Management,direct_source_backed,direct,none,123,68,68,0,0,Maintain evidence collection and sampling.
nist80053r5,CM-7,nist80053r5 CM-7,NIST 800-53 r5 CM Configuration Management,direct_control_only,direct,missing_source_backing,12,0,0,0,0,Add source capability or evidence requirements for mapped findings.
nist80053r5,CM-8,nist80053r5 CM-8,NIST 800-53 r5 CM Configuration Management,direct_source_backed,direct,none,9,2,2,0,0,Maintain evidence collection and sampling.
nist80053r5,CM-9,nist80053r5 CM-9,NIST 800-53 r5 CM Configuration Management,framework_catalog_only,none,no_mapping_or_evidence,0,0,0,0,0,"Decide whether this control is in scope, then add findings, evidence, or an exclusion."
nist80053r5,CP-1,nist80053r5 CP-1,NIST 800-53 r5 CP Contingency Planning,framework_catalog_only,none,no_mapping_or_evidence,0,0,0,0,0,"Decide whether this control is in scope, then add findings, evidence, or an exclusion."
nist80053r5,CP-10,nist80053r5 CP-10,NIST 800-53 r5 CP Contingency Planning,direct_control_only,direct,missing_source_backing,16,0,0,0,0,Add source capability or evidence requirements for mapped findings.
nist80053r5,CP-11,nist80053r5 CP-11,NIST 800-53 r5 CP Contingency Planning,framework_catalog_only,none,no_mapping_or_evidence,0,0,0,0,0,"Decide whether this control is in scope, then add findings, evidence, or an exclusion."
nist80053r5,CP-12,nist80053r5 CP-12,NIST 800-53 r5 CP Contingency Planning,framework_catalog_only,none,no_mapping_or_evidence,0,0,0,0,0,"Decide whether this control is in scope, then add findings, evidence, or an exclusion."
nist80053r5,CP-13,nist80053r5 CP-13,NIST 800-53 r5 CP Contingency Planning,framework_catalog_only,none,no_mapping_or_evidence,0,0,0,0,0,"Decide whether this control is in scope, then add findings, evidence, or an exclusion."
nist80053r5,CP-2,nist80053r5 CP-2,NIST 800-53 r5 CP Contingency Planning,direct_control_only,direct,missing_source_backing,21,0,0,0,0,Add source capability or evidence requirements for mapped findings.
nist80053r5,CP-3,nist80053r5 CP-3,NIST 800-53 r5 CP Contingency Planning,framework_catalog_only,none,no_mapping_or_evidence,0,0,0,0,0,"Decide whether this control is in scope, then add findings, evidence, or an exclusion."
nist80053r5,CP-4,nist80053r5 CP-4,NIST 800-53 r5 CP Contingency Planning,direct_control_only,direct,missing_source_backing,21,0,0,0,0,Add source capability or evidence requirements for mapped findings.
nist80053r5,CP-6,nist80053r5 CP-6,NIST 800-53 r5 CP Contingency Planning,framework_catalog_only,none,no_mapping_or_evidence,0,0,0,0,0,"Decide whether this control is in scope, then add findings, evidence, or an exclusion."
nist80053r5,CP-7,nist80053r5 CP-7,NIST 800-53 r5 CP Contingency Planning,framework_catalog_only,none,no_mapping_or_evidence,0,0,0,0,0,"Decide whether this control is in scope, then add findings, evidence, or an exclusion."
nist80053r5,CP-8,nist80053r5 CP-8,NIST 800-53 r5 CP Contingency Planning,framework_catalog_only,none,no_mapping_or_evidence,0,0,0,0,0,"Decide whether this control is in scope, then add findings, evidence, or an exclusion."
nist80053r5,CP-9,nist80053r5 CP-9,NIST 800-53 r5 CP Contingency Planning,direct_control_only,direct,missing_source_backing,17,0,0,0,0,Add source capability or evidence requirements for mapped findings.
nist80053r5,IA-1,nist80053r5 IA-1,NIST 800-53 r5 IA Identification and Authentication,framework_catalog_only,none,no_mapping_or_evidence,0,0,0,0,0,"Decide whether this control is in scope, then add findings, evidence, or an exclusion."
nist80053r5,IA-10,nist80053r5 IA-10,NIST 800-53 r5 IA Identification and Authentication,framework_catalog_only,none,no_mapping_or_evidence,0,0,0,0,0,"Decide whether this control is in scope, then add findings, evidence, or an exclusion."
nist80053r5,IA-11,nist80053r5 IA-11,NIST 800-53 r5 IA Identification and Authentication,framework_catalog_only,none,no_mapping_or_evidence,0,0,0,0,0,"Decide whether this control is in scope, then add findings, evidence, or an exclusion."
nist80053r5,IA-12,nist80053r5 IA-12,NIST 800-53 r5 IA Identification and Authentication,framework_catalog_only,none,no_mapping_or_evidence,0,0,0,0,0,"Decide whether this control is in scope, then add findings, evidence, or an exclusion."
nist80053r5,IA-2,nist80053r5 IA-2,NIST 800-53 r5 IA Identification and Authentication,direct_control_only,direct,missing_source_backing,107,0,0,0,0,Add source capability or evidence requirements for mapped findings.
nist80053r5,IA-3,nist80053r5 IA-3,NIST 800-53 r5 IA Identification and Authentication,framework_catalog_only,none,no_mapping_or_evidence,0,0,0,0,0,"Decide whether this control is in scope, then add findings, evidence, or an exclusion."
nist80053r5,IA-4,nist80053r5 IA-4,NIST 800-53 r5 IA Identification and Authentication,framework_catalog_only,none,no_mapping_or_evidence,0,0,0,0,0,"Decide whether this control is in scope, then add findings, evidence, or an exclusion."
nist80053r5,IA-5,nist80053r5 IA-5,NIST 800-53 r5 IA Identification and Authentication,direct_source_backed,direct,none,118,14,14,0,0,Maintain evidence collection and sampling.
nist80053r5,IA-6,nist80053r5 IA-6,NIST 800-53 r5 IA Identification and Authentication,framework_catalog_only,none,no_mapping_or_evidence,0,0,0,0,0,"Decide whether this control is in scope, then add findings, evidence, or an exclusion."
nist80053r5,IA-7,nist80053r5 IA-7,NIST 800-53 r5 IA Identification and Authentication,framework_catalog_only,none,no_mapping_or_evidence,0,0,0,0,0,"Decide whether this control is in scope, then add findings, evidence, or an exclusion."
nist80053r5,IA-8,nist80053r5 IA-8,NIST 800-53 r5 IA Identification and Authentication,framework_catalog_only,none,no_mapping_or_evidence,0,0,0,0,0,"Decide whether this control is in scope, then add findings, evidence, or an exclusion."
nist80053r5,IA-9,nist80053r5 IA-9,NIST 800-53 r5 IA Identification and Authentication,framework_catalog_only,none,no_mapping_or_evidence,0,0,0,0,0,"Decide whether this control is in scope, then add findings, evidence, or an exclusion."
nist80053r5,IR-1,nist80053r5 IR-1,NIST 800-53 r5 IR Incident Response,direct_control_only,direct,missing_source_backing,1,0,0,0,0,Add source capability or evidence requirements for mapped findings.
nist80053r5,IR-2,nist80053r5 IR-2,NIST 800-53 r5 IR Incident Response,framework_catalog_only,none,no_mapping_or_evidence,0,0,0,0,0,"Decide whether this control is in scope, then add findings, evidence, or an exclusion."
nist80053r5,IR-3,nist80053r5 IR-3,NIST 800-53 r5 IR Incident Response,framework_catalog_only,none,no_mapping_or_evidence,0,0,0,0,0,"Decide whether this control is in scope, then add findings, evidence, or an exclusion."
nist80053r5,IR-4,nist80053r5 IR-4,NIST 800-53 r5 IR Incident Response,direct_source_backed,direct,none,23,4,4,0,0,Maintain evidence collection and sampling.
nist80053r5,IR-5,nist80053r5 IR-5,NIST 800-53 r5 IR Incident Response,direct_control_only,direct,missing_source_backing,8,0,0,0,0,Add source capability or evidence requirements for mapped findings.
nist80053r5,IR-6,nist80053r5 IR-6,NIST 800-53 r5 IR Incident Response,framework_catalog_only,none,no_mapping_or_evidence,0,0,0,0,0,"Decide whether this control is in scope, then add findings, evidence, or an exclusion."
nist80053r5,IR-7,nist80053r5 IR-7,NIST 800-53 r5 IR Incident Response,framework_catalog_only,none,no_mapping_or_evidence,0,0,0,0,0,"Decide whether this control is in scope, then add findings, evidence, or an exclusion."
nist80053r5,IR-8,nist80053r5 IR-8,NIST 800-53 r5 IR Incident Response,direct_control_only,direct,missing_source_backing,8,0,0,0,0,Add source capability or evidence requirements for mapped findings.
nist80053r5,IR-9,nist80053r5 IR-9,NIST 800-53 r5 IR Incident Response,framework_catalog_only,none,no_mapping_or_evidence,0,0,0,0,0,"Decide whether this control is in scope, then add findings, evidence, or an exclusion."
nist80053r5,MA-1,nist80053r5 MA-1,NIST 800-53 r5 MA Maintenance,framework_catalog_only,none,no_mapping_or_evidence,0,0,0,0,0,"Decide whether this control is in scope, then add findings, evidence, or an exclusion."
nist80053r5,MA-2,nist80053r5 MA-2,NIST 800-53 r5 MA Maintenance,framework_catalog_only,none,no_mapping_or_evidence,0,0,0,0,0,"Decide whether this control is in scope, then add findings, evidence, or an exclusion."
nist80053r5,MA-3,nist80053r5 MA-3,NIST 800-53 r5 MA Maintenance,framework_catalog_only,none,no_mapping_or_evidence,0,0,0,0,0,"Decide whether this control is in scope, then add findings, evidence, or an exclusion."
nist80053r5,MA-4,nist80053r5 MA-4,NIST 800-53 r5 MA Maintenance,framework_catalog_only,none,no_mapping_or_evidence,0,0,0,0,0,"Decide whether this control is in scope, then add findings, evidence, or an exclusion."
nist80053r5,MA-5,nist80053r5 MA-5,NIST 800-53 r5 MA Maintenance,framework_catalog_only,none,no_mapping_or_evidence,0,0,0,0,0,"Decide whether this control is in scope, then add findings, evidence, or an exclusion."
nist80053r5,MA-6,nist80053r5 MA-6,NIST 800-53 r5 MA Maintenance,framework_catalog_only,none,no_mapping_or_evidence,0,0,0,0,0,"Decide whether this control is in scope, then add findings, evidence, or an exclusion."
nist80053r5,MP-1,nist80053r5 MP-1,NIST 800-53 r5 MP Media Protection,framework_catalog_only,none,no_mapping_or_evidence,0,0,0,0,0,"Decide whether this control is in scope, then add findings, evidence, or an exclusion."
nist80053r5,MP-2,nist80053r5 MP-2,NIST 800-53 r5 MP Media Protection,framework_catalog_only,none,no_mapping_or_evidence,0,0,0,0,0,"Decide whether this control is in scope, then add findings, evidence, or an exclusion."
nist80053r5,MP-3,nist80053r5 MP-3,NIST 800-53 r5 MP Media Protection,framework_catalog_only,none,no_mapping_or_evidence,0,0,0,0,0,"Decide whether this control is in scope, then add findings, evidence, or an exclusion."
nist80053r5,MP-4,nist80053r5 MP-4,NIST 800-53 r5 MP Media Protection,direct_control_only,direct,missing_source_backing,1,0,0,0,0,Add source capability or evidence requirements for mapped findings.
nist80053r5,MP-5,nist80053r5 MP-5,NIST 800-53 r5 MP Media Protection,framework_catalog_only,none,no_mapping_or_evidence,0,0,0,0,0,"Decide whether this control is in scope, then add findings, evidence, or an exclusion."
nist80053r5,MP-6,nist80053r5 MP-6,NIST 800-53 r5 MP Media Protection,framework_catalog_only,none,no_mapping_or_evidence,0,0,0,0,0,"Decide whether this control is in scope, then add findings, evidence, or an exclusion."
nist80053r5,MP-7,nist80053r5 MP-7,NIST 800-53 r5 MP Media Protection,framework_catalog_only,none,no_mapping_or_evidence,0,0,0,0,0,"Decide whether this control is in scope, then add findings, evidence, or an exclusion."
nist80053r5,MP-8,nist80053r5 MP-8,NIST 800-53 r5 MP Media Protection,framework_catalog_only,none,no_mapping_or_evidence,0,0,0,0,0,"Decide whether this control is in scope, then add findings, evidence, or an exclusion."
nist80053r5,PE-1,nist80053r5 PE-1,NIST 800-53 r5 PE Physical and Environmental Protection,framework_catalog_only,none,no_mapping_or_evidence,0,0,0,0,0,"Decide whether this control is in scope, then add findings, evidence, or an exclusion."
nist80053r5,PE-10,nist80053r5 PE-10,NIST 800-53 r5 PE Physical and Environmental Protection,framework_catalog_only,none,no_mapping_or_evidence,0,0,0,0,0,"Decide whether this control is in scope, then add findings, evidence, or an exclusion."
nist80053r5,PE-11,nist80053r5 PE-11,NIST 800-53 r5 PE Physical and Environmental Protection,framework_catalog_only,none,no_mapping_or_evidence,0,0,0,0,0,"Decide whether this control is in scope, then add findings, evidence, or an exclusion."
nist80053r5,PE-12,nist80053r5 PE-12,NIST 800-53 r5 PE Physical and Environmental Protection,framework_catalog_only,none,no_mapping_or_evidence,0,0,0,0,0,"Decide whether this control is in scope, then add findings, evidence, or an exclusion."
nist80053r5,PE-13,nist80053r5 PE-13,NIST 800-53 r5 PE Physical and Environmental Protection,framework_catalog_only,none,no_mapping_or_evidence,0,0,0,0,0,"Decide whether this control is in scope, then add findings, evidence, or an exclusion."
nist80053r5,PE-14,nist80053r5 PE-14,NIST 800-53 r5 PE Physical and Environmental Protection,framework_catalog_only,none,no_mapping_or_evidence,0,0,0,0,0,"Decide whether this control is in scope, then add findings, evidence, or an exclusion."
nist80053r5,PE-15,nist80053r5 PE-15,NIST 800-53 r5 PE Physical and Environmental Protection,framework_catalog_only,none,no_mapping_or_evidence,0,0,0,0,0,"Decide whether this control is in scope, then add findings, evidence, or an exclusion."
nist80053r5,PE-16,nist80053r5 PE-16,NIST 800-53 r5 PE Physical and Environmental Protection,framework_catalog_only,none,no_mapping_or_evidence,0,0,0,0,0,"Decide whether this control is in scope, then add findings, evidence, or an exclusion."
nist80053r5,PE-17,nist80053r5 PE-17,NIST 800-53 r5 PE Physical and Environmental Protection,framework_catalog_only,none,no_mapping_or_evidence,0,0,0,0,0,"Decide whether this control is in scope, then add findings, evidence, or an exclusion."
nist80053r5,PE-18,nist80053r5 PE-18,NIST 800-53 r5 PE Physical and Environmental Protection,framework_catalog_only,none,no_mapping_or_evidence,0,0,0,0,0,"Decide whether this control is in scope, then add findings, evidence, or an exclusion."
nist80053r5,PE-19,nist80053r5 PE-19,NIST 800-53 r5 PE Physical and Environmental Protection,framework_catalog_only,none,no_mapping_or_evidence,0,0,0,0,0,"Decide whether this control is in scope, then add findings, evidence, or an exclusion."
nist80053r5,PE-2,nist80053r5 PE-2,NIST 800-53 r5 PE Physical and Environmental Protection,framework_catalog_only,none,no_mapping_or_evidence,0,0,0,0,0,"Decide whether this control is in scope, then add findings, evidence, or an exclusion."
nist80053r5,PE-20,nist80053r5 PE-20,NIST 800-53 r5 PE Physical and Environmental Protection,framework_catalog_only,none,no_mapping_or_evidence,0,0,0,0,0,"Decide whether this control is in scope, then add findings, evidence, or an exclusion."
nist80053r5,PE-21,nist80053r5 PE-21,NIST 800-53 r5 PE Physical and Environmental Protection,framework_catalog_only,none,no_mapping_or_evidence,0,0,0,0,0,"Decide whether this control is in scope, then add findings, evidence, or an exclusion."
nist80053r5,PE-22,nist80053r5 PE-22,NIST 800-53 r5 PE Physical and Environmental Protection,framework_catalog_only,none,no_mapping_or_evidence,0,0,0,0,0,"Decide whether this control is in scope, then add findings, evidence, or an exclusion."
nist80053r5,PE-23,nist80053r5 PE-23,NIST 800-53 r5 PE Physical and Environmental Protection,framework_catalog_only,none,no_mapping_or_evidence,0,0,0,0,0,"Decide whether this control is in scope, then add findings, evidence, or an exclusion."
nist80053r5,PE-3,nist80053r5 PE-3,NIST 800-53 r5 PE Physical and Environmental Protection,framework_catalog_only,none,no_mapping_or_evidence,0,0,0,0,0,"Decide whether this control is in scope, then add findings, evidence, or an exclusion."
nist80053r5,PE-4,nist80053r5 PE-4,NIST 800-53 r5 PE Physical and Environmental Protection,framework_catalog_only,none,no_mapping_or_evidence,0,0,0,0,0,"Decide whether this control is in scope, then add findings, evidence, or an exclusion."
nist80053r5,PE-5,nist80053r5 PE-5,NIST 800-53 r5 PE Physical and Environmental Protection,framework_catalog_only,none,no_mapping_or_evidence,0,0,0,0,0,"Decide whether this control is in scope, then add findings, evidence, or an exclusion."
nist80053r5,PE-6,nist80053r5 PE-6,NIST 800-53 r5 PE Physical and Environmental Protection,framework_catalog_only,none,no_mapping_or_evidence,0,0,0,0,0,"Decide whether this control is in scope, then add findings, evidence, or an exclusion."
nist80053r5,PE-8,nist80053r5 PE-8,NIST 800-53 r5 PE Physical and Environmental Protection,framework_catalog_only,none,no_mapping_or_evidence,0,0,0,0,0,"Decide whether this control is in scope, then add findings, evidence, or an exclusion."
nist80053r5,PE-9,nist80053r5 PE-9,NIST 800-53 r5 PE Physical and Environmental Protection,framework_catalog_only,none,no_mapping_or_evidence,0,0,0,0,0,"Decide whether this control is in scope, then add findings, evidence, or an exclusion."
nist80053r5,PL-1,nist80053r5 PL-1,NIST 800-53 r5 PL Planning,framework_catalog_only,none,no_mapping_or_evidence,0,0,0,0,0,"Decide whether this control is in scope, then add findings, evidence, or an exclusion."
nist80053r5,PL-10,nist80053r5 PL-10,NIST 800-53 r5 PL Planning,framework_catalog_only,none,no_mapping_or_evidence,0,0,0,0,0,"Decide whether this control is in scope, then add findings, evidence, or an exclusion."
nist80053r5,PL-11,nist80053r5 PL-11,NIST 800-53 r5 PL Planning,framework_catalog_only,none,no_mapping_or_evidence,0,0,0,0,0,"Decide whether this control is in scope, then add findings, evidence, or an exclusion."
nist80053r5,PL-2,nist80053r5 PL-2,NIST 800-53 r5 PL Planning,framework_catalog_only,none,no_mapping_or_evidence,0,0,0,0,0,"Decide whether this control is in scope, then add findings, evidence, or an exclusion."
nist80053r5,PL-4,nist80053r5 PL-4,NIST 800-53 r5 PL Planning,framework_catalog_only,none,no_mapping_or_evidence,0,0,0,0,0,"Decide whether this control is in scope, then add findings, evidence, or an exclusion."
nist80053r5,PL-7,nist80053r5 PL-7,NIST 800-53 r5 PL Planning,framework_catalog_only,none,no_mapping_or_evidence,0,0,0,0,0,"Decide whether this control is in scope, then add findings, evidence, or an exclusion."
nist80053r5,PL-8,nist80053r5 PL-8,NIST 800-53 r5 PL Planning,framework_catalog_only,none,no_mapping_or_evidence,0,0,0,0,0,"Decide whether this control is in scope, then add findings, evidence, or an exclusion."
nist80053r5,PL-9,nist80053r5 PL-9,NIST 800-53 r5 PL Planning,framework_catalog_only,none,no_mapping_or_evidence,0,0,0,0,0,"Decide whether this control is in scope, then add findings, evidence, or an exclusion."
nist80053r5,PM-1,nist80053r5 PM-1,NIST 800-53 r5 PM Program Management,framework_catalog_only,none,no_mapping_or_evidence,0,0,0,0,0,"Decide whether this control is in scope, then add findings, evidence, or an exclusion."
nist80053r5,PM-10,nist80053r5 PM-10,NIST 800-53 r5 PM Program Management,framework_catalog_only,none,no_mapping_or_evidence,0,0,0,0,0,"Decide whether this control is in scope, then add findings, evidence, or an exclusion."
nist80053r5,PM-11,nist80053r5 PM-11,NIST 800-53 r5 PM Program Management,framework_catalog_only,none,no_mapping_or_evidence,0,0,0,0,0,"Decide whether this control is in scope, then add findings, evidence, or an exclusion."
nist80053r5,PM-12,nist80053r5 PM-12,NIST 800-53 r5 PM Program Management,framework_catalog_only,none,no_mapping_or_evidence,0,0,0,0,0,"Decide whether this control is in scope, then add findings, evidence, or an exclusion."
nist80053r5,PM-13,nist80053r5 PM-13,NIST 800-53 r5 PM Program Management,framework_catalog_only,none,no_mapping_or_evidence,0,0,0,0,0,"Decide whether this control is in scope, then add findings, evidence, or an exclusion."
nist80053r5,PM-14,nist80053r5 PM-14,NIST 800-53 r5 PM Program Management,framework_catalog_only,none,no_mapping_or_evidence,0,0,0,0,0,"Decide whether this control is in scope, then add findings, evidence, or an exclusion."
nist80053r5,PM-15,nist80053r5 PM-15,NIST 800-53 r5 PM Program Management,framework_catalog_only,none,no_mapping_or_evidence,0,0,0,0,0,"Decide whether this control is in scope, then add findings, evidence, or an exclusion."
nist80053r5,PM-16,nist80053r5 PM-16,NIST 800-53 r5 PM Program Management,framework_catalog_only,none,no_mapping_or_evidence,0,0,0,0,0,"Decide whether this control is in scope, then add findings, evidence, or an exclusion."
nist80053r5,PM-17,nist80053r5 PM-17,NIST 800-53 r5 PM Program Management,framework_catalog_only,none,no_mapping_or_evidence,0,0,0,0,0,"Decide whether this control is in scope, then add findings, evidence, or an exclusion."
nist80053r5,PM-18,nist80053r5 PM-18,NIST 800-53 r5 PM Program Management,framework_catalog_only,none,no_mapping_or_evidence,0,0,0,0,0,"Decide whether this control is in scope, then add findings, evidence, or an exclusion."
nist80053r5,PM-19,nist80053r5 PM-19,NIST 800-53 r5 PM Program Management,framework_catalog_only,none,no_mapping_or_evidence,0,0,0,0,0,"Decide whether this control is in scope, then add findings, evidence, or an exclusion."
nist80053r5,PM-2,nist80053r5 PM-2,NIST 800-53 r5 PM Program Management,framework_catalog_only,none,no_mapping_or_evidence,0,0,0,0,0,"Decide whether this control is in scope, then add findings, evidence, or an exclusion."
nist80053r5,PM-20,nist80053r5 PM-20,NIST 800-53 r5 PM Program Management,framework_catalog_only,none,no_mapping_or_evidence,0,0,0,0,0,"Decide whether this control is in scope, then add findings, evidence, or an exclusion."
nist80053r5,PM-21,nist80053r5 PM-21,NIST 800-53 r5 PM Program Management,framework_catalog_only,none,no_mapping_or_evidence,0,0,0,0,0,"Decide whether this control is in scope, then add findings, evidence, or an exclusion."
nist80053r5,PM-22,nist80053r5 PM-22,NIST 800-53 r5 PM Program Management,framework_catalog_only,none,no_mapping_or_evidence,0,0,0,0,0,"Decide whether this control is in scope, then add findings, evidence, or an exclusion."
nist80053r5,PM-23,nist80053r5 PM-23,NIST 800-53 r5 PM Program Management,framework_catalog_only,none,no_mapping_or_evidence,0,0,0,0,0,"Decide whether this control is in scope, then add findings, evidence, or an exclusion."
nist80053r5,PM-24,nist80053r5 PM-24,NIST 800-53 r5 PM Program Management,framework_catalog_only,none,no_mapping_or_evidence,0,0,0,0,0,"Decide whether this control is in scope, then add findings, evidence, or an exclusion."
nist80053r5,PM-25,nist80053r5 PM-25,NIST 800-53 r5 PM Program Management,framework_catalog_only,none,no_mapping_or_evidence,0,0,0,0,0,"Decide whether this control is in scope, then add findings, evidence, or an exclusion."
nist80053r5,PM-26,nist80053r5 PM-26,NIST 800-53 r5 PM Program Management,framework_catalog_only,none,no_mapping_or_evidence,0,0,0,0,0,"Decide whether this control is in scope, then add findings, evidence, or an exclusion."
nist80053r5,PM-27,nist80053r5 PM-27,NIST 800-53 r5 PM Program Management,framework_catalog_only,none,no_mapping_or_evidence,0,0,0,0,0,"Decide whether this control is in scope, then add findings, evidence, or an exclusion."
nist80053r5,PM-28,nist80053r5 PM-28,NIST 800-53 r5 PM Program Management,framework_catalog_only,none,no_mapping_or_evidence,0,0,0,0,0,"Decide whether this control is in scope, then add findings, evidence, or an exclusion."
nist80053r5,PM-29,nist80053r5 PM-29,NIST 800-53 r5 PM Program Management,framework_catalog_only,none,no_mapping_or_evidence,0,0,0,0,0,"Decide whether this control is in scope, then add findings, evidence, or an exclusion."
nist80053r5,PM-3,nist80053r5 PM-3,NIST 800-53 r5 PM Program Management,framework_catalog_only,none,no_mapping_or_evidence,0,0,0,0,0,"Decide whether this control is in scope, then add findings, evidence, or an exclusion."
nist80053r5,PM-30,nist80053r5 PM-30,NIST 800-53 r5 PM Program Management,framework_catalog_only,none,no_mapping_or_evidence,0,0,0,0,0,"Decide whether this control is in scope, then add findings, evidence, or an exclusion."
nist80053r5,PM-31,nist80053r5 PM-31,NIST 800-53 r5 PM Program Management,framework_catalog_only,none,no_mapping_or_evidence,0,0,0,0,0,"Decide whether this control is in scope, then add findings, evidence, or an exclusion."
nist80053r5,PM-32,nist80053r5 PM-32,NIST 800-53 r5 PM Program Management,framework_catalog_only,none,no_mapping_or_evidence,0,0,0,0,0,"Decide whether this control is in scope, then add findings, evidence, or an exclusion."
nist80053r5,PM-4,nist80053r5 PM-4,NIST 800-53 r5 PM Program Management,framework_catalog_only,none,no_mapping_or_evidence,0,0,0,0,0,"Decide whether this control is in scope, then add findings, evidence, or an exclusion."
nist80053r5,PM-5,nist80053r5 PM-5,NIST 800-53 r5 PM Program Management,framework_catalog_only,none,no_mapping_or_evidence,0,0,0,0,0,"Decide whether this control is in scope, then add findings, evidence, or an exclusion."
nist80053r5,PM-6,nist80053r5 PM-6,NIST 800-53 r5 PM Program Management,framework_catalog_only,none,no_mapping_or_evidence,0,0,0,0,0,"Decide whether this control is in scope, then add findings, evidence, or an exclusion."
nist80053r5,PM-7,nist80053r5 PM-7,NIST 800-53 r5 PM Program Management,framework_catalog_only,none,no_mapping_or_evidence,0,0,0,0,0,"Decide whether this control is in scope, then add findings, evidence, or an exclusion."
nist80053r5,PM-8,nist80053r5 PM-8,NIST 800-53 r5 PM Program Management,framework_catalog_only,none,no_mapping_or_evidence,0,0,0,0,0,"Decide whether this control is in scope, then add findings, evidence, or an exclusion."
nist80053r5,PM-9,nist80053r5 PM-9,NIST 800-53 r5 PM Program Management,framework_catalog_only,none,no_mapping_or_evidence,0,0,0,0,0,"Decide whether this control is in scope, then add findings, evidence, or an exclusion."
nist80053r5,PS-1,nist80053r5 PS-1,NIST 800-53 r5 PS Personnel Security,framework_catalog_only,none,no_mapping_or_evidence,0,0,0,0,0,"Decide whether this control is in scope, then add findings, evidence, or an exclusion."
nist80053r5,PS-2,nist80053r5 PS-2,NIST 800-53 r5 PS Personnel Security,framework_catalog_only,none,no_mapping_or_evidence,0,0,0,0,0,"Decide whether this control is in scope, then add findings, evidence, or an exclusion."
nist80053r5,PS-3,nist80053r5 PS-3,NIST 800-53 r5 PS Personnel Security,direct_control_only,direct,missing_source_backing,1,0,0,0,0,Add source capability or evidence requirements for mapped findings.
nist80053r5,PS-4,nist80053r5 PS-4,NIST 800-53 r5 PS Personnel Security,direct_control_only,direct,missing_source_backing,15,0,0,0,0,Add source capability or evidence requirements for mapped findings.
nist80053r5,PS-5,nist80053r5 PS-5,NIST 800-53 r5 PS Personnel Security,framework_catalog_only,none,no_mapping_or_evidence,0,0,0,0,0,"Decide whether this control is in scope, then add findings, evidence, or an exclusion."
nist80053r5,PS-6,nist80053r5 PS-6,NIST 800-53 r5 PS Personnel Security,framework_catalog_only,none,no_mapping_or_evidence,0,0,0,0,0,"Decide whether this control is in scope, then add findings, evidence, or an exclusion."
nist80053r5,PS-7,nist80053r5 PS-7,NIST 800-53 r5 PS Personnel Security,framework_catalog_only,none,no_mapping_or_evidence,0,0,0,0,0,"Decide whether this control is in scope, then add findings, evidence, or an exclusion."
nist80053r5,PS-8,nist80053r5 PS-8,NIST 800-53 r5 PS Personnel Security,framework_catalog_only,none,no_mapping_or_evidence,0,0,0,0,0,"Decide whether this control is in scope, then add findings, evidence, or an exclusion."
nist80053r5,PS-9,nist80053r5 PS-9,NIST 800-53 r5 PS Personnel Security,framework_catalog_only,none,no_mapping_or_evidence,0,0,0,0,0,"Decide whether this control is in scope, then add findings, evidence, or an exclusion."
nist80053r5,PT-1,nist80053r5 PT-1,NIST 800-53 r5 PT PII Processing and Transparency,framework_catalog_only,none,no_mapping_or_evidence,0,0,0,0,0,"Decide whether this control is in scope, then add findings, evidence, or an exclusion."
nist80053r5,PT-2,nist80053r5 PT-2,NIST 800-53 r5 PT PII Processing and Transparency,framework_catalog_only,none,no_mapping_or_evidence,0,0,0,0,0,"Decide whether this control is in scope, then add findings, evidence, or an exclusion."
nist80053r5,PT-3,nist80053r5 PT-3,NIST 800-53 r5 PT PII Processing and Transparency,framework_catalog_only,none,no_mapping_or_evidence,0,0,0,0,0,"Decide whether this control is in scope, then add findings, evidence, or an exclusion."
nist80053r5,PT-4,nist80053r5 PT-4,NIST 800-53 r5 PT PII Processing and Transparency,framework_catalog_only,none,no_mapping_or_evidence,0,0,0,0,0,"Decide whether this control is in scope, then add findings, evidence, or an exclusion."
nist80053r5,PT-5,nist80053r5 PT-5,NIST 800-53 r5 PT PII Processing and Transparency,framework_catalog_only,none,no_mapping_or_evidence,0,0,0,0,0,"Decide whether this control is in scope, then add findings, evidence, or an exclusion."
nist80053r5,PT-6,nist80053r5 PT-6,NIST 800-53 r5 PT PII Processing and Transparency,framework_catalog_only,none,no_mapping_or_evidence,0,0,0,0,0,"Decide whether this control is in scope, then add findings, evidence, or an exclusion."
nist80053r5,PT-7,nist80053r5 PT-7,NIST 800-53 r5 PT PII Processing and Transparency,framework_catalog_only,none,no_mapping_or_evidence,0,0,0,0,0,"Decide whether this control is in scope, then add findings, evidence, or an exclusion."
nist80053r5,PT-8,nist80053r5 PT-8,NIST 800-53 r5 PT PII Processing and Transparency,framework_catalog_only,none,no_mapping_or_evidence,0,0,0,0,0,"Decide whether this control is in scope, then add findings, evidence, or an exclusion."
nist80053r5,RA-1,nist80053r5 RA-1,NIST 800-53 r5 RA Risk Assessment,framework_catalog_only,none,no_mapping_or_evidence,0,0,0,0,0,"Decide whether this control is in scope, then add findings, evidence, or an exclusion."
nist80053r5,RA-10,nist80053r5 RA-10,NIST 800-53 r5 RA Risk Assessment,framework_catalog_only,none,no_mapping_or_evidence,0,0,0,0,0,"Decide whether this control is in scope, then add findings, evidence, or an exclusion."
nist80053r5,RA-2,nist80053r5 RA-2,NIST 800-53 r5 RA Risk Assessment,direct_control_only,direct,missing_source_backing,2,0,0,0,0,Add source capability or evidence requirements for mapped findings.
nist80053r5,RA-3,nist80053r5 RA-3,NIST 800-53 r5 RA Risk Assessment,direct_control_only,direct,missing_source_backing,2,0,0,0,0,Add source capability or evidence requirements for mapped findings.
nist80053r5,RA-5,nist80053r5 RA-5,NIST 800-53 r5 RA Risk Assessment,direct_source_backed,direct,none,179,100,100,0,0,Maintain evidence collection and sampling.
nist80053r5,RA-7,nist80053r5 RA-7,NIST 800-53 r5 RA Risk Assessment,framework_catalog_only,none,no_mapping_or_evidence,0,0,0,0,0,"Decide whether this control is in scope, then add findings, evidence, or an exclusion."
nist80053r5,RA-8,nist80053r5 RA-8,NIST 800-53 r5 RA Risk Assessment,framework_catalog_only,none,no_mapping_or_evidence,0,0,0,0,0,"Decide whether this control is in scope, then add findings, evidence, or an exclusion."
nist80053r5,RA-9,nist80053r5 RA-9,NIST 800-53 r5 RA Risk Assessment,framework_catalog_only,none,no_mapping_or_evidence,0,0,0,0,0,"Decide whether this control is in scope, then add findings, evidence, or an exclusion."
nist80053r5,SA-1,nist80053r5 SA-1,NIST 800-53 r5 SA System and Services Acquisition,framework_catalog_only,none,no_mapping_or_evidence,0,0,0,0,0,"Decide whether this control is in scope, then add findings, evidence, or an exclusion."
nist80053r5,SA-10,nist80053r5 SA-10,NIST 800-53 r5 SA System and Services Acquisition,direct_control_only,direct,missing_source_backing,139,0,0,0,0,Add source capability or evidence requirements for mapped findings.
nist80053r5,SA-11,nist80053r5 SA-11,NIST 800-53 r5 SA System and Services Acquisition,framework_catalog_only,none,no_mapping_or_evidence,0,0,0,0,0,"Decide whether this control is in scope, then add findings, evidence, or an exclusion."
nist80053r5,SA-15,nist80053r5 SA-15,NIST 800-53 r5 SA System and Services Acquisition,direct_control_only,direct,missing_source_backing,12,0,0,0,0,Add source capability or evidence requirements for mapped findings.
nist80053r5,SA-16,nist80053r5 SA-16,NIST 800-53 r5 SA System and Services Acquisition,framework_catalog_only,none,no_mapping_or_evidence,0,0,0,0,0,"Decide whether this control is in scope, then add findings, evidence, or an exclusion."
nist80053r5,SA-17,nist80053r5 SA-17,NIST 800-53 r5 SA System and Services Acquisition,framework_catalog_only,none,no_mapping_or_evidence,0,0,0,0,0,"Decide whether this control is in scope, then add findings, evidence, or an exclusion."
nist80053r5,SA-2,nist80053r5 SA-2,NIST 800-53 r5 SA System and Services Acquisition,framework_catalog_only,none,no_mapping_or_evidence,0,0,0,0,0,"Decide whether this control is in scope, then add findings, evidence, or an exclusion."
nist80053r5,SA-20,nist80053r5 SA-20,NIST 800-53 r5 SA System and Services Acquisition,framework_catalog_only,none,no_mapping_or_evidence,0,0,0,0,0,"Decide whether this control is in scope, then add findings, evidence, or an exclusion."
nist80053r5,SA-21,nist80053r5 SA-21,NIST 800-53 r5 SA System and Services Acquisition,framework_catalog_only,none,no_mapping_or_evidence,0,0,0,0,0,"Decide whether this control is in scope, then add findings, evidence, or an exclusion."
nist80053r5,SA-22,nist80053r5 SA-22,NIST 800-53 r5 SA System and Services Acquisition,framework_catalog_only,none,no_mapping_or_evidence,0,0,0,0,0,"Decide whether this control is in scope, then add findings, evidence, or an exclusion."
nist80053r5,SA-23,nist80053r5 SA-23,NIST 800-53 r5 SA System and Services Acquisition,framework_catalog_only,none,no_mapping_or_evidence,0,0,0,0,0,"Decide whether this control is in scope, then add findings, evidence, or an exclusion."
nist80053r5,SA-3,nist80053r5 SA-3,NIST 800-53 r5 SA System and Services Acquisition,framework_catalog_only,none,no_mapping_or_evidence,0,0,0,0,0,"Decide whether this control is in scope, then add findings, evidence, or an exclusion."
nist80053r5,SA-4,nist80053r5 SA-4,NIST 800-53 r5 SA System and Services Acquisition,framework_catalog_only,none,no_mapping_or_evidence,0,0,0,0,0,"Decide whether this control is in scope, then add findings, evidence, or an exclusion."
nist80053r5,SA-5,nist80053r5 SA-5,NIST 800-53 r5 SA System and Services Acquisition,framework_catalog_only,none,no_mapping_or_evidence,0,0,0,0,0,"Decide whether this control is in scope, then add findings, evidence, or an exclusion."
nist80053r5,SA-8,nist80053r5 SA-8,NIST 800-53 r5 SA System and Services Acquisition,framework_catalog_only,none,no_mapping_or_evidence,0,0,0,0,0,"Decide whether this control is in scope, then add findings, evidence, or an exclusion."
nist80053r5,SA-9,nist80053r5 SA-9,NIST 800-53 r5 SA System and Services Acquisition,direct_control_only,direct,missing_source_backing,4,0,0,0,0,Add source capability or evidence requirements for mapped findings.
nist80053r5,SC-1,nist80053r5 SC-1,NIST 800-53 r5 SC System and Communications Protection,framework_catalog_only,none,no_mapping_or_evidence,0,0,0,0,0,"Decide whether this control is in scope, then add findings, evidence, or an exclusion."
nist80053r5,SC-10,nist80053r5 SC-10,NIST 800-53 r5 SC System and Communications Protection,framework_catalog_only,none,no_mapping_or_evidence,0,0,0,0,0,"Decide whether this control is in scope, then add findings, evidence, or an exclusion."
nist80053r5,SC-12,nist80053r5 SC-12,NIST 800-53 r5 SC System and Communications Protection,direct_source_backed,direct,none,115,8,8,0,0,Maintain evidence collection and sampling.
nist80053r5,SC-13,nist80053r5 SC-13,NIST 800-53 r5 SC System and Communications Protection,direct_source_backed,direct,none,44,4,4,0,0,Maintain evidence collection and sampling.
nist80053r5,SC-15,nist80053r5 SC-15,NIST 800-53 r5 SC System and Communications Protection,framework_catalog_only,none,no_mapping_or_evidence,0,0,0,0,0,"Decide whether this control is in scope, then add findings, evidence, or an exclusion."
nist80053r5,SC-16,nist80053r5 SC-16,NIST 800-53 r5 SC System and Communications Protection,framework_catalog_only,none,no_mapping_or_evidence,0,0,0,0,0,"Decide whether this control is in scope, then add findings, evidence, or an exclusion."
nist80053r5,SC-17,nist80053r5 SC-17,NIST 800-53 r5 SC System and Communications Protection,direct_control_only,direct,missing_source_backing,1,0,0,0,0,Add source capability or evidence requirements for mapped findings.
nist80053r5,SC-18,nist80053r5 SC-18,NIST 800-53 r5 SC System and Communications Protection,framework_catalog_only,none,no_mapping_or_evidence,0,0,0,0,0,"Decide whether this control is in scope, then add findings, evidence, or an exclusion."
nist80053r5,SC-2,nist80053r5 SC-2,NIST 800-53 r5 SC System and Communications Protection,framework_catalog_only,none,no_mapping_or_evidence,0,0,0,0,0,"Decide whether this control is in scope, then add findings, evidence, or an exclusion."
nist80053r5,SC-20,nist80053r5 SC-20,NIST 800-53 r5 SC System and Communications Protection,direct_control_only,direct,missing_source_backing,1,0,0,0,0,Add source capability or evidence requirements for mapped findings.
nist80053r5,SC-21,nist80053r5 SC-21,NIST 800-53 r5 SC System and Communications Protection,direct_control_only,direct,missing_source_backing,1,0,0,0,0,Add source capability or evidence requirements for mapped findings.
nist80053r5,SC-22,nist80053r5 SC-22,NIST 800-53 r5 SC System and Communications Protection,framework_catalog_only,none,no_mapping_or_evidence,0,0,0,0,0,"Decide whether this control is in scope, then add findings, evidence, or an exclusion."
nist80053r5,SC-23,nist80053r5 SC-23,NIST 800-53 r5 SC System and Communications Protection,direct_control_only,direct,missing_source_backing,11,0,0,0,0,Add source capability or evidence requirements for mapped findings.
nist80053r5,SC-24,nist80053r5 SC-24,NIST 800-53 r5 SC System and Communications Protection,framework_catalog_only,none,no_mapping_or_evidence,0,0,0,0,0,"Decide whether this control is in scope, then add findings, evidence, or an exclusion."
nist80053r5,SC-28,nist80053r5 SC-28,NIST 800-53 r5 SC System and Communications Protection,direct_source_backed,direct,none,55,5,5,0,0,Maintain evidence collection and sampling.
nist80053r5,SC-3,nist80053r5 SC-3,NIST 800-53 r5 SC System and Communications Protection,framework_catalog_only,none,no_mapping_or_evidence,0,0,0,0,0,"Decide whether this control is in scope, then add findings, evidence, or an exclusion."
nist80053r5,SC-39,nist80053r5 SC-39,NIST 800-53 r5 SC System and Communications Protection,framework_catalog_only,none,no_mapping_or_evidence,0,0,0,0,0,"Decide whether this control is in scope, then add findings, evidence, or an exclusion."
nist80053r5,SC-4,nist80053r5 SC-4,NIST 800-53 r5 SC System and Communications Protection,framework_catalog_only,none,no_mapping_or_evidence,0,0,0,0,0,"Decide whether this control is in scope, then add findings, evidence, or an exclusion."
nist80053r5,SC-40,nist80053r5 SC-40,NIST 800-53 r5 SC System and Communications Protection,framework_catalog_only,none,no_mapping_or_evidence,0,0,0,0,0,"Decide whether this control is in scope, then add findings, evidence, or an exclusion."
nist80053r5,SC-41,nist80053r5 SC-41,NIST 800-53 r5 SC System and Communications Protection,framework_catalog_only,none,no_mapping_or_evidence,0,0,0,0,0,"Decide whether this control is in scope, then add findings, evidence, or an exclusion."
nist80053r5,SC-43,nist80053r5 SC-43,NIST 800-53 r5 SC System and Communications Protection,framework_catalog_only,none,no_mapping_or_evidence,0,0,0,0,0,"Decide whether this control is in scope, then add findings, evidence, or an exclusion."
nist80053r5,SC-44,nist80053r5 SC-44,NIST 800-53 r5 SC System and Communications Protection,framework_catalog_only,none,no_mapping_or_evidence,0,0,0,0,0,"Decide whether this control is in scope, then add findings, evidence, or an exclusion."
nist80053r5,SC-45,nist80053r5 SC-45,NIST 800-53 r5 SC System and Communications Protection,framework_catalog_only,none,no_mapping_or_evidence,0,0,0,0,0,"Decide whether this control is in scope, then add findings, evidence, or an exclusion."
nist80053r5,SC-46,nist80053r5 SC-46,NIST 800-53 r5 SC System and Communications Protection,framework_catalog_only,none,no_mapping_or_evidence,0,0,0,0,0,"Decide whether this control is in scope, then add findings, evidence, or an exclusion."
nist80053r5,SC-47,nist80053r5 SC-47,NIST 800-53 r5 SC System and Communications Protection,framework_catalog_only,none,no_mapping_or_evidence,0,0,0,0,0,"Decide whether this control is in scope, then add findings, evidence, or an exclusion."
nist80053r5,SC-48,nist80053r5 SC-48,NIST 800-53 r5 SC System and Communications Protection,framework_catalog_only,none,no_mapping_or_evidence,0,0,0,0,0,"Decide whether this control is in scope, then add findings, evidence, or an exclusion."
nist80053r5,SC-49,nist80053r5 SC-49,NIST 800-53 r5 SC System and Communications Protection,framework_catalog_only,none,no_mapping_or_evidence,0,0,0,0,0,"Decide whether this control is in scope, then add findings, evidence, or an exclusion."
nist80053r5,SC-5,nist80053r5 SC-5,NIST 800-53 r5 SC System and Communications Protection,framework_catalog_only,none,no_mapping_or_evidence,0,0,0,0,0,"Decide whether this control is in scope, then add findings, evidence, or an exclusion."
nist80053r5,SC-50,nist80053r5 SC-50,NIST 800-53 r5 SC System and Communications Protection,framework_catalog_only,none,no_mapping_or_evidence,0,0,0,0,0,"Decide whether this control is in scope, then add findings, evidence, or an exclusion."
nist80053r5,SC-51,nist80053r5 SC-51,NIST 800-53 r5 SC System and Communications Protection,framework_catalog_only,none,no_mapping_or_evidence,0,0,0,0,0,"Decide whether this control is in scope, then add findings, evidence, or an exclusion."
nist80053r5,SC-7,nist80053r5 SC-7,NIST 800-53 r5 SC System and Communications Protection,direct_source_backed,direct,none,159,10,10,0,0,Maintain evidence collection and sampling.
nist80053r5,SC-8,nist80053r5 SC-8,NIST 800-53 r5 SC System and Communications Protection,direct_control_only,direct,missing_source_backing,11,0,0,0,0,Add source capability or evidence requirements for mapped findings.
nist80053r5,SI-1,nist80053r5 SI-1,NIST 800-53 r5 SI System and Information Integrity,framework_catalog_only,none,no_mapping_or_evidence,0,0,0,0,0,"Decide whether this control is in scope, then add findings, evidence, or an exclusion."
nist80053r5,SI-10,nist80053r5 SI-10,NIST 800-53 r5 SI System and Information Integrity,framework_catalog_only,none,no_mapping_or_evidence,0,0,0,0,0,"Decide whether this control is in scope, then add findings, evidence, or an exclusion."
nist80053r5,SI-11,nist80053r5 SI-11,NIST 800-53 r5 SI System and Information Integrity,framework_catalog_only,none,no_mapping_or_evidence,0,0,0,0,0,"Decide whether this control is in scope, then add findings, evidence, or an exclusion."
nist80053r5,SI-12,nist80053r5 SI-12,NIST 800-53 r5 SI System and Information Integrity,framework_catalog_only,none,no_mapping_or_evidence,0,0,0,0,0,"Decide whether this control is in scope, then add findings, evidence, or an exclusion."
nist80053r5,SI-13,nist80053r5 SI-13,NIST 800-53 r5 SI System and Information Integrity,framework_catalog_only,none,no_mapping_or_evidence,0,0,0,0,0,"Decide whether this control is in scope, then add findings, evidence, or an exclusion."
nist80053r5,SI-16,nist80053r5 SI-16,NIST 800-53 r5 SI System and Information Integrity,framework_catalog_only,none,no_mapping_or_evidence,0,0,0,0,0,"Decide whether this control is in scope, then add findings, evidence, or an exclusion."
nist80053r5,SI-17,nist80053r5 SI-17,NIST 800-53 r5 SI System and Information Integrity,framework_catalog_only,none,no_mapping_or_evidence,0,0,0,0,0,"Decide whether this control is in scope, then add findings, evidence, or an exclusion."
nist80053r5,SI-18,nist80053r5 SI-18,NIST 800-53 r5 SI System and Information Integrity,framework_catalog_only,none,no_mapping_or_evidence,0,0,0,0,0,"Decide whether this control is in scope, then add findings, evidence, or an exclusion."
nist80053r5,SI-19,nist80053r5 SI-19,NIST 800-53 r5 SI System and Information Integrity,framework_catalog_only,none,no_mapping_or_evidence,0,0,0,0,0,"Decide whether this control is in scope, then add findings, evidence, or an exclusion."
nist80053r5,SI-2,nist80053r5 SI-2,NIST 800-53 r5 SI System and Information Integrity,direct_source_backed,direct,none,198,99,99,0,0,Maintain evidence collection and sampling.
nist80053r5,SI-20,nist80053r5 SI-20,NIST 800-53 r5 SI System and Information Integrity,framework_catalog_only,none,no_mapping_or_evidence,0,0,0,0,0,"Decide whether this control is in scope, then add findings, evidence, or an exclusion."
nist80053r5,SI-21,nist80053r5 SI-21,NIST 800-53 r5 SI System and Information Integrity,framework_catalog_only,none,no_mapping_or_evidence,0,0,0,0,0,"Decide whether this control is in scope, then add findings, evidence, or an exclusion."
nist80053r5,SI-22,nist80053r5 SI-22,NIST 800-53 r5 SI System and Information Integrity,framework_catalog_only,none,no_mapping_or_evidence,0,0,0,0,0,"Decide whether this control is in scope, then add findings, evidence, or an exclusion."
nist80053r5,SI-23,nist80053r5 SI-23,NIST 800-53 r5 SI System and Information Integrity,framework_catalog_only,none,no_mapping_or_evidence,0,0,0,0,0,"Decide whether this control is in scope, then add findings, evidence, or an exclusion."
nist80053r5,SI-3,nist80053r5 SI-3,NIST 800-53 r5 SI System and Information Integrity,direct_control_only,direct,missing_source_backing,12,0,0,0,0,Add source capability or evidence requirements for mapped findings.
nist80053r5,SI-4,nist80053r5 SI-4,NIST 800-53 r5 SI System and Information Integrity,direct_source_backed,direct,none,119,30,30,0,0,Maintain evidence collection and sampling.
nist80053r5,SI-5,nist80053r5 SI-5,NIST 800-53 r5 SI System and Information Integrity,framework_catalog_only,none,no_mapping_or_evidence,0,0,0,0,0,"Decide whether this control is in scope, then add findings, evidence, or an exclusion."
nist80053r5,SI-6,nist80053r5 SI-6,NIST 800-53 r5 SI System and Information Integrity,framework_catalog_only,none,no_mapping_or_evidence,0,0,0,0,0,"Decide whether this control is in scope, then add findings, evidence, or an exclusion."
nist80053r5,SI-7,nist80053r5 SI-7,NIST 800-53 r5 SI System and Information Integrity,direct_control_only,direct,missing_source_backing,39,0,0,0,0,Add source capability or evidence requirements for mapped findings.
nist80053r5,SI-8,nist80053r5 SI-8,NIST 800-53 r5 SI System and Information Integrity,direct_control_only,direct,missing_source_backing,1,0,0,0,0,Add source capability or evidence requirements for mapped findings.
nist80053r5,SR-1,nist80053r5 SR-1,NIST 800-53 r5 SR Supply Chain Risk Management,framework_catalog_only,none,no_mapping_or_evidence,0,0,0,0,0,"Decide whether this control is in scope, then add findings, evidence, or an exclusion."
nist80053r5,SR-10,nist80053r5 SR-10,NIST 800-53 r5 SR Supply Chain Risk Management,framework_catalog_only,none,no_mapping_or_evidence,0,0,0,0,0,"Decide whether this control is in scope, then add findings, evidence, or an exclusion."
nist80053r5,SR-11,nist80053r5 SR-11,NIST 800-53 r5 SR Supply Chain Risk Management,direct_control_only,direct,missing_source_backing,7,0,0,0,0,Add source capability or evidence requirements for mapped findings.
nist80053r5,SR-12,nist80053r5 SR-12,NIST 800-53 r5 SR Supply Chain Risk Management,framework_catalog_only,none,no_mapping_or_evidence,0,0,0,0,0,"Decide whether this control is in scope, then add findings, evidence, or an exclusion."
nist80053r5,SR-2,nist80053r5 SR-2,NIST 800-53 r5 SR Supply Chain Risk Management,framework_catalog_only,none,no_mapping_or_evidence,0,0,0,0,0,"Decide whether this control is in scope, then add findings, evidence, or an exclusion."
nist80053r5,SR-3,nist80053r5 SR-3,NIST 800-53 r5 SR Supply Chain Risk Management,direct_control_only,direct,missing_source_backing,2,0,0,0,0,Add source capability or evidence requirements for mapped findings.
nist80053r5,SR-4,nist80053r5 SR-4,NIST 800-53 r5 SR Supply Chain Risk Management,direct_control_only,direct,missing_source_backing,139,0,0,0,0,Add source capability or evidence requirements for mapped findings.
nist80053r5,SR-5,nist80053r5 SR-5,NIST 800-53 r5 SR Supply Chain Risk Management,framework_catalog_only,none,no_mapping_or_evidence,0,0,0,0,0,"Decide whether this control is in scope, then add findings, evidence, or an exclusion."
nist80053r5,SR-6,nist80053r5 SR-6,NIST 800-53 r5 SR Supply Chain Risk Management,direct_control_only,direct,missing_source_backing,1,0,0,0,0,Add source capability or evidence requirements for mapped findings.
nist80053r5,SR-7,nist80053r5 SR-7,NIST 800-53 r5 SR Supply Chain Risk Management,framework_catalog_only,none,no_mapping_or_evidence,0,0,0,0,0,"Decide whether this control is in scope, then add findings, evidence, or an exclusion."
nist80053r5,SR-8,nist80053r5 SR-8,NIST 800-53 r5 SR Supply Chain Risk Management,framework_catalog_only,none,no_mapping_or_evidence,0,0,0,0,0,"Decide whether this control is in scope, then add findings, evidence, or an exclusion."
nist80053r5,SR-9,nist80053r5 SR-9,NIST 800-53 r5 SR Supply Chain Risk Management,framework_catalog_only,none,no_mapping_or_evidence,0,0,0,0,0,"Decide whether this control is in scope, then add findings, evidence, or an exclusion."
nistcsf20,DE.AE,nistcsf20 DE.AE,NIST CSF 2.0 DE Detect,framework_catalog_only,none,no_mapping_or_evidence,0,0,0,0,0,"Decide whether this control is in scope, then add findings, evidence, or an exclusion."
nistcsf20,DE.AE-02,nistcsf20 DE.AE-02,NIST CSF 2.0 DE Detect,framework_catalog_only,none,no_mapping_or_evidence,0,0,0,0,0,"Decide whether this control is in scope, then add findings, evidence, or an exclusion."
nistcsf20,DE.CM,nistcsf20 DE.CM,NIST CSF 2.0 DE Detect,framework_catalog_only,none,no_mapping_or_evidence,0,0,0,0,0,"Decide whether this control is in scope, then add findings, evidence, or an exclusion."
nistcsf20,DE.CM-01,nistcsf20 DE.CM-01,NIST CSF 2.0 DE Detect,framework_catalog_only,none,no_mapping_or_evidence,0,0,0,0,0,"Decide whether this control is in scope, then add findings, evidence, or an exclusion."
nistcsf20,DE.CM-03,nistcsf20 DE.CM-03,NIST CSF 2.0 DE Detect,framework_catalog_only,none,no_mapping_or_evidence,0,0,0,0,0,"Decide whether this control is in scope, then add findings, evidence, or an exclusion."
nistcsf20,DE.CM-09,nistcsf20 DE.CM-09,NIST CSF 2.0 DE Detect,framework_catalog_only,none,no_mapping_or_evidence,0,0,0,0,0,"Decide whether this control is in scope, then add findings, evidence, or an exclusion."
nistcsf20,GV.OC,nistcsf20 GV.OC,NIST CSF 2.0 GV Govern,framework_catalog_only,none,no_mapping_or_evidence,0,0,0,0,0,"Decide whether this control is in scope, then add findings, evidence, or an exclusion."
nistcsf20,GV.OC-03,nistcsf20 GV.OC-03,NIST CSF 2.0 GV Govern,framework_catalog_only,none,no_mapping_or_evidence,0,0,0,0,0,"Decide whether this control is in scope, then add findings, evidence, or an exclusion."
nistcsf20,GV.OV,nistcsf20 GV.OV,NIST CSF 2.0 GV Govern,framework_catalog_only,none,no_mapping_or_evidence,0,0,0,0,0,"Decide whether this control is in scope, then add findings, evidence, or an exclusion."
nistcsf20,GV.OV-01,nistcsf20 GV.OV-01,NIST CSF 2.0 GV Govern,framework_catalog_only,none,no_mapping_or_evidence,0,0,0,0,0,"Decide whether this control is in scope, then add findings, evidence, or an exclusion."
nistcsf20,GV.PO,nistcsf20 GV.PO,NIST CSF 2.0 GV Govern,framework_catalog_only,none,no_mapping_or_evidence,0,0,0,0,0,"Decide whether this control is in scope, then add findings, evidence, or an exclusion."
nistcsf20,GV.PO-01,nistcsf20 GV.PO-01,NIST CSF 2.0 GV Govern,framework_catalog_only,none,no_mapping_or_evidence,0,0,0,0,0,"Decide whether this control is in scope, then add findings, evidence, or an exclusion."
nistcsf20,GV.RM,nistcsf20 GV.RM,NIST CSF 2.0 GV Govern,framework_catalog_only,none,no_mapping_or_evidence,0,0,0,0,0,"Decide whether this control is in scope, then add findings, evidence, or an exclusion."
nistcsf20,GV.RM-01,nistcsf20 GV.RM-01,NIST CSF 2.0 GV Govern,framework_catalog_only,none,no_mapping_or_evidence,0,0,0,0,0,"Decide whether this control is in scope, then add findings, evidence, or an exclusion."
nistcsf20,GV.RR,nistcsf20 GV.RR,NIST CSF 2.0 GV Govern,framework_catalog_only,none,no_mapping_or_evidence,0,0,0,0,0,"Decide whether this control is in scope, then add findings, evidence, or an exclusion."
nistcsf20,GV.RR-02,nistcsf20 GV.RR-02,NIST CSF 2.0 GV Govern,framework_catalog_only,none,no_mapping_or_evidence,0,0,0,0,0,"Decide whether this control is in scope, then add findings, evidence, or an exclusion."
nistcsf20,GV.SC,nistcsf20 GV.SC,NIST CSF 2.0 GV Govern,framework_catalog_only,none,no_mapping_or_evidence,0,0,0,0,0,"Decide whether this control is in scope, then add findings, evidence, or an exclusion."
nistcsf20,GV.SC-05,nistcsf20 GV.SC-05,NIST CSF 2.0 GV Govern,framework_catalog_only,none,no_mapping_or_evidence,0,0,0,0,0,"Decide whether this control is in scope, then add findings, evidence, or an exclusion."
nistcsf20,GV.SC-07,nistcsf20 GV.SC-07,NIST CSF 2.0 GV Govern,framework_catalog_only,none,no_mapping_or_evidence,0,0,0,0,0,"Decide whether this control is in scope, then add findings, evidence, or an exclusion."
nistcsf20,ID.AM,nistcsf20 ID.AM,NIST CSF 2.0 ID Identify,framework_catalog_only,none,no_mapping_or_evidence,0,0,0,0,0,"Decide whether this control is in scope, then add findings, evidence, or an exclusion."
nistcsf20,ID.AM-01,nistcsf20 ID.AM-01,NIST CSF 2.0 ID Identify,framework_catalog_only,none,no_mapping_or_evidence,0,0,0,0,0,"Decide whether this control is in scope, then add findings, evidence, or an exclusion."
nistcsf20,ID.AM-02,nistcsf20 ID.AM-02,NIST CSF 2.0 ID Identify,framework_catalog_only,none,no_mapping_or_evidence,0,0,0,0,0,"Decide whether this control is in scope, then add findings, evidence, or an exclusion."
nistcsf20,ID.AM-04,nistcsf20 ID.AM-04,NIST CSF 2.0 ID Identify,framework_catalog_only,none,no_mapping_or_evidence,0,0,0,0,0,"Decide whether this control is in scope, then add findings, evidence, or an exclusion."
nistcsf20,ID.IM,nistcsf20 ID.IM,NIST CSF 2.0 ID Identify,framework_catalog_only,none,no_mapping_or_evidence,0,0,0,0,0,"Decide whether this control is in scope, then add findings, evidence, or an exclusion."
nistcsf20,ID.IM-01,nistcsf20 ID.IM-01,NIST CSF 2.0 ID Identify,framework_catalog_only,none,no_mapping_or_evidence,0,0,0,0,0,"Decide whether this control is in scope, then add findings, evidence, or an exclusion."
nistcsf20,ID.RA,nistcsf20 ID.RA,NIST CSF 2.0 ID Identify,framework_catalog_only,none,no_mapping_or_evidence,0,0,0,0,0,"Decide whether this control is in scope, then add findings, evidence, or an exclusion."
nistcsf20,ID.RA-01,nistcsf20 ID.RA-01,NIST CSF 2.0 ID Identify,framework_catalog_only,none,no_mapping_or_evidence,0,0,0,0,0,"Decide whether this control is in scope, then add findings, evidence, or an exclusion."
nistcsf20,ID.RA-05,nistcsf20 ID.RA-05,NIST CSF 2.0 ID Identify,framework_catalog_only,none,no_mapping_or_evidence,0,0,0,0,0,"Decide whether this control is in scope, then add findings, evidence, or an exclusion."
nistcsf20,PR.AA,nistcsf20 PR.AA,NIST CSF 2.0 PR Protect,framework_catalog_only,none,no_mapping_or_evidence,0,0,0,0,0,"Decide whether this control is in scope, then add findings, evidence, or an exclusion."
nistcsf20,PR.AA-01,nistcsf20 PR.AA-01,NIST CSF 2.0 PR Protect,framework_catalog_only,none,no_mapping_or_evidence,0,0,0,0,0,"Decide whether this control is in scope, then add findings, evidence, or an exclusion."
nistcsf20,PR.AA-05,nistcsf20 PR.AA-05,NIST CSF 2.0 PR Protect,framework_catalog_only,none,no_mapping_or_evidence,0,0,0,0,0,"Decide whether this control is in scope, then add findings, evidence, or an exclusion."
nistcsf20,PR.AT,nistcsf20 PR.AT,NIST CSF 2.0 PR Protect,framework_catalog_only,none,no_mapping_or_evidence,0,0,0,0,0,"Decide whether this control is in scope, then add findings, evidence, or an exclusion."
nistcsf20,PR.AT-01,nistcsf20 PR.AT-01,NIST CSF 2.0 PR Protect,framework_catalog_only,none,no_mapping_or_evidence,0,0,0,0,0,"Decide whether this control is in scope, then add findings, evidence, or an exclusion."
nistcsf20,PR.DS,nistcsf20 PR.DS,NIST CSF 2.0 PR Protect,framework_catalog_only,none,no_mapping_or_evidence,0,0,0,0,0,"Decide whether this control is in scope, then add findings, evidence, or an exclusion."
nistcsf20,PR.DS-01,nistcsf20 PR.DS-01,NIST CSF 2.0 PR Protect,framework_catalog_only,none,no_mapping_or_evidence,0,0,0,0,0,"Decide whether this control is in scope, then add findings, evidence, or an exclusion."
nistcsf20,PR.DS-02,nistcsf20 PR.DS-02,NIST CSF 2.0 PR Protect,framework_catalog_only,none,no_mapping_or_evidence,0,0,0,0,0,"Decide whether this control is in scope, then add findings, evidence, or an exclusion."
nistcsf20,PR.IR,nistcsf20 PR.IR,NIST CSF 2.0 PR Protect,framework_catalog_only,none,no_mapping_or_evidence,0,0,0,0,0,"Decide whether this control is in scope, then add findings, evidence, or an exclusion."
nistcsf20,PR.IR-03,nistcsf20 PR.IR-03,NIST CSF 2.0 PR Protect,framework_catalog_only,none,no_mapping_or_evidence,0,0,0,0,0,"Decide whether this control is in scope, then add findings, evidence, or an exclusion."
nistcsf20,PR.PS,nistcsf20 PR.PS,NIST CSF 2.0 PR Protect,framework_catalog_only,none,no_mapping_or_evidence,0,0,0,0,0,"Decide whether this control is in scope, then add findings, evidence, or an exclusion."
nistcsf20,PR.PS-01,nistcsf20 PR.PS-01,NIST CSF 2.0 PR Protect,framework_catalog_only,none,no_mapping_or_evidence,0,0,0,0,0,"Decide whether this control is in scope, then add findings, evidence, or an exclusion."
nistcsf20,PR.PS-02,nistcsf20 PR.PS-02,NIST CSF 2.0 PR Protect,framework_catalog_only,none,no_mapping_or_evidence,0,0,0,0,0,"Decide whether this control is in scope, then add findings, evidence, or an exclusion."
nistcsf20,RC.CO,nistcsf20 RC.CO,NIST CSF 2.0 RC Recover,framework_catalog_only,none,no_mapping_or_evidence,0,0,0,0,0,"Decide whether this control is in scope, then add findings, evidence, or an exclusion."
nistcsf20,RC.CO-03,nistcsf20 RC.CO-03,NIST CSF 2.0 RC Recover,framework_catalog_only,none,no_mapping_or_evidence,0,0,0,0,0,"Decide whether this control is in scope, then add findings, evidence, or an exclusion."
nistcsf20,RC.RP,nistcsf20 RC.RP,NIST CSF 2.0 RC Recover,framework_catalog_only,none,no_mapping_or_evidence,0,0,0,0,0,"Decide whether this control is in scope, then add findings, evidence, or an exclusion."
nistcsf20,RC.RP-01,nistcsf20 RC.RP-01,NIST CSF 2.0 RC Recover,framework_catalog_only,none,no_mapping_or_evidence,0,0,0,0,0,"Decide whether this control is in scope, then add findings, evidence, or an exclusion."
nistcsf20,RS.AN,nistcsf20 RS.AN,NIST CSF 2.0 RS Respond,framework_catalog_only,none,no_mapping_or_evidence,0,0,0,0,0,"Decide whether this control is in scope, then add findings, evidence, or an exclusion."
nistcsf20,RS.CO,nistcsf20 RS.CO,NIST CSF 2.0 RS Respond,framework_catalog_only,none,no_mapping_or_evidence,0,0,0,0,0,"Decide whether this control is in scope, then add findings, evidence, or an exclusion."
nistcsf20,RS.CO-02,nistcsf20 RS.CO-02,NIST CSF 2.0 RS Respond,framework_catalog_only,none,no_mapping_or_evidence,0,0,0,0,0,"Decide whether this control is in scope, then add findings, evidence, or an exclusion."
nistcsf20,RS.MA,nistcsf20 RS.MA,NIST CSF 2.0 RS Respond,framework_catalog_only,none,no_mapping_or_evidence,0,0,0,0,0,"Decide whether this control is in scope, then add findings, evidence, or an exclusion."
nistcsf20,RS.MA-01,nistcsf20 RS.MA-01,NIST CSF 2.0 RS Respond,framework_catalog_only,none,no_mapping_or_evidence,0,0,0,0,0,"Decide whether this control is in scope, then add findings, evidence, or an exclusion."
nistcsf20,RS.MA-02,nistcsf20 RS.MA-02,NIST CSF 2.0 RS Respond,framework_catalog_only,none,no_mapping_or_evidence,0,0,0,0,0,"Decide whether this control is in scope, then add findings, evidence, or an exclusion."
nistcsf20,RS.MI,nistcsf20 RS.MI,NIST CSF 2.0 RS Respond,framework_catalog_only,none,no_mapping_or_evidence,0,0,0,0,0,"Decide whether this control is in scope, then add findings, evidence, or an exclusion."
nistcsf20,RS.MI-01,nistcsf20 RS.MI-01,NIST CSF 2.0 RS Respond,framework_catalog_only,none,no_mapping_or_evidence,0,0,0,0,0,"Decide whether this control is in scope, then add findings, evidence, or an exclusion."
nistsp800177,TLS-MAIL,nistsp800177 TLS-MAIL,NIST SP 800-177 TLS-MAIL TLS-MAIL Controls,direct_control_only,direct,missing_source_backing,1,0,0,0,0,Add source capability or evidence requirements for mapped findings.
pcidssv40,1.1,pcidssv40 1.1,PCI DSS v4.0 1 Network Security Controls,framework_catalog_only,none,no_mapping_or_evidence,0,0,0,0,0,"Decide whether this control is in scope, then add findings, evidence, or an exclusion."
pcidssv40,1.2,pcidssv40 1.2,PCI DSS v4.0 1 Network Security Controls,framework_catalog_only,none,no_mapping_or_evidence,0,0,0,0,0,"Decide whether this control is in scope, then add findings, evidence, or an exclusion."
pcidssv40,1.3,pcidssv40 1.3,PCI DSS v4.0 1 Network Security Controls,framework_catalog_only,none,no_mapping_or_evidence,0,0,0,0,0,"Decide whether this control is in scope, then add findings, evidence, or an exclusion."
pcidssv40,1.3.1,pcidssv40 1.3.1,PCI DSS v4.0 1 Network Security Controls,framework_catalog_only,none,no_mapping_or_evidence,0,0,0,0,0,"Decide whether this control is in scope, then add findings, evidence, or an exclusion."
pcidssv40,1.3.2,pcidssv40 1.3.2,PCI DSS v4.0 1 Network Security Controls,framework_catalog_only,none,no_mapping_or_evidence,0,0,0,0,0,"Decide whether this control is in scope, then add findings, evidence, or an exclusion."
pcidssv40,1.4,pcidssv40 1.4,PCI DSS v4.0 1 Network Security Controls,framework_catalog_only,none,no_mapping_or_evidence,0,0,0,0,0,"Decide whether this control is in scope, then add findings, evidence, or an exclusion."
pcidssv40,1.5,pcidssv40 1.5,PCI DSS v4.0 1 Network Security Controls,framework_catalog_only,none,no_mapping_or_evidence,0,0,0,0,0,"Decide whether this control is in scope, then add findings, evidence, or an exclusion."
pcidssv40,10.1,pcidssv40 10.1,PCI DSS v4.0 10 Logging and Monitoring,framework_catalog_only,none,no_mapping_or_evidence,0,0,0,0,0,"Decide whether this control is in scope, then add findings, evidence, or an exclusion."
pcidssv40,10.2,pcidssv40 10.2,PCI DSS v4.0 10 Logging and Monitoring,framework_catalog_only,none,no_mapping_or_evidence,0,0,0,0,0,"Decide whether this control is in scope, then add findings, evidence, or an exclusion."
pcidssv40,10.3,pcidssv40 10.3,PCI DSS v4.0 10 Logging and Monitoring,framework_catalog_only,none,no_mapping_or_evidence,0,0,0,0,0,"Decide whether this control is in scope, then add findings, evidence, or an exclusion."
pcidssv40,10.4,pcidssv40 10.4,PCI DSS v4.0 10 Logging and Monitoring,framework_catalog_only,none,no_mapping_or_evidence,0,0,0,0,0,"Decide whether this control is in scope, then add findings, evidence, or an exclusion."
pcidssv40,10.5,pcidssv40 10.5,PCI DSS v4.0 10 Logging and Monitoring,framework_catalog_only,none,no_mapping_or_evidence,0,0,0,0,0,"Decide whether this control is in scope, then add findings, evidence, or an exclusion."
pcidssv40,10.6,pcidssv40 10.6,PCI DSS v4.0 10 Logging and Monitoring,framework_catalog_only,none,no_mapping_or_evidence,0,0,0,0,0,"Decide whether this control is in scope, then add findings, evidence, or an exclusion."
pcidssv40,10.7,pcidssv40 10.7,PCI DSS v4.0 10 Logging and Monitoring,framework_catalog_only,none,no_mapping_or_evidence,0,0,0,0,0,"Decide whether this control is in scope, then add findings, evidence, or an exclusion."
pcidssv40,11.1,pcidssv40 11.1,PCI DSS v4.0 11 Security Testing,framework_catalog_only,none,no_mapping_or_evidence,0,0,0,0,0,"Decide whether this control is in scope, then add findings, evidence, or an exclusion."
pcidssv40,11.2,pcidssv40 11.2,PCI DSS v4.0 11 Security Testing,framework_catalog_only,none,no_mapping_or_evidence,0,0,0,0,0,"Decide whether this control is in scope, then add findings, evidence, or an exclusion."
pcidssv40,11.3,pcidssv40 11.3,PCI DSS v4.0 11 Security Testing,framework_catalog_only,none,no_mapping_or_evidence,0,0,0,0,0,"Decide whether this control is in scope, then add findings, evidence, or an exclusion."
pcidssv40,11.3.1,pcidssv40 11.3.1,PCI DSS v4.0 11 Security Testing,framework_catalog_only,none,no_mapping_or_evidence,0,0,0,0,0,"Decide whether this control is in scope, then add findings, evidence, or an exclusion."
pcidssv40,11.4,pcidssv40 11.4,PCI DSS v4.0 11 Security Testing,framework_catalog_only,none,no_mapping_or_evidence,0,0,0,0,0,"Decide whether this control is in scope, then add findings, evidence, or an exclusion."
pcidssv40,11.5,pcidssv40 11.5,PCI DSS v4.0 11 Security Testing,framework_catalog_only,none,no_mapping_or_evidence,0,0,0,0,0,"Decide whether this control is in scope, then add findings, evidence, or an exclusion."
pcidssv40,11.6,pcidssv40 11.6,PCI DSS v4.0 11 Security Testing,framework_catalog_only,none,no_mapping_or_evidence,0,0,0,0,0,"Decide whether this control is in scope, then add findings, evidence, or an exclusion."
pcidssv40,12.1,pcidssv40 12.1,PCI DSS v4.0 12 Security Program,framework_catalog_only,none,no_mapping_or_evidence,0,0,0,0,0,"Decide whether this control is in scope, then add findings, evidence, or an exclusion."
pcidssv40,12.10,pcidssv40 12.10,PCI DSS v4.0 12 Security Program,framework_catalog_only,none,no_mapping_or_evidence,0,0,0,0,0,"Decide whether this control is in scope, then add findings, evidence, or an exclusion."
pcidssv40,12.2,pcidssv40 12.2,PCI DSS v4.0 12 Security Program,framework_catalog_only,none,no_mapping_or_evidence,0,0,0,0,0,"Decide whether this control is in scope, then add findings, evidence, or an exclusion."
pcidssv40,12.3,pcidssv40 12.3,PCI DSS v4.0 12 Security Program,framework_catalog_only,none,no_mapping_or_evidence,0,0,0,0,0,"Decide whether this control is in scope, then add findings, evidence, or an exclusion."
pcidssv40,12.4,pcidssv40 12.4,PCI DSS v4.0 12 Security Program,framework_catalog_only,none,no_mapping_or_evidence,0,0,0,0,0,"Decide whether this control is in scope, then add findings, evidence, or an exclusion."
pcidssv40,12.5,pcidssv40 12.5,PCI DSS v4.0 12 Security Program,framework_catalog_only,none,no_mapping_or_evidence,0,0,0,0,0,"Decide whether this control is in scope, then add findings, evidence, or an exclusion."
pcidssv40,12.6,pcidssv40 12.6,PCI DSS v4.0 12 Security Program,framework_catalog_only,none,no_mapping_or_evidence,0,0,0,0,0,"Decide whether this control is in scope, then add findings, evidence, or an exclusion."
pcidssv40,12.7,pcidssv40 12.7,PCI DSS v4.0 12 Security Program,framework_catalog_only,none,no_mapping_or_evidence,0,0,0,0,0,"Decide whether this control is in scope, then add findings, evidence, or an exclusion."
pcidssv40,12.8,pcidssv40 12.8,PCI DSS v4.0 12 Security Program,framework_catalog_only,none,no_mapping_or_evidence,0,0,0,0,0,"Decide whether this control is in scope, then add findings, evidence, or an exclusion."
pcidssv40,12.9,pcidssv40 12.9,PCI DSS v4.0 12 Security Program,framework_catalog_only,none,no_mapping_or_evidence,0,0,0,0,0,"Decide whether this control is in scope, then add findings, evidence, or an exclusion."
pcidssv40,2.1,pcidssv40 2.1,PCI DSS v4.0 2 Secure Configurations,framework_catalog_only,none,no_mapping_or_evidence,0,0,0,0,0,"Decide whether this control is in scope, then add findings, evidence, or an exclusion."
pcidssv40,2.2,pcidssv40 2.2,PCI DSS v4.0 2 Secure Configurations,framework_catalog_only,none,no_mapping_or_evidence,0,0,0,0,0,"Decide whether this control is in scope, then add findings, evidence, or an exclusion."
pcidssv40,2.3,pcidssv40 2.3,PCI DSS v4.0 2 Secure Configurations,framework_catalog_only,none,no_mapping_or_evidence,0,0,0,0,0,"Decide whether this control is in scope, then add findings, evidence, or an exclusion."
pcidssv40,3.1,pcidssv40 3.1,PCI DSS v4.0 3 Account Data Protection,framework_catalog_only,none,no_mapping_or_evidence,0,0,0,0,0,"Decide whether this control is in scope, then add findings, evidence, or an exclusion."
pcidssv40,3.2,pcidssv40 3.2,PCI DSS v4.0 3 Account Data Protection,framework_catalog_only,none,no_mapping_or_evidence,0,0,0,0,0,"Decide whether this control is in scope, then add findings, evidence, or an exclusion."
pcidssv40,3.3,pcidssv40 3.3,PCI DSS v4.0 3 Account Data Protection,framework_catalog_only,none,no_mapping_or_evidence,0,0,0,0,0,"Decide whether this control is in scope, then add findings, evidence, or an exclusion."
pcidssv40,3.4,pcidssv40 3.4,PCI DSS v4.0 3 Account Data Protection,framework_catalog_only,none,no_mapping_or_evidence,0,0,0,0,0,"Decide whether this control is in scope, then add findings, evidence, or an exclusion."
pcidssv40,3.5,pcidssv40 3.5,PCI DSS v4.0 3 Account Data Protection,framework_catalog_only,none,no_mapping_or_evidence,0,0,0,0,0,"Decide whether this control is in scope, then add findings, evidence, or an exclusion."
pcidssv40,3.6,pcidssv40 3.6,PCI DSS v4.0 3 Account Data Protection,framework_catalog_only,none,no_mapping_or_evidence,0,0,0,0,0,"Decide whether this control is in scope, then add findings, evidence, or an exclusion."
pcidssv40,3.7,pcidssv40 3.7,PCI DSS v4.0 3 Account Data Protection,framework_catalog_only,none,no_mapping_or_evidence,0,0,0,0,0,"Decide whether this control is in scope, then add findings, evidence, or an exclusion."
pcidssv40,4.1,pcidssv40 4.1,PCI DSS v4.0 4 Transmission Protection,framework_catalog_only,none,no_mapping_or_evidence,0,0,0,0,0,"Decide whether this control is in scope, then add findings, evidence, or an exclusion."
pcidssv40,4.2,pcidssv40 4.2,PCI DSS v4.0 4 Transmission Protection,framework_catalog_only,none,no_mapping_or_evidence,0,0,0,0,0,"Decide whether this control is in scope, then add findings, evidence, or an exclusion."
pcidssv40,5.1,pcidssv40 5.1,PCI DSS v4.0 5 Malware Protection,framework_catalog_only,none,no_mapping_or_evidence,0,0,0,0,0,"Decide whether this control is in scope, then add findings, evidence, or an exclusion."
pcidssv40,5.2,pcidssv40 5.2,PCI DSS v4.0 5 Malware Protection,framework_catalog_only,none,no_mapping_or_evidence,0,0,0,0,0,"Decide whether this control is in scope, then add findings, evidence, or an exclusion."
pcidssv40,5.3,pcidssv40 5.3,PCI DSS v4.0 5 Malware Protection,framework_catalog_only,none,no_mapping_or_evidence,0,0,0,0,0,"Decide whether this control is in scope, then add findings, evidence, or an exclusion."
pcidssv40,5.4,pcidssv40 5.4,PCI DSS v4.0 5 Malware Protection,framework_catalog_only,none,no_mapping_or_evidence,0,0,0,0,0,"Decide whether this control is in scope, then add findings, evidence, or an exclusion."
pcidssv40,6.1,pcidssv40 6.1,PCI DSS v4.0 6 Secure Systems and Software,framework_catalog_only,none,no_mapping_or_evidence,0,0,0,0,0,"Decide whether this control is in scope, then add findings, evidence, or an exclusion."
pcidssv40,6.2,pcidssv40 6.2,PCI DSS v4.0 6 Secure Systems and Software,framework_catalog_only,none,no_mapping_or_evidence,0,0,0,0,0,"Decide whether this control is in scope, then add findings, evidence, or an exclusion."
pcidssv40,6.3,pcidssv40 6.3,PCI DSS v4.0 6 Secure Systems and Software,framework_catalog_only,none,no_mapping_or_evidence,0,0,0,0,0,"Decide whether this control is in scope, then add findings, evidence, or an exclusion."
pcidssv40,6.3.1,pcidssv40 6.3.1,PCI DSS v4.0 6 Secure Systems and Software,framework_catalog_only,none,no_mapping_or_evidence,0,0,0,0,0,"Decide whether this control is in scope, then add findings, evidence, or an exclusion."
pcidssv40,6.4,pcidssv40 6.4,PCI DSS v4.0 6 Secure Systems and Software,framework_catalog_only,none,no_mapping_or_evidence,0,0,0,0,0,"Decide whether this control is in scope, then add findings, evidence, or an exclusion."
pcidssv40,6.5,pcidssv40 6.5,PCI DSS v4.0 6 Secure Systems and Software,framework_catalog_only,none,no_mapping_or_evidence,0,0,0,0,0,"Decide whether this control is in scope, then add findings, evidence, or an exclusion."
pcidssv40,7.1,pcidssv40 7.1,PCI DSS v4.0 7 Need-to-Know Access,framework_catalog_only,none,no_mapping_or_evidence,0,0,0,0,0,"Decide whether this control is in scope, then add findings, evidence, or an exclusion."
pcidssv40,7.2,pcidssv40 7.2,PCI DSS v4.0 7 Need-to-Know Access,framework_catalog_only,none,no_mapping_or_evidence,0,0,0,0,0,"Decide whether this control is in scope, then add findings, evidence, or an exclusion."
pcidssv40,7.3,pcidssv40 7.3,PCI DSS v4.0 7 Need-to-Know Access,framework_catalog_only,none,no_mapping_or_evidence,0,0,0,0,0,"Decide whether this control is in scope, then add findings, evidence, or an exclusion."
pcidssv40,8.1,pcidssv40 8.1,PCI DSS v4.0 8 Identity and Authentication,framework_catalog_only,none,no_mapping_or_evidence,0,0,0,0,0,"Decide whether this control is in scope, then add findings, evidence, or an exclusion."
pcidssv40,8.2,pcidssv40 8.2,PCI DSS v4.0 8 Identity and Authentication,framework_catalog_only,none,no_mapping_or_evidence,0,0,0,0,0,"Decide whether this control is in scope, then add findings, evidence, or an exclusion."
pcidssv40,8.3,pcidssv40 8.3,PCI DSS v4.0 8 Identity and Authentication,framework_catalog_only,none,no_mapping_or_evidence,0,0,0,0,0,"Decide whether this control is in scope, then add findings, evidence, or an exclusion."
pcidssv40,8.4,pcidssv40 8.4,PCI DSS v4.0 8 Identity and Authentication,framework_catalog_only,none,no_mapping_or_evidence,0,0,0,0,0,"Decide whether this control is in scope, then add findings, evidence, or an exclusion."
pcidssv40,8.5,pcidssv40 8.5,PCI DSS v4.0 8 Identity and Authentication,framework_catalog_only,none,no_mapping_or_evidence,0,0,0,0,0,"Decide whether this control is in scope, then add findings, evidence, or an exclusion."
pcidssv40,8.6,pcidssv40 8.6,PCI DSS v4.0 8 Identity and Authentication,framework_catalog_only,none,no_mapping_or_evidence,0,0,0,0,0,"Decide whether this control is in scope, then add findings, evidence, or an exclusion."
pcidssv40,9.1,pcidssv40 9.1,PCI DSS v4.0 9 Physical Access,framework_catalog_only,none,no_mapping_or_evidence,0,0,0,0,0,"Decide whether this control is in scope, then add findings, evidence, or an exclusion."
pcidssv40,9.2,pcidssv40 9.2,PCI DSS v4.0 9 Physical Access,framework_catalog_only,none,no_mapping_or_evidence,0,0,0,0,0,"Decide whether this control is in scope, then add findings, evidence, or an exclusion."
pcidssv40,9.3,pcidssv40 9.3,PCI DSS v4.0 9 Physical Access,framework_catalog_only,none,no_mapping_or_evidence,0,0,0,0,0,"Decide whether this control is in scope, then add findings, evidence, or an exclusion."
pcidssv40,9.4,pcidssv40 9.4,PCI DSS v4.0 9 Physical Access,framework_catalog_only,none,no_mapping_or_evidence,0,0,0,0,0,"Decide whether this control is in scope, then add findings, evidence, or an exclusion."
pcidssv40,9.5,pcidssv40 9.5,PCI DSS v4.0 9 Physical Access,framework_catalog_only,none,no_mapping_or_evidence,0,0,0,0,0,"Decide whether this control is in scope, then add findings, evidence, or an exclusion."
pcidssv40,APPENDIXA-1.1,pcidssv40 APPENDIXA-1.1,PCI DSS v4.0 Appendix Appendix Controls,framework_catalog_only,none,no_mapping_or_evidence,0,0,0,0,0,"Decide whether this control is in scope, then add findings, evidence, or an exclusion."
pcidssv40,APPENDIXA-1.2,pcidssv40 APPENDIXA-1.2,PCI DSS v4.0 Appendix Appendix Controls,framework_catalog_only,none,no_mapping_or_evidence,0,0,0,0,0,"Decide whether this control is in scope, then add findings, evidence, or an exclusion."
pcidssv40,APPENDIXA2.1,pcidssv40 APPENDIXA2.1,PCI DSS v4.0 Appendix Appendix Controls,framework_catalog_only,none,no_mapping_or_evidence,0,0,0,0,0,"Decide whether this control is in scope, then add findings, evidence, or an exclusion."
pcidssv401,1.1,pcidssv401 1.1,PCI DSS v4.0.1 1 Network Security Controls,framework_catalog_only,none,no_mapping_or_evidence,0,0,0,0,0,"Decide whether this control is in scope, then add findings, evidence, or an exclusion."
pcidssv401,1.2,pcidssv401 1.2,PCI DSS v4.0.1 1 Network Security Controls,framework_catalog_only,none,no_mapping_or_evidence,0,0,0,0,0,"Decide whether this control is in scope, then add findings, evidence, or an exclusion."
pcidssv401,1.3,pcidssv401 1.3,PCI DSS v4.0.1 1 Network Security Controls,direct_source_backed,direct,none,112,9,9,0,2,Maintain evidence collection and sampling.
pcidssv401,1.3.1,pcidssv401 1.3.1,PCI DSS v4.0.1 1 Network Security Controls,direct_control_only,direct,missing_source_backing,11,0,0,0,2,Add source capability or evidence requirements for mapped findings.
pcidssv401,1.4,pcidssv401 1.4,PCI DSS v4.0.1 1 Network Security Controls,direct_source_backed,direct,none,113,9,9,0,1,Maintain evidence collection and sampling.
pcidssv401,1.5,pcidssv401 1.5,PCI DSS v4.0.1 1 Network Security Controls,framework_catalog_only,none,no_mapping_or_evidence,0,0,0,0,0,"Decide whether this control is in scope, then add findings, evidence, or an exclusion."
pcidssv401,10.1,pcidssv401 10.1,PCI DSS v4.0.1 10 Logging and Monitoring,framework_catalog_only,none,no_mapping_or_evidence,0,0,0,0,0,"Decide whether this control is in scope, then add findings, evidence, or an exclusion."
pcidssv401,10.2,pcidssv401 10.2,PCI DSS v4.0.1 10 Logging and Monitoring,direct_control_only,direct,missing_source_backing,31,0,0,0,3,Add source capability or evidence requirements for mapped findings.
pcidssv401,10.2.1,pcidssv401 10.2.1,PCI DSS v4.0.1 10 Logging and Monitoring,direct_control_only,direct,missing_source_backing,1,0,0,0,2,Add source capability or evidence requirements for mapped findings.
pcidssv401,10.3,pcidssv401 10.3,PCI DSS v4.0.1 10 Logging and Monitoring,direct_control_only,direct,missing_source_backing,30,0,0,0,1,Add source capability or evidence requirements for mapped findings.
pcidssv401,10.4,pcidssv401 10.4,PCI DSS v4.0.1 10 Logging and Monitoring,framework_catalog_only,none,no_mapping_or_evidence,0,0,0,0,0,"Decide whether this control is in scope, then add findings, evidence, or an exclusion."
pcidssv401,10.5,pcidssv401 10.5,PCI DSS v4.0.1 10 Logging and Monitoring,framework_catalog_only,none,no_mapping_or_evidence,0,0,0,0,0,"Decide whether this control is in scope, then add findings, evidence, or an exclusion."
pcidssv401,10.6,pcidssv401 10.6,PCI DSS v4.0.1 10 Logging and Monitoring,framework_catalog_only,none,no_mapping_or_evidence,0,0,0,0,0,"Decide whether this control is in scope, then add findings, evidence, or an exclusion."
pcidssv401,10.7,pcidssv401 10.7,PCI DSS v4.0.1 10 Logging and Monitoring,framework_catalog_only,none,no_mapping_or_evidence,0,0,0,0,0,"Decide whether this control is in scope, then add findings, evidence, or an exclusion."
pcidssv401,11.1,pcidssv401 11.1,PCI DSS v4.0.1 11 Security Testing,framework_catalog_only,none,no_mapping_or_evidence,0,0,0,0,0,"Decide whether this control is in scope, then add findings, evidence, or an exclusion."
pcidssv401,11.2,pcidssv401 11.2,PCI DSS v4.0.1 11 Security Testing,framework_catalog_only,none,no_mapping_or_evidence,0,0,0,0,0,"Decide whether this control is in scope, then add findings, evidence, or an exclusion."
pcidssv401,11.3,pcidssv401 11.3,PCI DSS v4.0.1 11 Security Testing,direct_source_backed,direct,none,49,3,3,0,1,Maintain evidence collection and sampling.
pcidssv401,11.4,pcidssv401 11.4,PCI DSS v4.0.1 11 Security Testing,framework_catalog_only,none,no_mapping_or_evidence,0,0,0,0,0,"Decide whether this control is in scope, then add findings, evidence, or an exclusion."
pcidssv401,11.5,pcidssv401 11.5,PCI DSS v4.0.1 11 Security Testing,framework_catalog_only,none,no_mapping_or_evidence,0,0,0,0,0,"Decide whether this control is in scope, then add findings, evidence, or an exclusion."
pcidssv401,11.6,pcidssv401 11.6,PCI DSS v4.0.1 11 Security Testing,framework_catalog_only,none,no_mapping_or_evidence,0,0,0,0,0,"Decide whether this control is in scope, then add findings, evidence, or an exclusion."
pcidssv401,12.1,pcidssv401 12.1,PCI DSS v4.0.1 12 Security Program,framework_catalog_only,none,no_mapping_or_evidence,0,0,0,0,0,"Decide whether this control is in scope, then add findings, evidence, or an exclusion."
pcidssv401,12.10,pcidssv401 12.10,PCI DSS v4.0.1 12 Security Program,framework_catalog_only,none,no_mapping_or_evidence,0,0,0,0,0,"Decide whether this control is in scope, then add findings, evidence, or an exclusion."
pcidssv401,12.10.1,pcidssv401 12.10.1,PCI DSS v4.0.1 12 Security Program,direct_control_only,direct,missing_source_backing,1,0,0,0,2,Add source capability or evidence requirements for mapped findings.
pcidssv401,12.2,pcidssv401 12.2,PCI DSS v4.0.1 12 Security Program,framework_catalog_only,none,no_mapping_or_evidence,0,0,0,0,0,"Decide whether this control is in scope, then add findings, evidence, or an exclusion."
pcidssv401,12.3,pcidssv401 12.3,PCI DSS v4.0.1 12 Security Program,framework_catalog_only,none,no_mapping_or_evidence,0,0,0,0,0,"Decide whether this control is in scope, then add findings, evidence, or an exclusion."
pcidssv401,12.4,pcidssv401 12.4,PCI DSS v4.0.1 12 Security Program,framework_catalog_only,none,no_mapping_or_evidence,0,0,0,0,0,"Decide whether this control is in scope, then add findings, evidence, or an exclusion."
pcidssv401,12.5,pcidssv401 12.5,PCI DSS v4.0.1 12 Security Program,framework_catalog_only,none,no_mapping_or_evidence,0,0,0,0,0,"Decide whether this control is in scope, then add findings, evidence, or an exclusion."
pcidssv401,12.6,pcidssv401 12.6,PCI DSS v4.0.1 12 Security Program,direct_control_only,direct,missing_source_backing,1,0,0,0,0,Add source capability or evidence requirements for mapped findings.
pcidssv401,12.7,pcidssv401 12.7,PCI DSS v4.0.1 12 Security Program,direct_control_only,direct,missing_source_backing,1,0,0,0,0,Add source capability or evidence requirements for mapped findings.
pcidssv401,12.8,pcidssv401 12.8,PCI DSS v4.0.1 12 Security Program,direct_control_only,direct,missing_source_backing,2,0,0,0,0,Add source capability or evidence requirements for mapped findings.
pcidssv401,12.9,pcidssv401 12.9,PCI DSS v4.0.1 12 Security Program,framework_catalog_only,none,no_mapping_or_evidence,0,0,0,0,0,"Decide whether this control is in scope, then add findings, evidence, or an exclusion."
pcidssv401,2.1,pcidssv401 2.1,PCI DSS v4.0.1 2 Secure Configurations,framework_catalog_only,none,no_mapping_or_evidence,0,0,0,0,0,"Decide whether this control is in scope, then add findings, evidence, or an exclusion."
pcidssv401,2.2,pcidssv401 2.2,PCI DSS v4.0.1 2 Secure Configurations,direct_control_only,direct,missing_source_backing,6,0,0,0,0,Add source capability or evidence requirements for mapped findings.
pcidssv401,2.3,pcidssv401 2.3,PCI DSS v4.0.1 2 Secure Configurations,framework_catalog_only,none,no_mapping_or_evidence,0,0,0,0,0,"Decide whether this control is in scope, then add findings, evidence, or an exclusion."
pcidssv401,3.1,pcidssv401 3.1,PCI DSS v4.0.1 3 Account Data Protection,framework_catalog_only,none,no_mapping_or_evidence,0,0,0,0,0,"Decide whether this control is in scope, then add findings, evidence, or an exclusion."
pcidssv401,3.2,pcidssv401 3.2,PCI DSS v4.0.1 3 Account Data Protection,framework_catalog_only,none,no_mapping_or_evidence,0,0,0,0,0,"Decide whether this control is in scope, then add findings, evidence, or an exclusion."
pcidssv401,3.3,pcidssv401 3.3,PCI DSS v4.0.1 3 Account Data Protection,direct_control_only,direct,missing_source_backing,1,0,0,0,1,Add source capability or evidence requirements for mapped findings.
pcidssv401,3.4,pcidssv401 3.4,PCI DSS v4.0.1 3 Account Data Protection,framework_catalog_only,none,no_mapping_or_evidence,0,0,0,0,0,"Decide whether this control is in scope, then add findings, evidence, or an exclusion."
pcidssv401,3.5,pcidssv401 3.5,PCI DSS v4.0.1 3 Account Data Protection,direct_source_backed,direct,none,107,8,8,0,2,Maintain evidence collection and sampling.
pcidssv401,3.5.1,pcidssv401 3.5.1,PCI DSS v4.0.1 3 Account Data Protection,direct_control_only,direct,missing_source_backing,5,0,0,0,2,Add source capability or evidence requirements for mapped findings.
pcidssv401,3.6,pcidssv401 3.6,PCI DSS v4.0.1 3 Account Data Protection,framework_catalog_only,none,no_mapping_or_evidence,0,0,0,0,0,"Decide whether this control is in scope, then add findings, evidence, or an exclusion."
pcidssv401,3.7,pcidssv401 3.7,PCI DSS v4.0.1 3 Account Data Protection,framework_catalog_only,none,no_mapping_or_evidence,0,0,0,0,0,"Decide whether this control is in scope, then add findings, evidence, or an exclusion."
pcidssv401,4.1,pcidssv401 4.1,PCI DSS v4.0.1 4 Transmission Protection,framework_catalog_only,none,no_mapping_or_evidence,0,0,0,0,0,"Decide whether this control is in scope, then add findings, evidence, or an exclusion."
pcidssv401,4.2,pcidssv401 4.2,PCI DSS v4.0.1 4 Transmission Protection,direct_control_only,direct,missing_source_backing,44,0,0,0,2,Add source capability or evidence requirements for mapped findings.
pcidssv401,4.2.1,pcidssv401 4.2.1,PCI DSS v4.0.1 4 Transmission Protection,direct_control_only,direct,missing_source_backing,1,0,0,0,2,Add source capability or evidence requirements for mapped findings.
pcidssv401,5.1,pcidssv401 5.1,PCI DSS v4.0.1 5 Malware Protection,framework_catalog_only,none,no_mapping_or_evidence,0,0,0,0,0,"Decide whether this control is in scope, then add findings, evidence, or an exclusion."
pcidssv401,5.2,pcidssv401 5.2,PCI DSS v4.0.1 5 Malware Protection,direct_control_only,direct,missing_source_backing,7,0,0,0,0,Add source capability or evidence requirements for mapped findings.
pcidssv401,5.3,pcidssv401 5.3,PCI DSS v4.0.1 5 Malware Protection,direct_control_only,direct,missing_source_backing,7,0,0,0,0,Add source capability or evidence requirements for mapped findings.
pcidssv401,5.4,pcidssv401 5.4,PCI DSS v4.0.1 5 Malware Protection,framework_catalog_only,none,no_mapping_or_evidence,0,0,0,0,0,"Decide whether this control is in scope, then add findings, evidence, or an exclusion."
pcidssv401,6.1,pcidssv401 6.1,PCI DSS v4.0.1 6 Secure Systems and Software,framework_catalog_only,none,no_mapping_or_evidence,0,0,0,0,0,"Decide whether this control is in scope, then add findings, evidence, or an exclusion."
pcidssv401,6.2,pcidssv401 6.2,PCI DSS v4.0.1 6 Secure Systems and Software,framework_catalog_only,none,no_mapping_or_evidence,0,0,0,0,0,"Decide whether this control is in scope, then add findings, evidence, or an exclusion."
pcidssv401,6.3,pcidssv401 6.3,PCI DSS v4.0.1 6 Secure Systems and Software,direct_source_backed,direct,none,56,6,6,0,0,Maintain evidence collection and sampling.
pcidssv401,6.4,pcidssv401 6.4,PCI DSS v4.0.1 6 Secure Systems and Software,framework_catalog_only,none,no_mapping_or_evidence,0,0,0,0,0,"Decide whether this control is in scope, then add findings, evidence, or an exclusion."
pcidssv401,6.5,pcidssv401 6.5,PCI DSS v4.0.1 6 Secure Systems and Software,direct_control_only,direct,missing_source_backing,7,0,0,0,0,Add source capability or evidence requirements for mapped findings.
pcidssv401,7.1,pcidssv401 7.1,PCI DSS v4.0.1 7 Need-to-Know Access,framework_catalog_only,none,no_mapping_or_evidence,0,0,0,0,0,"Decide whether this control is in scope, then add findings, evidence, or an exclusion."
pcidssv401,7.2,pcidssv401 7.2,PCI DSS v4.0.1 7 Need-to-Know Access,direct_source_backed,direct,none,197,20,20,0,1,Maintain evidence collection and sampling.
pcidssv401,7.3,pcidssv401 7.3,PCI DSS v4.0.1 7 Need-to-Know Access,framework_catalog_only,none,no_mapping_or_evidence,0,0,0,0,0,"Decide whether this control is in scope, then add findings, evidence, or an exclusion."
pcidssv401,8.1,pcidssv401 8.1,PCI DSS v4.0.1 8 Identity and Authentication,framework_catalog_only,none,no_mapping_or_evidence,0,0,0,0,0,"Decide whether this control is in scope, then add findings, evidence, or an exclusion."
pcidssv401,8.1.3,pcidssv401 8.1.3,PCI DSS v4.0.1 8 Identity and Authentication,direct_control_only,direct,missing_source_backing,14,0,0,0,1,Add source capability or evidence requirements for mapped findings.
pcidssv401,8.2,pcidssv401 8.2,PCI DSS v4.0.1 8 Identity and Authentication,framework_catalog_only,none,no_mapping_or_evidence,0,0,0,0,0,"Decide whether this control is in scope, then add findings, evidence, or an exclusion."
pcidssv401,8.3,pcidssv401 8.3,PCI DSS v4.0.1 8 Identity and Authentication,direct_source_backed,direct,none,41,5,5,0,3,Maintain evidence collection and sampling.
pcidssv401,8.3.6,pcidssv401 8.3.6,PCI DSS v4.0.1 8 Identity and Authentication,direct_control_only,direct,missing_source_backing,1,0,0,0,2,Add source capability or evidence requirements for mapped findings.
pcidssv401,8.3.7,pcidssv401 8.3.7,PCI DSS v4.0.1 8 Identity and Authentication,direct_control_only,direct,missing_source_backing,1,0,0,0,2,Add source capability or evidence requirements for mapped findings.
pcidssv401,8.4,pcidssv401 8.4,PCI DSS v4.0.1 8 Identity and Authentication,direct_control_only,direct,missing_source_backing,41,0,0,0,2,Add source capability or evidence requirements for mapped findings.
pcidssv401,8.4.2,pcidssv401 8.4.2,PCI DSS v4.0.1 8 Identity and Authentication,direct_control_only,direct,missing_source_backing,1,0,0,0,2,Add source capability or evidence requirements for mapped findings.
pcidssv401,8.5,pcidssv401 8.5,PCI DSS v4.0.1 8 Identity and Authentication,framework_catalog_only,none,no_mapping_or_evidence,0,0,0,0,0,"Decide whether this control is in scope, then add findings, evidence, or an exclusion."
pcidssv401,8.6,pcidssv401 8.6,PCI DSS v4.0.1 8 Identity and Authentication,direct_control_only,direct,missing_source_backing,73,0,0,0,1,Add source capability or evidence requirements for mapped findings.
pcidssv401,9.1,pcidssv401 9.1,PCI DSS v4.0.1 9 Physical Access,framework_catalog_only,none,no_mapping_or_evidence,0,0,0,0,0,"Decide whether this control is in scope, then add findings, evidence, or an exclusion."
pcidssv401,9.2,pcidssv401 9.2,PCI DSS v4.0.1 9 Physical Access,framework_catalog_only,none,no_mapping_or_evidence,0,0,0,0,0,"Decide whether this control is in scope, then add findings, evidence, or an exclusion."
pcidssv401,9.3,pcidssv401 9.3,PCI DSS v4.0.1 9 Physical Access,framework_catalog_only,none,no_mapping_or_evidence,0,0,0,0,0,"Decide whether this control is in scope, then add findings, evidence, or an exclusion."
pcidssv401,9.4,pcidssv401 9.4,PCI DSS v4.0.1 9 Physical Access,framework_catalog_only,none,no_mapping_or_evidence,0,0,0,0,0,"Decide whether this control is in scope, then add findings, evidence, or an exclusion."
pcidssv401,9.5,pcidssv401 9.5,PCI DSS v4.0.1 9 Physical Access,framework_catalog_only,none,no_mapping_or_evidence,0,0,0,0,0,"Decide whether this control is in scope, then add findings, evidence, or an exclusion."
pcidssv401,APPENDIXA-1.1,pcidssv401 APPENDIXA-1.1,PCI DSS v4.0.1 Appendix Appendix Controls,framework_catalog_only,none,no_mapping_or_evidence,0,0,0,0,0,"Decide whether this control is in scope, then add findings, evidence, or an exclusion."
pcidssv401,APPENDIXA-1.2,pcidssv401 APPENDIXA-1.2,PCI DSS v4.0.1 Appendix Appendix Controls,framework_catalog_only,none,no_mapping_or_evidence,0,0,0,0,0,"Decide whether this control is in scope, then add findings, evidence, or an exclusion."
pcidssv401,APPENDIXA2.1,pcidssv401 APPENDIXA2.1,PCI DSS v4.0.1 Appendix Appendix Controls,framework_catalog_only,none,no_mapping_or_evidence,0,0,0,0,0,"Decide whether this control is in scope, then add findings, evidence, or an exclusion."
pcisaqdsp,1.1.1,pcisaqdsp 1.1.1,PCI SAQ D-SP 1 1 Controls,framework_catalog_only,none,no_mapping_or_evidence,0,0,0,0,0,"Decide whether this control is in scope, then add findings, evidence, or an exclusion."
pcisaqdsp,1.1.2.A,pcisaqdsp 1.1.2.A,PCI SAQ D-SP 1 1 Controls,framework_catalog_only,none,no_mapping_or_evidence,0,0,0,0,0,"Decide whether this control is in scope, then add findings, evidence, or an exclusion."
pcisaqdsp,1.1.2.B,pcisaqdsp 1.1.2.B,PCI SAQ D-SP 1 1 Controls,framework_catalog_only,none,no_mapping_or_evidence,0,0,0,0,0,"Decide whether this control is in scope, then add findings, evidence, or an exclusion."
pcisaqdsp,1.1.3.A,pcisaqdsp 1.1.3.A,PCI SAQ D-SP 1 1 Controls,framework_catalog_only,none,no_mapping_or_evidence,0,0,0,0,0,"Decide whether this control is in scope, then add findings, evidence, or an exclusion."
pcisaqdsp,1.1.3.B,pcisaqdsp 1.1.3.B,PCI SAQ D-SP 1 1 Controls,framework_catalog_only,none,no_mapping_or_evidence,0,0,0,0,0,"Decide whether this control is in scope, then add findings, evidence, or an exclusion."
pcisaqdsp,1.1.4.A,pcisaqdsp 1.1.4.A,PCI SAQ D-SP 1 1 Controls,framework_catalog_only,none,no_mapping_or_evidence,0,0,0,0,0,"Decide whether this control is in scope, then add findings, evidence, or an exclusion."
pcisaqdsp,1.1.4.B,pcisaqdsp 1.1.4.B,PCI SAQ D-SP 1 1 Controls,framework_catalog_only,none,no_mapping_or_evidence,0,0,0,0,0,"Decide whether this control is in scope, then add findings, evidence, or an exclusion."
pcisaqdsp,1.1.5,pcisaqdsp 1.1.5,PCI SAQ D-SP 1 1 Controls,framework_catalog_only,none,no_mapping_or_evidence,0,0,0,0,0,"Decide whether this control is in scope, then add findings, evidence, or an exclusion."
pcisaqdsp,1.1.6.A,pcisaqdsp 1.1.6.A,PCI SAQ D-SP 1 1 Controls,framework_catalog_only,none,no_mapping_or_evidence,0,0,0,0,0,"Decide whether this control is in scope, then add findings, evidence, or an exclusion."
pcisaqdsp,1.1.6.B,pcisaqdsp 1.1.6.B,PCI SAQ D-SP 1 1 Controls,framework_catalog_only,none,no_mapping_or_evidence,0,0,0,0,0,"Decide whether this control is in scope, then add findings, evidence, or an exclusion."
pcisaqdsp,1.1.7.A,pcisaqdsp 1.1.7.A,PCI SAQ D-SP 1 1 Controls,framework_catalog_only,none,no_mapping_or_evidence,0,0,0,0,0,"Decide whether this control is in scope, then add findings, evidence, or an exclusion."
pcisaqdsp,1.1.7.B,pcisaqdsp 1.1.7.B,PCI SAQ D-SP 1 1 Controls,framework_catalog_only,none,no_mapping_or_evidence,0,0,0,0,0,"Decide whether this control is in scope, then add findings, evidence, or an exclusion."
pcisaqdsp,1.2.1.A,pcisaqdsp 1.2.1.A,PCI SAQ D-SP 1 1 Controls,framework_catalog_only,none,no_mapping_or_evidence,0,0,0,0,0,"Decide whether this control is in scope, then add findings, evidence, or an exclusion."
pcisaqdsp,1.2.1.B,pcisaqdsp 1.2.1.B,PCI SAQ D-SP 1 1 Controls,framework_catalog_only,none,no_mapping_or_evidence,0,0,0,0,0,"Decide whether this control is in scope, then add findings, evidence, or an exclusion."
pcisaqdsp,1.2.2,pcisaqdsp 1.2.2,PCI SAQ D-SP 1 1 Controls,framework_catalog_only,none,no_mapping_or_evidence,0,0,0,0,0,"Decide whether this control is in scope, then add findings, evidence, or an exclusion."
pcisaqdsp,1.2.3,pcisaqdsp 1.2.3,PCI SAQ D-SP 1 1 Controls,framework_catalog_only,none,no_mapping_or_evidence,0,0,0,0,0,"Decide whether this control is in scope, then add findings, evidence, or an exclusion."
pcisaqdsp,1.3.1,pcisaqdsp 1.3.1,PCI SAQ D-SP 1 1 Controls,framework_catalog_only,none,no_mapping_or_evidence,0,0,0,0,0,"Decide whether this control is in scope, then add findings, evidence, or an exclusion."
pcisaqdsp,1.3.2,pcisaqdsp 1.3.2,PCI SAQ D-SP 1 1 Controls,framework_catalog_only,none,no_mapping_or_evidence,0,0,0,0,0,"Decide whether this control is in scope, then add findings, evidence, or an exclusion."
pcisaqdsp,1.3.3,pcisaqdsp 1.3.3,PCI SAQ D-SP 1 1 Controls,framework_catalog_only,none,no_mapping_or_evidence,0,0,0,0,0,"Decide whether this control is in scope, then add findings, evidence, or an exclusion."
pcisaqdsp,1.3.4,pcisaqdsp 1.3.4,PCI SAQ D-SP 1 1 Controls,framework_catalog_only,none,no_mapping_or_evidence,0,0,0,0,0,"Decide whether this control is in scope, then add findings, evidence, or an exclusion."
pcisaqdsp,1.3.5,pcisaqdsp 1.3.5,PCI SAQ D-SP 1 1 Controls,framework_catalog_only,none,no_mapping_or_evidence,0,0,0,0,0,"Decide whether this control is in scope, then add findings, evidence, or an exclusion."
pcisaqdsp,1.3.6,pcisaqdsp 1.3.6,PCI SAQ D-SP 1 1 Controls,framework_catalog_only,none,no_mapping_or_evidence,0,0,0,0,0,"Decide whether this control is in scope, then add findings, evidence, or an exclusion."
pcisaqdsp,1.3.7.A,pcisaqdsp 1.3.7.A,PCI SAQ D-SP 1 1 Controls,framework_catalog_only,none,no_mapping_or_evidence,0,0,0,0,0,"Decide whether this control is in scope, then add findings, evidence, or an exclusion."
pcisaqdsp,1.3.7.B,pcisaqdsp 1.3.7.B,PCI SAQ D-SP 1 1 Controls,framework_catalog_only,none,no_mapping_or_evidence,0,0,0,0,0,"Decide whether this control is in scope, then add findings, evidence, or an exclusion."
pcisaqdsp,1.4.A,pcisaqdsp 1.4.A,PCI SAQ D-SP 1 1 Controls,framework_catalog_only,none,no_mapping_or_evidence,0,0,0,0,0,"Decide whether this control is in scope, then add findings, evidence, or an exclusion."
pcisaqdsp,1.4.B,pcisaqdsp 1.4.B,PCI SAQ D-SP 1 1 Controls,framework_catalog_only,none,no_mapping_or_evidence,0,0,0,0,0,"Decide whether this control is in scope, then add findings, evidence, or an exclusion."
pcisaqdsp,1.5,pcisaqdsp 1.5,PCI SAQ D-SP 1 1 Controls,framework_catalog_only,none,no_mapping_or_evidence,0,0,0,0,0,"Decide whether this control is in scope, then add findings, evidence, or an exclusion."
pcisaqdsp,10.1.A,pcisaqdsp 10.1.A,PCI SAQ D-SP 10 10 Controls,framework_catalog_only,none,no_mapping_or_evidence,0,0,0,0,0,"Decide whether this control is in scope, then add findings, evidence, or an exclusion."
pcisaqdsp,10.1.B,pcisaqdsp 10.1.B,PCI SAQ D-SP 10 10 Controls,framework_catalog_only,none,no_mapping_or_evidence,0,0,0,0,0,"Decide whether this control is in scope, then add findings, evidence, or an exclusion."
pcisaqdsp,10.2.1,pcisaqdsp 10.2.1,PCI SAQ D-SP 10 10 Controls,framework_catalog_only,none,no_mapping_or_evidence,0,0,0,0,0,"Decide whether this control is in scope, then add findings, evidence, or an exclusion."
pcisaqdsp,10.2.2,pcisaqdsp 10.2.2,PCI SAQ D-SP 10 10 Controls,framework_catalog_only,none,no_mapping_or_evidence,0,0,0,0,0,"Decide whether this control is in scope, then add findings, evidence, or an exclusion."
pcisaqdsp,10.2.3,pcisaqdsp 10.2.3,PCI SAQ D-SP 10 10 Controls,framework_catalog_only,none,no_mapping_or_evidence,0,0,0,0,0,"Decide whether this control is in scope, then add findings, evidence, or an exclusion."
pcisaqdsp,10.2.4,pcisaqdsp 10.2.4,PCI SAQ D-SP 10 10 Controls,framework_catalog_only,none,no_mapping_or_evidence,0,0,0,0,0,"Decide whether this control is in scope, then add findings, evidence, or an exclusion."
pcisaqdsp,10.2.5,pcisaqdsp 10.2.5,PCI SAQ D-SP 10 10 Controls,framework_catalog_only,none,no_mapping_or_evidence,0,0,0,0,0,"Decide whether this control is in scope, then add findings, evidence, or an exclusion."
pcisaqdsp,10.2.6,pcisaqdsp 10.2.6,PCI SAQ D-SP 10 10 Controls,framework_catalog_only,none,no_mapping_or_evidence,0,0,0,0,0,"Decide whether this control is in scope, then add findings, evidence, or an exclusion."
pcisaqdsp,10.2.7,pcisaqdsp 10.2.7,PCI SAQ D-SP 10 10 Controls,framework_catalog_only,none,no_mapping_or_evidence,0,0,0,0,0,"Decide whether this control is in scope, then add findings, evidence, or an exclusion."
pcisaqdsp,10.3.1,pcisaqdsp 10.3.1,PCI SAQ D-SP 10 10 Controls,framework_catalog_only,none,no_mapping_or_evidence,0,0,0,0,0,"Decide whether this control is in scope, then add findings, evidence, or an exclusion."
pcisaqdsp,10.3.2,pcisaqdsp 10.3.2,PCI SAQ D-SP 10 10 Controls,framework_catalog_only,none,no_mapping_or_evidence,0,0,0,0,0,"Decide whether this control is in scope, then add findings, evidence, or an exclusion."
pcisaqdsp,10.3.3,pcisaqdsp 10.3.3,PCI SAQ D-SP 10 10 Controls,framework_catalog_only,none,no_mapping_or_evidence,0,0,0,0,0,"Decide whether this control is in scope, then add findings, evidence, or an exclusion."
pcisaqdsp,10.3.4,pcisaqdsp 10.3.4,PCI SAQ D-SP 10 10 Controls,framework_catalog_only,none,no_mapping_or_evidence,0,0,0,0,0,"Decide whether this control is in scope, then add findings, evidence, or an exclusion."
pcisaqdsp,10.3.5,pcisaqdsp 10.3.5,PCI SAQ D-SP 10 10 Controls,framework_catalog_only,none,no_mapping_or_evidence,0,0,0,0,0,"Decide whether this control is in scope, then add findings, evidence, or an exclusion."
pcisaqdsp,10.3.6,pcisaqdsp 10.3.6,PCI SAQ D-SP 10 10 Controls,framework_catalog_only,none,no_mapping_or_evidence,0,0,0,0,0,"Decide whether this control is in scope, then add findings, evidence, or an exclusion."
pcisaqdsp,10.4,pcisaqdsp 10.4,PCI SAQ D-SP 10 10 Controls,framework_catalog_only,none,no_mapping_or_evidence,0,0,0,0,0,"Decide whether this control is in scope, then add findings, evidence, or an exclusion."
pcisaqdsp,10.4.1.A,pcisaqdsp 10.4.1.A,PCI SAQ D-SP 10 10 Controls,framework_catalog_only,none,no_mapping_or_evidence,0,0,0,0,0,"Decide whether this control is in scope, then add findings, evidence, or an exclusion."
pcisaqdsp,10.4.1.B,pcisaqdsp 10.4.1.B,PCI SAQ D-SP 10 10 Controls,framework_catalog_only,none,no_mapping_or_evidence,0,0,0,0,0,"Decide whether this control is in scope, then add findings, evidence, or an exclusion."
pcisaqdsp,10.4.1.C,pcisaqdsp 10.4.1.C,PCI SAQ D-SP 10 10 Controls,framework_catalog_only,none,no_mapping_or_evidence,0,0,0,0,0,"Decide whether this control is in scope, then add findings, evidence, or an exclusion."
pcisaqdsp,10.4.2.A,pcisaqdsp 10.4.2.A,PCI SAQ D-SP 10 10 Controls,framework_catalog_only,none,no_mapping_or_evidence,0,0,0,0,0,"Decide whether this control is in scope, then add findings, evidence, or an exclusion."
pcisaqdsp,10.4.2.B,pcisaqdsp 10.4.2.B,PCI SAQ D-SP 10 10 Controls,framework_catalog_only,none,no_mapping_or_evidence,0,0,0,0,0,"Decide whether this control is in scope, then add findings, evidence, or an exclusion."
pcisaqdsp,10.4.3,pcisaqdsp 10.4.3,PCI SAQ D-SP 10 10 Controls,framework_catalog_only,none,no_mapping_or_evidence,0,0,0,0,0,"Decide whether this control is in scope, then add findings, evidence, or an exclusion."
pcisaqdsp,10.5.1,pcisaqdsp 10.5.1,PCI SAQ D-SP 10 10 Controls,framework_catalog_only,none,no_mapping_or_evidence,0,0,0,0,0,"Decide whether this control is in scope, then add findings, evidence, or an exclusion."
pcisaqdsp,10.5.2,pcisaqdsp 10.5.2,PCI SAQ D-SP 10 10 Controls,framework_catalog_only,none,no_mapping_or_evidence,0,0,0,0,0,"Decide whether this control is in scope, then add findings, evidence, or an exclusion."
pcisaqdsp,10.5.3,pcisaqdsp 10.5.3,PCI SAQ D-SP 10 10 Controls,framework_catalog_only,none,no_mapping_or_evidence,0,0,0,0,0,"Decide whether this control is in scope, then add findings, evidence, or an exclusion."
pcisaqdsp,10.5.4,pcisaqdsp 10.5.4,PCI SAQ D-SP 10 10 Controls,framework_catalog_only,none,no_mapping_or_evidence,0,0,0,0,0,"Decide whether this control is in scope, then add findings, evidence, or an exclusion."
pcisaqdsp,10.5.5,pcisaqdsp 10.5.5,PCI SAQ D-SP 10 10 Controls,framework_catalog_only,none,no_mapping_or_evidence,0,0,0,0,0,"Decide whether this control is in scope, then add findings, evidence, or an exclusion."
pcisaqdsp,10.6.1.A,pcisaqdsp 10.6.1.A,PCI SAQ D-SP 10 10 Controls,framework_catalog_only,none,no_mapping_or_evidence,0,0,0,0,0,"Decide whether this control is in scope, then add findings, evidence, or an exclusion."
pcisaqdsp,10.6.1.B,pcisaqdsp 10.6.1.B,PCI SAQ D-SP 10 10 Controls,framework_catalog_only,none,no_mapping_or_evidence,0,0,0,0,0,"Decide whether this control is in scope, then add findings, evidence, or an exclusion."
pcisaqdsp,10.6.2.A,pcisaqdsp 10.6.2.A,PCI SAQ D-SP 10 10 Controls,framework_catalog_only,none,no_mapping_or_evidence,0,0,0,0,0,"Decide whether this control is in scope, then add findings, evidence, or an exclusion."
pcisaqdsp,10.6.2.B,pcisaqdsp 10.6.2.B,PCI SAQ D-SP 10 10 Controls,framework_catalog_only,none,no_mapping_or_evidence,0,0,0,0,0,"Decide whether this control is in scope, then add findings, evidence, or an exclusion."
pcisaqdsp,10.6.3.A,pcisaqdsp 10.6.3.A,PCI SAQ D-SP 10 10 Controls,framework_catalog_only,none,no_mapping_or_evidence,0,0,0,0,0,"Decide whether this control is in scope, then add findings, evidence, or an exclusion."
pcisaqdsp,10.6.3.B,pcisaqdsp 10.6.3.B,PCI SAQ D-SP 10 10 Controls,framework_catalog_only,none,no_mapping_or_evidence,0,0,0,0,0,"Decide whether this control is in scope, then add findings, evidence, or an exclusion."
pcisaqdsp,10.7.A,pcisaqdsp 10.7.A,PCI SAQ D-SP 10 10 Controls,framework_catalog_only,none,no_mapping_or_evidence,0,0,0,0,0,"Decide whether this control is in scope, then add findings, evidence, or an exclusion."
pcisaqdsp,10.7.B,pcisaqdsp 10.7.B,PCI SAQ D-SP 10 10 Controls,framework_catalog_only,none,no_mapping_or_evidence,0,0,0,0,0,"Decide whether this control is in scope, then add findings, evidence, or an exclusion."
pcisaqdsp,10.7.C,pcisaqdsp 10.7.C,PCI SAQ D-SP 10 10 Controls,framework_catalog_only,none,no_mapping_or_evidence,0,0,0,0,0,"Decide whether this control is in scope, then add findings, evidence, or an exclusion."
pcisaqdsp,10.8.A,pcisaqdsp 10.8.A,PCI SAQ D-SP 10 10 Controls,framework_catalog_only,none,no_mapping_or_evidence,0,0,0,0,0,"Decide whether this control is in scope, then add findings, evidence, or an exclusion."
pcisaqdsp,10.8.B,pcisaqdsp 10.8.B,PCI SAQ D-SP 10 10 Controls,framework_catalog_only,none,no_mapping_or_evidence,0,0,0,0,0,"Decide whether this control is in scope, then add findings, evidence, or an exclusion."
pcisaqdsp,10.9,pcisaqdsp 10.9,PCI SAQ D-SP 10 10 Controls,framework_catalog_only,none,no_mapping_or_evidence,0,0,0,0,0,"Decide whether this control is in scope, then add findings, evidence, or an exclusion."
pcisaqdsp,11.1.1,pcisaqdsp 11.1.1,PCI SAQ D-SP 11 11 Controls,framework_catalog_only,none,no_mapping_or_evidence,0,0,0,0,0,"Decide whether this control is in scope, then add findings, evidence, or an exclusion."
pcisaqdsp,11.1.2.A,pcisaqdsp 11.1.2.A,PCI SAQ D-SP 11 11 Controls,framework_catalog_only,none,no_mapping_or_evidence,0,0,0,0,0,"Decide whether this control is in scope, then add findings, evidence, or an exclusion."
pcisaqdsp,11.1.2.B,pcisaqdsp 11.1.2.B,PCI SAQ D-SP 11 11 Controls,framework_catalog_only,none,no_mapping_or_evidence,0,0,0,0,0,"Decide whether this control is in scope, then add findings, evidence, or an exclusion."
pcisaqdsp,11.1.A,pcisaqdsp 11.1.A,PCI SAQ D-SP 11 11 Controls,framework_catalog_only,none,no_mapping_or_evidence,0,0,0,0,0,"Decide whether this control is in scope, then add findings, evidence, or an exclusion."
pcisaqdsp,11.1.B,pcisaqdsp 11.1.B,PCI SAQ D-SP 11 11 Controls,framework_catalog_only,none,no_mapping_or_evidence,0,0,0,0,0,"Decide whether this control is in scope, then add findings, evidence, or an exclusion."
pcisaqdsp,11.1.C,pcisaqdsp 11.1.C,PCI SAQ D-SP 11 11 Controls,framework_catalog_only,none,no_mapping_or_evidence,0,0,0,0,0,"Decide whether this control is in scope, then add findings, evidence, or an exclusion."
pcisaqdsp,11.1.D,pcisaqdsp 11.1.D,PCI SAQ D-SP 11 11 Controls,framework_catalog_only,none,no_mapping_or_evidence,0,0,0,0,0,"Decide whether this control is in scope, then add findings, evidence, or an exclusion."
pcisaqdsp,11.2.1.A,pcisaqdsp 11.2.1.A,PCI SAQ D-SP 11 11 Controls,framework_catalog_only,none,no_mapping_or_evidence,0,0,0,0,0,"Decide whether this control is in scope, then add findings, evidence, or an exclusion."
pcisaqdsp,11.2.1.B,pcisaqdsp 11.2.1.B,PCI SAQ D-SP 11 11 Controls,framework_catalog_only,none,no_mapping_or_evidence,0,0,0,0,0,"Decide whether this control is in scope, then add findings, evidence, or an exclusion."
pcisaqdsp,11.2.1.C,pcisaqdsp 11.2.1.C,PCI SAQ D-SP 11 11 Controls,framework_catalog_only,none,no_mapping_or_evidence,0,0,0,0,0,"Decide whether this control is in scope, then add findings, evidence, or an exclusion."
pcisaqdsp,11.2.2.A,pcisaqdsp 11.2.2.A,PCI SAQ D-SP 11 11 Controls,framework_catalog_only,none,no_mapping_or_evidence,0,0,0,0,0,"Decide whether this control is in scope, then add findings, evidence, or an exclusion."
pcisaqdsp,11.2.2.B,pcisaqdsp 11.2.2.B,PCI SAQ D-SP 11 11 Controls,framework_catalog_only,none,no_mapping_or_evidence,0,0,0,0,0,"Decide whether this control is in scope, then add findings, evidence, or an exclusion."
pcisaqdsp,11.2.2.C,pcisaqdsp 11.2.2.C,PCI SAQ D-SP 11 11 Controls,framework_catalog_only,none,no_mapping_or_evidence,0,0,0,0,0,"Decide whether this control is in scope, then add findings, evidence, or an exclusion."
pcisaqdsp,11.2.3.A,pcisaqdsp 11.2.3.A,PCI SAQ D-SP 11 11 Controls,framework_catalog_only,none,no_mapping_or_evidence,0,0,0,0,0,"Decide whether this control is in scope, then add findings, evidence, or an exclusion."
pcisaqdsp,11.2.3.B,pcisaqdsp 11.2.3.B,PCI SAQ D-SP 11 11 Controls,framework_catalog_only,none,no_mapping_or_evidence,0,0,0,0,0,"Decide whether this control is in scope, then add findings, evidence, or an exclusion."
pcisaqdsp,11.2.3.C,pcisaqdsp 11.2.3.C,PCI SAQ D-SP 11 11 Controls,framework_catalog_only,none,no_mapping_or_evidence,0,0,0,0,0,"Decide whether this control is in scope, then add findings, evidence, or an exclusion."
pcisaqdsp,11.3,pcisaqdsp 11.3,PCI SAQ D-SP 11 11 Controls,framework_catalog_only,none,no_mapping_or_evidence,0,0,0,0,0,"Decide whether this control is in scope, then add findings, evidence, or an exclusion."
pcisaqdsp,11.3.1.A,pcisaqdsp 11.3.1.A,PCI SAQ D-SP 11 11 Controls,framework_catalog_only,none,no_mapping_or_evidence,0,0,0,0,0,"Decide whether this control is in scope, then add findings, evidence, or an exclusion."
pcisaqdsp,11.3.1.B,pcisaqdsp 11.3.1.B,PCI SAQ D-SP 11 11 Controls,framework_catalog_only,none,no_mapping_or_evidence,0,0,0,0,0,"Decide whether this control is in scope, then add findings, evidence, or an exclusion."
pcisaqdsp,11.3.2.A,pcisaqdsp 11.3.2.A,PCI SAQ D-SP 11 11 Controls,framework_catalog_only,none,no_mapping_or_evidence,0,0,0,0,0,"Decide whether this control is in scope, then add findings, evidence, or an exclusion."
pcisaqdsp,11.3.2.B,pcisaqdsp 11.3.2.B,PCI SAQ D-SP 11 11 Controls,framework_catalog_only,none,no_mapping_or_evidence,0,0,0,0,0,"Decide whether this control is in scope, then add findings, evidence, or an exclusion."
pcisaqdsp,11.3.3,pcisaqdsp 11.3.3,PCI SAQ D-SP 11 11 Controls,framework_catalog_only,none,no_mapping_or_evidence,0,0,0,0,0,"Decide whether this control is in scope, then add findings, evidence, or an exclusion."
pcisaqdsp,11.3.4.1.A,pcisaqdsp 11.3.4.1.A,PCI SAQ D-SP 11 11 Controls,framework_catalog_only,none,no_mapping_or_evidence,0,0,0,0,0,"Decide whether this control is in scope, then add findings, evidence, or an exclusion."
pcisaqdsp,11.3.4.1.B,pcisaqdsp 11.3.4.1.B,PCI SAQ D-SP 11 11 Controls,framework_catalog_only,none,no_mapping_or_evidence,0,0,0,0,0,"Decide whether this control is in scope, then add findings, evidence, or an exclusion."
pcisaqdsp,11.3.4.1.C,pcisaqdsp 11.3.4.1.C,PCI SAQ D-SP 11 11 Controls,framework_catalog_only,none,no_mapping_or_evidence,0,0,0,0,0,"Decide whether this control is in scope, then add findings, evidence, or an exclusion."
pcisaqdsp,11.3.4.1.D,pcisaqdsp 11.3.4.1.D,PCI SAQ D-SP 11 11 Controls,framework_catalog_only,none,no_mapping_or_evidence,0,0,0,0,0,"Decide whether this control is in scope, then add findings, evidence, or an exclusion."
pcisaqdsp,11.3.4.A,pcisaqdsp 11.3.4.A,PCI SAQ D-SP 11 11 Controls,framework_catalog_only,none,no_mapping_or_evidence,0,0,0,0,0,"Decide whether this control is in scope, then add findings, evidence, or an exclusion."
pcisaqdsp,11.3.4.B,pcisaqdsp 11.3.4.B,PCI SAQ D-SP 11 11 Controls,framework_catalog_only,none,no_mapping_or_evidence,0,0,0,0,0,"Decide whether this control is in scope, then add findings, evidence, or an exclusion."
pcisaqdsp,11.3.4.C,pcisaqdsp 11.3.4.C,PCI SAQ D-SP 11 11 Controls,framework_catalog_only,none,no_mapping_or_evidence,0,0,0,0,0,"Decide whether this control is in scope, then add findings, evidence, or an exclusion."
pcisaqdsp,11.4.A,pcisaqdsp 11.4.A,PCI SAQ D-SP 11 11 Controls,framework_catalog_only,none,no_mapping_or_evidence,0,0,0,0,0,"Decide whether this control is in scope, then add findings, evidence, or an exclusion."
pcisaqdsp,11.4.B,pcisaqdsp 11.4.B,PCI SAQ D-SP 11 11 Controls,framework_catalog_only,none,no_mapping_or_evidence,0,0,0,0,0,"Decide whether this control is in scope, then add findings, evidence, or an exclusion."
pcisaqdsp,11.4.C,pcisaqdsp 11.4.C,PCI SAQ D-SP 11 11 Controls,framework_catalog_only,none,no_mapping_or_evidence,0,0,0,0,0,"Decide whether this control is in scope, then add findings, evidence, or an exclusion."
pcisaqdsp,11.5.1,pcisaqdsp 11.5.1,PCI SAQ D-SP 11 11 Controls,framework_catalog_only,none,no_mapping_or_evidence,0,0,0,0,0,"Decide whether this control is in scope, then add findings, evidence, or an exclusion."
pcisaqdsp,11.5.A,pcisaqdsp 11.5.A,PCI SAQ D-SP 11 11 Controls,framework_catalog_only,none,no_mapping_or_evidence,0,0,0,0,0,"Decide whether this control is in scope, then add findings, evidence, or an exclusion."
pcisaqdsp,11.5.B,pcisaqdsp 11.5.B,PCI SAQ D-SP 11 11 Controls,framework_catalog_only,none,no_mapping_or_evidence,0,0,0,0,0,"Decide whether this control is in scope, then add findings, evidence, or an exclusion."
pcisaqdsp,11.6,pcisaqdsp 11.6,PCI SAQ D-SP 11 11 Controls,framework_catalog_only,none,no_mapping_or_evidence,0,0,0,0,0,"Decide whether this control is in scope, then add findings, evidence, or an exclusion."
pcisaqdsp,12.1,pcisaqdsp 12.1,PCI SAQ D-SP 12 12 Controls,framework_catalog_only,none,no_mapping_or_evidence,0,0,0,0,0,"Decide whether this control is in scope, then add findings, evidence, or an exclusion."
pcisaqdsp,12.1.1,pcisaqdsp 12.1.1,PCI SAQ D-SP 12 12 Controls,framework_catalog_only,none,no_mapping_or_evidence,0,0,0,0,0,"Decide whether this control is in scope, then add findings, evidence, or an exclusion."
pcisaqdsp,12.10.1.A,pcisaqdsp 12.10.1.A,PCI SAQ D-SP 12 12 Controls,framework_catalog_only,none,no_mapping_or_evidence,0,0,0,0,0,"Decide whether this control is in scope, then add findings, evidence, or an exclusion."
pcisaqdsp,12.10.1.B.I,pcisaqdsp 12.10.1.B.I,PCI SAQ D-SP 12 12 Controls,framework_catalog_only,none,no_mapping_or_evidence,0,0,0,0,0,"Decide whether this control is in scope, then add findings, evidence, or an exclusion."
pcisaqdsp,12.10.1.B.II,pcisaqdsp 12.10.1.B.II,PCI SAQ D-SP 12 12 Controls,framework_catalog_only,none,no_mapping_or_evidence,0,0,0,0,0,"Decide whether this control is in scope, then add findings, evidence, or an exclusion."
pcisaqdsp,12.10.1.B.III,pcisaqdsp 12.10.1.B.III,PCI SAQ D-SP 12 12 Controls,framework_catalog_only,none,no_mapping_or_evidence,0,0,0,0,0,"Decide whether this control is in scope, then add findings, evidence, or an exclusion."
pcisaqdsp,12.10.1.B.IV,pcisaqdsp 12.10.1.B.IV,PCI SAQ D-SP 12 12 Controls,framework_catalog_only,none,no_mapping_or_evidence,0,0,0,0,0,"Decide whether this control is in scope, then add findings, evidence, or an exclusion."
pcisaqdsp,12.10.1.B.V,pcisaqdsp 12.10.1.B.V,PCI SAQ D-SP 12 12 Controls,framework_catalog_only,none,no_mapping_or_evidence,0,0,0,0,0,"Decide whether this control is in scope, then add findings, evidence, or an exclusion."
pcisaqdsp,12.10.1.B.VI,pcisaqdsp 12.10.1.B.VI,PCI SAQ D-SP 12 12 Controls,framework_catalog_only,none,no_mapping_or_evidence,0,0,0,0,0,"Decide whether this control is in scope, then add findings, evidence, or an exclusion."
pcisaqdsp,12.10.1.B.VII,pcisaqdsp 12.10.1.B.VII,PCI SAQ D-SP 12 12 Controls,framework_catalog_only,none,no_mapping_or_evidence,0,0,0,0,0,"Decide whether this control is in scope, then add findings, evidence, or an exclusion."
pcisaqdsp,12.10.2,pcisaqdsp 12.10.2,PCI SAQ D-SP 12 12 Controls,framework_catalog_only,none,no_mapping_or_evidence,0,0,0,0,0,"Decide whether this control is in scope, then add findings, evidence, or an exclusion."
pcisaqdsp,12.10.3,pcisaqdsp 12.10.3,PCI SAQ D-SP 12 12 Controls,framework_catalog_only,none,no_mapping_or_evidence,0,0,0,0,0,"Decide whether this control is in scope, then add findings, evidence, or an exclusion."
pcisaqdsp,12.10.4,pcisaqdsp 12.10.4,PCI SAQ D-SP 12 12 Controls,framework_catalog_only,none,no_mapping_or_evidence,0,0,0,0,0,"Decide whether this control is in scope, then add findings, evidence, or an exclusion."
pcisaqdsp,12.10.5,pcisaqdsp 12.10.5,PCI SAQ D-SP 12 12 Controls,framework_catalog_only,none,no_mapping_or_evidence,0,0,0,0,0,"Decide whether this control is in scope, then add findings, evidence, or an exclusion."
pcisaqdsp,12.10.6,pcisaqdsp 12.10.6,PCI SAQ D-SP 12 12 Controls,framework_catalog_only,none,no_mapping_or_evidence,0,0,0,0,0,"Decide whether this control is in scope, then add findings, evidence, or an exclusion."
pcisaqdsp,12.11.A,pcisaqdsp 12.11.A,PCI SAQ D-SP 12 12 Controls,framework_catalog_only,none,no_mapping_or_evidence,0,0,0,0,0,"Decide whether this control is in scope, then add findings, evidence, or an exclusion."
pcisaqdsp,12.11.B,pcisaqdsp 12.11.B,PCI SAQ D-SP 12 12 Controls,framework_catalog_only,none,no_mapping_or_evidence,0,0,0,0,0,"Decide whether this control is in scope, then add findings, evidence, or an exclusion."
pcisaqdsp,12.2.A,pcisaqdsp 12.2.A,PCI SAQ D-SP 12 12 Controls,framework_catalog_only,none,no_mapping_or_evidence,0,0,0,0,0,"Decide whether this control is in scope, then add findings, evidence, or an exclusion."
pcisaqdsp,12.2.B,pcisaqdsp 12.2.B,PCI SAQ D-SP 12 12 Controls,framework_catalog_only,none,no_mapping_or_evidence,0,0,0,0,0,"Decide whether this control is in scope, then add findings, evidence, or an exclusion."
pcisaqdsp,12.3.1,pcisaqdsp 12.3.1,PCI SAQ D-SP 12 12 Controls,framework_catalog_only,none,no_mapping_or_evidence,0,0,0,0,0,"Decide whether this control is in scope, then add findings, evidence, or an exclusion."
pcisaqdsp,12.3.10.A,pcisaqdsp 12.3.10.A,PCI SAQ D-SP 12 12 Controls,framework_catalog_only,none,no_mapping_or_evidence,0,0,0,0,0,"Decide whether this control is in scope, then add findings, evidence, or an exclusion."
pcisaqdsp,12.3.10.B,pcisaqdsp 12.3.10.B,PCI SAQ D-SP 12 12 Controls,framework_catalog_only,none,no_mapping_or_evidence,0,0,0,0,0,"Decide whether this control is in scope, then add findings, evidence, or an exclusion."
pcisaqdsp,12.3.2,pcisaqdsp 12.3.2,PCI SAQ D-SP 12 12 Controls,framework_catalog_only,none,no_mapping_or_evidence,0,0,0,0,0,"Decide whether this control is in scope, then add findings, evidence, or an exclusion."
pcisaqdsp,12.3.3,pcisaqdsp 12.3.3,PCI SAQ D-SP 12 12 Controls,framework_catalog_only,none,no_mapping_or_evidence,0,0,0,0,0,"Decide whether this control is in scope, then add findings, evidence, or an exclusion."
pcisaqdsp,12.3.4,pcisaqdsp 12.3.4,PCI SAQ D-SP 12 12 Controls,framework_catalog_only,none,no_mapping_or_evidence,0,0,0,0,0,"Decide whether this control is in scope, then add findings, evidence, or an exclusion."
pcisaqdsp,12.3.5,pcisaqdsp 12.3.5,PCI SAQ D-SP 12 12 Controls,framework_catalog_only,none,no_mapping_or_evidence,0,0,0,0,0,"Decide whether this control is in scope, then add findings, evidence, or an exclusion."
pcisaqdsp,12.3.6,pcisaqdsp 12.3.6,PCI SAQ D-SP 12 12 Controls,framework_catalog_only,none,no_mapping_or_evidence,0,0,0,0,0,"Decide whether this control is in scope, then add findings, evidence, or an exclusion."
pcisaqdsp,12.3.7,pcisaqdsp 12.3.7,PCI SAQ D-SP 12 12 Controls,framework_catalog_only,none,no_mapping_or_evidence,0,0,0,0,0,"Decide whether this control is in scope, then add findings, evidence, or an exclusion."
pcisaqdsp,12.3.8,pcisaqdsp 12.3.8,PCI SAQ D-SP 12 12 Controls,framework_catalog_only,none,no_mapping_or_evidence,0,0,0,0,0,"Decide whether this control is in scope, then add findings, evidence, or an exclusion."
pcisaqdsp,12.3.9,pcisaqdsp 12.3.9,PCI SAQ D-SP 12 12 Controls,framework_catalog_only,none,no_mapping_or_evidence,0,0,0,0,0,"Decide whether this control is in scope, then add findings, evidence, or an exclusion."
pcisaqdsp,12.4,pcisaqdsp 12.4,PCI SAQ D-SP 12 12 Controls,framework_catalog_only,none,no_mapping_or_evidence,0,0,0,0,0,"Decide whether this control is in scope, then add findings, evidence, or an exclusion."
pcisaqdsp,12.4.1.A,pcisaqdsp 12.4.1.A,PCI SAQ D-SP 12 12 Controls,framework_catalog_only,none,no_mapping_or_evidence,0,0,0,0,0,"Decide whether this control is in scope, then add findings, evidence, or an exclusion."
pcisaqdsp,12.4.1.B,pcisaqdsp 12.4.1.B,PCI SAQ D-SP 12 12 Controls,framework_catalog_only,none,no_mapping_or_evidence,0,0,0,0,0,"Decide whether this control is in scope, then add findings, evidence, or an exclusion."
pcisaqdsp,12.5.1,pcisaqdsp 12.5.1,PCI SAQ D-SP 12 12 Controls,framework_catalog_only,none,no_mapping_or_evidence,0,0,0,0,0,"Decide whether this control is in scope, then add findings, evidence, or an exclusion."
pcisaqdsp,12.5.2,pcisaqdsp 12.5.2,PCI SAQ D-SP 12 12 Controls,framework_catalog_only,none,no_mapping_or_evidence,0,0,0,0,0,"Decide whether this control is in scope, then add findings, evidence, or an exclusion."
pcisaqdsp,12.5.3,pcisaqdsp 12.5.3,PCI SAQ D-SP 12 12 Controls,framework_catalog_only,none,no_mapping_or_evidence,0,0,0,0,0,"Decide whether this control is in scope, then add findings, evidence, or an exclusion."
pcisaqdsp,12.5.4,pcisaqdsp 12.5.4,PCI SAQ D-SP 12 12 Controls,framework_catalog_only,none,no_mapping_or_evidence,0,0,0,0,0,"Decide whether this control is in scope, then add findings, evidence, or an exclusion."
pcisaqdsp,12.5.5,pcisaqdsp 12.5.5,PCI SAQ D-SP 12 12 Controls,framework_catalog_only,none,no_mapping_or_evidence,0,0,0,0,0,"Decide whether this control is in scope, then add findings, evidence, or an exclusion."
pcisaqdsp,12.5.A,pcisaqdsp 12.5.A,PCI SAQ D-SP 12 12 Controls,framework_catalog_only,none,no_mapping_or_evidence,0,0,0,0,0,"Decide whether this control is in scope, then add findings, evidence, or an exclusion."
pcisaqdsp,12.6.1.A,pcisaqdsp 12.6.1.A,PCI SAQ D-SP 12 12 Controls,framework_catalog_only,none,no_mapping_or_evidence,0,0,0,0,0,"Decide whether this control is in scope, then add findings, evidence, or an exclusion."
pcisaqdsp,12.6.1.B,pcisaqdsp 12.6.1.B,PCI SAQ D-SP 12 12 Controls,framework_catalog_only,none,no_mapping_or_evidence,0,0,0,0,0,"Decide whether this control is in scope, then add findings, evidence, or an exclusion."
pcisaqdsp,12.6.1.C,pcisaqdsp 12.6.1.C,PCI SAQ D-SP 12 12 Controls,framework_catalog_only,none,no_mapping_or_evidence,0,0,0,0,0,"Decide whether this control is in scope, then add findings, evidence, or an exclusion."
pcisaqdsp,12.6.2,pcisaqdsp 12.6.2,PCI SAQ D-SP 12 12 Controls,framework_catalog_only,none,no_mapping_or_evidence,0,0,0,0,0,"Decide whether this control is in scope, then add findings, evidence, or an exclusion."
pcisaqdsp,12.6.A,pcisaqdsp 12.6.A,PCI SAQ D-SP 12 12 Controls,framework_catalog_only,none,no_mapping_or_evidence,0,0,0,0,0,"Decide whether this control is in scope, then add findings, evidence, or an exclusion."
pcisaqdsp,12.7,pcisaqdsp 12.7,PCI SAQ D-SP 12 12 Controls,framework_catalog_only,none,no_mapping_or_evidence,0,0,0,0,0,"Decide whether this control is in scope, then add findings, evidence, or an exclusion."
pcisaqdsp,12.8.1,pcisaqdsp 12.8.1,PCI SAQ D-SP 12 12 Controls,framework_catalog_only,none,no_mapping_or_evidence,0,0,0,0,0,"Decide whether this control is in scope, then add findings, evidence, or an exclusion."
pcisaqdsp,12.8.2,pcisaqdsp 12.8.2,PCI SAQ D-SP 12 12 Controls,framework_catalog_only,none,no_mapping_or_evidence,0,0,0,0,0,"Decide whether this control is in scope, then add findings, evidence, or an exclusion."
pcisaqdsp,12.8.3,pcisaqdsp 12.8.3,PCI SAQ D-SP 12 12 Controls,framework_catalog_only,none,no_mapping_or_evidence,0,0,0,0,0,"Decide whether this control is in scope, then add findings, evidence, or an exclusion."
pcisaqdsp,12.8.4,pcisaqdsp 12.8.4,PCI SAQ D-SP 12 12 Controls,framework_catalog_only,none,no_mapping_or_evidence,0,0,0,0,0,"Decide whether this control is in scope, then add findings, evidence, or an exclusion."
pcisaqdsp,12.8.5,pcisaqdsp 12.8.5,PCI SAQ D-SP 12 12 Controls,framework_catalog_only,none,no_mapping_or_evidence,0,0,0,0,0,"Decide whether this control is in scope, then add findings, evidence, or an exclusion."
pcisaqdsp,12.9,pcisaqdsp 12.9,PCI SAQ D-SP 12 12 Controls,framework_catalog_only,none,no_mapping_or_evidence,0,0,0,0,0,"Decide whether this control is in scope, then add findings, evidence, or an exclusion."
pcisaqdsp,2.1.1.A,pcisaqdsp 2.1.1.A,PCI SAQ D-SP 2 2 Controls,framework_catalog_only,none,no_mapping_or_evidence,0,0,0,0,0,"Decide whether this control is in scope, then add findings, evidence, or an exclusion."
pcisaqdsp,2.1.1.B,pcisaqdsp 2.1.1.B,PCI SAQ D-SP 2 2 Controls,framework_catalog_only,none,no_mapping_or_evidence,0,0,0,0,0,"Decide whether this control is in scope, then add findings, evidence, or an exclusion."
pcisaqdsp,2.1.1.C,pcisaqdsp 2.1.1.C,PCI SAQ D-SP 2 2 Controls,framework_catalog_only,none,no_mapping_or_evidence,0,0,0,0,0,"Decide whether this control is in scope, then add findings, evidence, or an exclusion."
pcisaqdsp,2.1.1.D,pcisaqdsp 2.1.1.D,PCI SAQ D-SP 2 2 Controls,framework_catalog_only,none,no_mapping_or_evidence,0,0,0,0,0,"Decide whether this control is in scope, then add findings, evidence, or an exclusion."
pcisaqdsp,2.1.1.E,pcisaqdsp 2.1.1.E,PCI SAQ D-SP 2 2 Controls,framework_catalog_only,none,no_mapping_or_evidence,0,0,0,0,0,"Decide whether this control is in scope, then add findings, evidence, or an exclusion."
pcisaqdsp,2.1.A,pcisaqdsp 2.1.A,PCI SAQ D-SP 2 2 Controls,framework_catalog_only,none,no_mapping_or_evidence,0,0,0,0,0,"Decide whether this control is in scope, then add findings, evidence, or an exclusion."
pcisaqdsp,2.1.B,pcisaqdsp 2.1.B,PCI SAQ D-SP 2 2 Controls,framework_catalog_only,none,no_mapping_or_evidence,0,0,0,0,0,"Decide whether this control is in scope, then add findings, evidence, or an exclusion."
pcisaqdsp,2.2.1.A,pcisaqdsp 2.2.1.A,PCI SAQ D-SP 2 2 Controls,framework_catalog_only,none,no_mapping_or_evidence,0,0,0,0,0,"Decide whether this control is in scope, then add findings, evidence, or an exclusion."
pcisaqdsp,2.2.1.B,pcisaqdsp 2.2.1.B,PCI SAQ D-SP 2 2 Controls,framework_catalog_only,none,no_mapping_or_evidence,0,0,0,0,0,"Decide whether this control is in scope, then add findings, evidence, or an exclusion."
pcisaqdsp,2.2.2.A,pcisaqdsp 2.2.2.A,PCI SAQ D-SP 2 2 Controls,framework_catalog_only,none,no_mapping_or_evidence,0,0,0,0,0,"Decide whether this control is in scope, then add findings, evidence, or an exclusion."
pcisaqdsp,2.2.2.B,pcisaqdsp 2.2.2.B,PCI SAQ D-SP 2 2 Controls,framework_catalog_only,none,no_mapping_or_evidence,0,0,0,0,0,"Decide whether this control is in scope, then add findings, evidence, or an exclusion."
pcisaqdsp,2.2.3,pcisaqdsp 2.2.3,PCI SAQ D-SP 2 2 Controls,framework_catalog_only,none,no_mapping_or_evidence,0,0,0,0,0,"Decide whether this control is in scope, then add findings, evidence, or an exclusion."
pcisaqdsp,2.2.4.A,pcisaqdsp 2.2.4.A,PCI SAQ D-SP 2 2 Controls,framework_catalog_only,none,no_mapping_or_evidence,0,0,0,0,0,"Decide whether this control is in scope, then add findings, evidence, or an exclusion."
pcisaqdsp,2.2.4.B,pcisaqdsp 2.2.4.B,PCI SAQ D-SP 2 2 Controls,framework_catalog_only,none,no_mapping_or_evidence,0,0,0,0,0,"Decide whether this control is in scope, then add findings, evidence, or an exclusion."
pcisaqdsp,2.2.4.C,pcisaqdsp 2.2.4.C,PCI SAQ D-SP 2 2 Controls,framework_catalog_only,none,no_mapping_or_evidence,0,0,0,0,0,"Decide whether this control is in scope, then add findings, evidence, or an exclusion."
pcisaqdsp,2.2.5.A,pcisaqdsp 2.2.5.A,PCI SAQ D-SP 2 2 Controls,framework_catalog_only,none,no_mapping_or_evidence,0,0,0,0,0,"Decide whether this control is in scope, then add findings, evidence, or an exclusion."
pcisaqdsp,2.2.5.B,pcisaqdsp 2.2.5.B,PCI SAQ D-SP 2 2 Controls,framework_catalog_only,none,no_mapping_or_evidence,0,0,0,0,0,"Decide whether this control is in scope, then add findings, evidence, or an exclusion."
pcisaqdsp,2.2.5.C,pcisaqdsp 2.2.5.C,PCI SAQ D-SP 2 2 Controls,framework_catalog_only,none,no_mapping_or_evidence,0,0,0,0,0,"Decide whether this control is in scope, then add findings, evidence, or an exclusion."
pcisaqdsp,2.2.A,pcisaqdsp 2.2.A,PCI SAQ D-SP 2 2 Controls,framework_catalog_only,none,no_mapping_or_evidence,0,0,0,0,0,"Decide whether this control is in scope, then add findings, evidence, or an exclusion."
pcisaqdsp,2.2.B,pcisaqdsp 2.2.B,PCI SAQ D-SP 2 2 Controls,framework_catalog_only,none,no_mapping_or_evidence,0,0,0,0,0,"Decide whether this control is in scope, then add findings, evidence, or an exclusion."
pcisaqdsp,2.2.C,pcisaqdsp 2.2.C,PCI SAQ D-SP 2 2 Controls,framework_catalog_only,none,no_mapping_or_evidence,0,0,0,0,0,"Decide whether this control is in scope, then add findings, evidence, or an exclusion."
pcisaqdsp,2.2.D,pcisaqdsp 2.2.D,PCI SAQ D-SP 2 2 Controls,framework_catalog_only,none,no_mapping_or_evidence,0,0,0,0,0,"Decide whether this control is in scope, then add findings, evidence, or an exclusion."
pcisaqdsp,2.3.A,pcisaqdsp 2.3.A,PCI SAQ D-SP 2 2 Controls,framework_catalog_only,none,no_mapping_or_evidence,0,0,0,0,0,"Decide whether this control is in scope, then add findings, evidence, or an exclusion."
pcisaqdsp,2.3.B,pcisaqdsp 2.3.B,PCI SAQ D-SP 2 2 Controls,framework_catalog_only,none,no_mapping_or_evidence,0,0,0,0,0,"Decide whether this control is in scope, then add findings, evidence, or an exclusion."
pcisaqdsp,2.3.C,pcisaqdsp 2.3.C,PCI SAQ D-SP 2 2 Controls,framework_catalog_only,none,no_mapping_or_evidence,0,0,0,0,0,"Decide whether this control is in scope, then add findings, evidence, or an exclusion."
pcisaqdsp,2.3.D,pcisaqdsp 2.3.D,PCI SAQ D-SP 2 2 Controls,framework_catalog_only,none,no_mapping_or_evidence,0,0,0,0,0,"Decide whether this control is in scope, then add findings, evidence, or an exclusion."
pcisaqdsp,2.4.A,pcisaqdsp 2.4.A,PCI SAQ D-SP 2 2 Controls,framework_catalog_only,none,no_mapping_or_evidence,0,0,0,0,0,"Decide whether this control is in scope, then add findings, evidence, or an exclusion."
pcisaqdsp,2.4.B,pcisaqdsp 2.4.B,PCI SAQ D-SP 2 2 Controls,framework_catalog_only,none,no_mapping_or_evidence,0,0,0,0,0,"Decide whether this control is in scope, then add findings, evidence, or an exclusion."
pcisaqdsp,2.5,pcisaqdsp 2.5,PCI SAQ D-SP 2 2 Controls,framework_catalog_only,none,no_mapping_or_evidence,0,0,0,0,0,"Decide whether this control is in scope, then add findings, evidence, or an exclusion."
pcisaqdsp,2.6,pcisaqdsp 2.6,PCI SAQ D-SP 2 2 Controls,framework_catalog_only,none,no_mapping_or_evidence,0,0,0,0,0,"Decide whether this control is in scope, then add findings, evidence, or an exclusion."
pcisaqdsp,3.1.A,pcisaqdsp 3.1.A,PCI SAQ D-SP 3 3 Controls,framework_catalog_only,none,no_mapping_or_evidence,0,0,0,0,0,"Decide whether this control is in scope, then add findings, evidence, or an exclusion."
pcisaqdsp,3.1.B,pcisaqdsp 3.1.B,PCI SAQ D-SP 3 3 Controls,framework_catalog_only,none,no_mapping_or_evidence,0,0,0,0,0,"Decide whether this control is in scope, then add findings, evidence, or an exclusion."
pcisaqdsp,3.1.C,pcisaqdsp 3.1.C,PCI SAQ D-SP 3 3 Controls,framework_catalog_only,none,no_mapping_or_evidence,0,0,0,0,0,"Decide whether this control is in scope, then add findings, evidence, or an exclusion."
pcisaqdsp,3.1.D,pcisaqdsp 3.1.D,PCI SAQ D-SP 3 3 Controls,framework_catalog_only,none,no_mapping_or_evidence,0,0,0,0,0,"Decide whether this control is in scope, then add findings, evidence, or an exclusion."
pcisaqdsp,3.1.E,pcisaqdsp 3.1.E,PCI SAQ D-SP 3 3 Controls,framework_catalog_only,none,no_mapping_or_evidence,0,0,0,0,0,"Decide whether this control is in scope, then add findings, evidence, or an exclusion."
pcisaqdsp,3.2.1,pcisaqdsp 3.2.1,PCI SAQ D-SP 3 3 Controls,framework_catalog_only,none,no_mapping_or_evidence,0,0,0,0,0,"Decide whether this control is in scope, then add findings, evidence, or an exclusion."
pcisaqdsp,3.2.2,pcisaqdsp 3.2.2,PCI SAQ D-SP 3 3 Controls,framework_catalog_only,none,no_mapping_or_evidence,0,0,0,0,0,"Decide whether this control is in scope, then add findings, evidence, or an exclusion."
pcisaqdsp,3.2.3,pcisaqdsp 3.2.3,PCI SAQ D-SP 3 3 Controls,framework_catalog_only,none,no_mapping_or_evidence,0,0,0,0,0,"Decide whether this control is in scope, then add findings, evidence, or an exclusion."
pcisaqdsp,3.2.A,pcisaqdsp 3.2.A,PCI SAQ D-SP 3 3 Controls,framework_catalog_only,none,no_mapping_or_evidence,0,0,0,0,0,"Decide whether this control is in scope, then add findings, evidence, or an exclusion."
pcisaqdsp,3.2.B,pcisaqdsp 3.2.B,PCI SAQ D-SP 3 3 Controls,framework_catalog_only,none,no_mapping_or_evidence,0,0,0,0,0,"Decide whether this control is in scope, then add findings, evidence, or an exclusion."
pcisaqdsp,3.2.C,pcisaqdsp 3.2.C,PCI SAQ D-SP 3 3 Controls,framework_catalog_only,none,no_mapping_or_evidence,0,0,0,0,0,"Decide whether this control is in scope, then add findings, evidence, or an exclusion."
pcisaqdsp,3.3,pcisaqdsp 3.3,PCI SAQ D-SP 3 3 Controls,framework_catalog_only,none,no_mapping_or_evidence,0,0,0,0,0,"Decide whether this control is in scope, then add findings, evidence, or an exclusion."
pcisaqdsp,3.4,pcisaqdsp 3.4,PCI SAQ D-SP 3 3 Controls,framework_catalog_only,none,no_mapping_or_evidence,0,0,0,0,0,"Decide whether this control is in scope, then add findings, evidence, or an exclusion."
pcisaqdsp,3.4.1.A,pcisaqdsp 3.4.1.A,PCI SAQ D-SP 3 3 Controls,framework_catalog_only,none,no_mapping_or_evidence,0,0,0,0,0,"Decide whether this control is in scope, then add findings, evidence, or an exclusion."
pcisaqdsp,3.4.1.B,pcisaqdsp 3.4.1.B,PCI SAQ D-SP 3 3 Controls,framework_catalog_only,none,no_mapping_or_evidence,0,0,0,0,0,"Decide whether this control is in scope, then add findings, evidence, or an exclusion."
pcisaqdsp,3.4.1.C,pcisaqdsp 3.4.1.C,PCI SAQ D-SP 3 3 Controls,framework_catalog_only,none,no_mapping_or_evidence,0,0,0,0,0,"Decide whether this control is in scope, then add findings, evidence, or an exclusion."
pcisaqdsp,3.5.1,pcisaqdsp 3.5.1,PCI SAQ D-SP 3 3 Controls,framework_catalog_only,none,no_mapping_or_evidence,0,0,0,0,0,"Decide whether this control is in scope, then add findings, evidence, or an exclusion."
pcisaqdsp,3.5.2,pcisaqdsp 3.5.2,PCI SAQ D-SP 3 3 Controls,framework_catalog_only,none,no_mapping_or_evidence,0,0,0,0,0,"Decide whether this control is in scope, then add findings, evidence, or an exclusion."
pcisaqdsp,3.5.3,pcisaqdsp 3.5.3,PCI SAQ D-SP 3 3 Controls,framework_catalog_only,none,no_mapping_or_evidence,0,0,0,0,0,"Decide whether this control is in scope, then add findings, evidence, or an exclusion."
pcisaqdsp,3.5.4,pcisaqdsp 3.5.4,PCI SAQ D-SP 3 3 Controls,framework_catalog_only,none,no_mapping_or_evidence,0,0,0,0,0,"Decide whether this control is in scope, then add findings, evidence, or an exclusion."
pcisaqdsp,3.6.1,pcisaqdsp 3.6.1,PCI SAQ D-SP 3 3 Controls,framework_catalog_only,none,no_mapping_or_evidence,0,0,0,0,0,"Decide whether this control is in scope, then add findings, evidence, or an exclusion."
pcisaqdsp,3.6.2,pcisaqdsp 3.6.2,PCI SAQ D-SP 3 3 Controls,framework_catalog_only,none,no_mapping_or_evidence,0,0,0,0,0,"Decide whether this control is in scope, then add findings, evidence, or an exclusion."
pcisaqdsp,3.6.3,pcisaqdsp 3.6.3,PCI SAQ D-SP 3 3 Controls,framework_catalog_only,none,no_mapping_or_evidence,0,0,0,0,0,"Decide whether this control is in scope, then add findings, evidence, or an exclusion."
pcisaqdsp,3.6.4,pcisaqdsp 3.6.4,PCI SAQ D-SP 3 3 Controls,framework_catalog_only,none,no_mapping_or_evidence,0,0,0,0,0,"Decide whether this control is in scope, then add findings, evidence, or an exclusion."
pcisaqdsp,3.6.5.A,pcisaqdsp 3.6.5.A,PCI SAQ D-SP 3 3 Controls,framework_catalog_only,none,no_mapping_or_evidence,0,0,0,0,0,"Decide whether this control is in scope, then add findings, evidence, or an exclusion."
pcisaqdsp,3.6.5.B,pcisaqdsp 3.6.5.B,PCI SAQ D-SP 3 3 Controls,framework_catalog_only,none,no_mapping_or_evidence,0,0,0,0,0,"Decide whether this control is in scope, then add findings, evidence, or an exclusion."
pcisaqdsp,3.6.5.C,pcisaqdsp 3.6.5.C,PCI SAQ D-SP 3 3 Controls,framework_catalog_only,none,no_mapping_or_evidence,0,0,0,0,0,"Decide whether this control is in scope, then add findings, evidence, or an exclusion."
pcisaqdsp,3.6.6,pcisaqdsp 3.6.6,PCI SAQ D-SP 3 3 Controls,framework_catalog_only,none,no_mapping_or_evidence,0,0,0,0,0,"Decide whether this control is in scope, then add findings, evidence, or an exclusion."
pcisaqdsp,3.6.7,pcisaqdsp 3.6.7,PCI SAQ D-SP 3 3 Controls,framework_catalog_only,none,no_mapping_or_evidence,0,0,0,0,0,"Decide whether this control is in scope, then add findings, evidence, or an exclusion."
pcisaqdsp,3.6.8,pcisaqdsp 3.6.8,PCI SAQ D-SP 3 3 Controls,framework_catalog_only,none,no_mapping_or_evidence,0,0,0,0,0,"Decide whether this control is in scope, then add findings, evidence, or an exclusion."
pcisaqdsp,3.6.A,pcisaqdsp 3.6.A,PCI SAQ D-SP 3 3 Controls,framework_catalog_only,none,no_mapping_or_evidence,0,0,0,0,0,"Decide whether this control is in scope, then add findings, evidence, or an exclusion."
pcisaqdsp,3.6.B,pcisaqdsp 3.6.B,PCI SAQ D-SP 3 3 Controls,framework_catalog_only,none,no_mapping_or_evidence,0,0,0,0,0,"Decide whether this control is in scope, then add findings, evidence, or an exclusion."
pcisaqdsp,3.7,pcisaqdsp 3.7,PCI SAQ D-SP 3 3 Controls,framework_catalog_only,none,no_mapping_or_evidence,0,0,0,0,0,"Decide whether this control is in scope, then add findings, evidence, or an exclusion."
pcisaqdsp,4.1.1,pcisaqdsp 4.1.1,PCI SAQ D-SP 4 4 Controls,framework_catalog_only,none,no_mapping_or_evidence,0,0,0,0,0,"Decide whether this control is in scope, then add findings, evidence, or an exclusion."
pcisaqdsp,4.1.A,pcisaqdsp 4.1.A,PCI SAQ D-SP 4 4 Controls,framework_catalog_only,none,no_mapping_or_evidence,0,0,0,0,0,"Decide whether this control is in scope, then add findings, evidence, or an exclusion."
pcisaqdsp,4.1.B,pcisaqdsp 4.1.B,PCI SAQ D-SP 4 4 Controls,framework_catalog_only,none,no_mapping_or_evidence,0,0,0,0,0,"Decide whether this control is in scope, then add findings, evidence, or an exclusion."
pcisaqdsp,4.1.C,pcisaqdsp 4.1.C,PCI SAQ D-SP 4 4 Controls,framework_catalog_only,none,no_mapping_or_evidence,0,0,0,0,0,"Decide whether this control is in scope, then add findings, evidence, or an exclusion."
pcisaqdsp,4.1.D,pcisaqdsp 4.1.D,PCI SAQ D-SP 4 4 Controls,framework_catalog_only,none,no_mapping_or_evidence,0,0,0,0,0,"Decide whether this control is in scope, then add findings, evidence, or an exclusion."
pcisaqdsp,4.1.E,pcisaqdsp 4.1.E,PCI SAQ D-SP 4 4 Controls,framework_catalog_only,none,no_mapping_or_evidence,0,0,0,0,0,"Decide whether this control is in scope, then add findings, evidence, or an exclusion."
pcisaqdsp,4.2.A,pcisaqdsp 4.2.A,PCI SAQ D-SP 4 4 Controls,framework_catalog_only,none,no_mapping_or_evidence,0,0,0,0,0,"Decide whether this control is in scope, then add findings, evidence, or an exclusion."
pcisaqdsp,4.2.B,pcisaqdsp 4.2.B,PCI SAQ D-SP 4 4 Controls,framework_catalog_only,none,no_mapping_or_evidence,0,0,0,0,0,"Decide whether this control is in scope, then add findings, evidence, or an exclusion."
pcisaqdsp,4.3,pcisaqdsp 4.3,PCI SAQ D-SP 4 4 Controls,framework_catalog_only,none,no_mapping_or_evidence,0,0,0,0,0,"Decide whether this control is in scope, then add findings, evidence, or an exclusion."
pcisaqdsp,5.1,pcisaqdsp 5.1,PCI SAQ D-SP 5 5 Controls,framework_catalog_only,none,no_mapping_or_evidence,0,0,0,0,0,"Decide whether this control is in scope, then add findings, evidence, or an exclusion."
pcisaqdsp,5.1.1,pcisaqdsp 5.1.1,PCI SAQ D-SP 5 5 Controls,framework_catalog_only,none,no_mapping_or_evidence,0,0,0,0,0,"Decide whether this control is in scope, then add findings, evidence, or an exclusion."
pcisaqdsp,5.1.2,pcisaqdsp 5.1.2,PCI SAQ D-SP 5 5 Controls,framework_catalog_only,none,no_mapping_or_evidence,0,0,0,0,0,"Decide whether this control is in scope, then add findings, evidence, or an exclusion."
pcisaqdsp,5.2.A,pcisaqdsp 5.2.A,PCI SAQ D-SP 5 5 Controls,framework_catalog_only,none,no_mapping_or_evidence,0,0,0,0,0,"Decide whether this control is in scope, then add findings, evidence, or an exclusion."
pcisaqdsp,5.2.B,pcisaqdsp 5.2.B,PCI SAQ D-SP 5 5 Controls,framework_catalog_only,none,no_mapping_or_evidence,0,0,0,0,0,"Decide whether this control is in scope, then add findings, evidence, or an exclusion."
pcisaqdsp,5.2.C,pcisaqdsp 5.2.C,PCI SAQ D-SP 5 5 Controls,framework_catalog_only,none,no_mapping_or_evidence,0,0,0,0,0,"Decide whether this control is in scope, then add findings, evidence, or an exclusion."
pcisaqdsp,5.3,pcisaqdsp 5.3,PCI SAQ D-SP 5 5 Controls,framework_catalog_only,none,no_mapping_or_evidence,0,0,0,0,0,"Decide whether this control is in scope, then add findings, evidence, or an exclusion."
pcisaqdsp,5.4,pcisaqdsp 5.4,PCI SAQ D-SP 5 5 Controls,framework_catalog_only,none,no_mapping_or_evidence,0,0,0,0,0,"Decide whether this control is in scope, then add findings, evidence, or an exclusion."
pcisaqdsp,6.1,pcisaqdsp 6.1,PCI SAQ D-SP 6 6 Controls,framework_catalog_only,none,no_mapping_or_evidence,0,0,0,0,0,"Decide whether this control is in scope, then add findings, evidence, or an exclusion."
pcisaqdsp,6.2.A,pcisaqdsp 6.2.A,PCI SAQ D-SP 6 6 Controls,framework_catalog_only,none,no_mapping_or_evidence,0,0,0,0,0,"Decide whether this control is in scope, then add findings, evidence, or an exclusion."
pcisaqdsp,6.2.B,pcisaqdsp 6.2.B,PCI SAQ D-SP 6 6 Controls,framework_catalog_only,none,no_mapping_or_evidence,0,0,0,0,0,"Decide whether this control is in scope, then add findings, evidence, or an exclusion."
pcisaqdsp,6.3.1,pcisaqdsp 6.3.1,PCI SAQ D-SP 6 6 Controls,framework_catalog_only,none,no_mapping_or_evidence,0,0,0,0,0,"Decide whether this control is in scope, then add findings, evidence, or an exclusion."
pcisaqdsp,6.3.2,pcisaqdsp 6.3.2,PCI SAQ D-SP 6 6 Controls,framework_catalog_only,none,no_mapping_or_evidence,0,0,0,0,0,"Decide whether this control is in scope, then add findings, evidence, or an exclusion."
pcisaqdsp,6.3.A,pcisaqdsp 6.3.A,PCI SAQ D-SP 6 6 Controls,framework_catalog_only,none,no_mapping_or_evidence,0,0,0,0,0,"Decide whether this control is in scope, then add findings, evidence, or an exclusion."
pcisaqdsp,6.3.B,pcisaqdsp 6.3.B,PCI SAQ D-SP 6 6 Controls,framework_catalog_only,none,no_mapping_or_evidence,0,0,0,0,0,"Decide whether this control is in scope, then add findings, evidence, or an exclusion."
pcisaqdsp,6.3.C,pcisaqdsp 6.3.C,PCI SAQ D-SP 6 6 Controls,framework_catalog_only,none,no_mapping_or_evidence,0,0,0,0,0,"Decide whether this control is in scope, then add findings, evidence, or an exclusion."
pcisaqdsp,6.4.1.A,pcisaqdsp 6.4.1.A,PCI SAQ D-SP 6 6 Controls,framework_catalog_only,none,no_mapping_or_evidence,0,0,0,0,0,"Decide whether this control is in scope, then add findings, evidence, or an exclusion."
pcisaqdsp,6.4.1.B,pcisaqdsp 6.4.1.B,PCI SAQ D-SP 6 6 Controls,framework_catalog_only,none,no_mapping_or_evidence,0,0,0,0,0,"Decide whether this control is in scope, then add findings, evidence, or an exclusion."
pcisaqdsp,6.4.2,pcisaqdsp 6.4.2,PCI SAQ D-SP 6 6 Controls,framework_catalog_only,none,no_mapping_or_evidence,0,0,0,0,0,"Decide whether this control is in scope, then add findings, evidence, or an exclusion."
pcisaqdsp,6.4.3,pcisaqdsp 6.4.3,PCI SAQ D-SP 6 6 Controls,framework_catalog_only,none,no_mapping_or_evidence,0,0,0,0,0,"Decide whether this control is in scope, then add findings, evidence, or an exclusion."
pcisaqdsp,6.4.4,pcisaqdsp 6.4.4,PCI SAQ D-SP 6 6 Controls,framework_catalog_only,none,no_mapping_or_evidence,0,0,0,0,0,"Decide whether this control is in scope, then add findings, evidence, or an exclusion."
pcisaqdsp,6.4.5.1,pcisaqdsp 6.4.5.1,PCI SAQ D-SP 6 6 Controls,framework_catalog_only,none,no_mapping_or_evidence,0,0,0,0,0,"Decide whether this control is in scope, then add findings, evidence, or an exclusion."
pcisaqdsp,6.4.5.2,pcisaqdsp 6.4.5.2,PCI SAQ D-SP 6 6 Controls,framework_catalog_only,none,no_mapping_or_evidence,0,0,0,0,0,"Decide whether this control is in scope, then add findings, evidence, or an exclusion."
pcisaqdsp,6.4.5.3.A,pcisaqdsp 6.4.5.3.A,PCI SAQ D-SP 6 6 Controls,framework_catalog_only,none,no_mapping_or_evidence,0,0,0,0,0,"Decide whether this control is in scope, then add findings, evidence, or an exclusion."
pcisaqdsp,6.4.5.3.B,pcisaqdsp 6.4.5.3.B,PCI SAQ D-SP 6 6 Controls,framework_catalog_only,none,no_mapping_or_evidence,0,0,0,0,0,"Decide whether this control is in scope, then add findings, evidence, or an exclusion."
pcisaqdsp,6.4.5.4,pcisaqdsp 6.4.5.4,PCI SAQ D-SP 6 6 Controls,framework_catalog_only,none,no_mapping_or_evidence,0,0,0,0,0,"Decide whether this control is in scope, then add findings, evidence, or an exclusion."
pcisaqdsp,6.4.5.A,pcisaqdsp 6.4.5.A,PCI SAQ D-SP 6 6 Controls,framework_catalog_only,none,no_mapping_or_evidence,0,0,0,0,0,"Decide whether this control is in scope, then add findings, evidence, or an exclusion."
pcisaqdsp,6.4.6,pcisaqdsp 6.4.6,PCI SAQ D-SP 6 6 Controls,framework_catalog_only,none,no_mapping_or_evidence,0,0,0,0,0,"Decide whether this control is in scope, then add findings, evidence, or an exclusion."
pcisaqdsp,6.5.1,pcisaqdsp 6.5.1,PCI SAQ D-SP 6 6 Controls,framework_catalog_only,none,no_mapping_or_evidence,0,0,0,0,0,"Decide whether this control is in scope, then add findings, evidence, or an exclusion."
pcisaqdsp,6.5.10,pcisaqdsp 6.5.10,PCI SAQ D-SP 6 6 Controls,framework_catalog_only,none,no_mapping_or_evidence,0,0,0,0,0,"Decide whether this control is in scope, then add findings, evidence, or an exclusion."
pcisaqdsp,6.5.2,pcisaqdsp 6.5.2,PCI SAQ D-SP 6 6 Controls,framework_catalog_only,none,no_mapping_or_evidence,0,0,0,0,0,"Decide whether this control is in scope, then add findings, evidence, or an exclusion."
pcisaqdsp,6.5.3,pcisaqdsp 6.5.3,PCI SAQ D-SP 6 6 Controls,framework_catalog_only,none,no_mapping_or_evidence,0,0,0,0,0,"Decide whether this control is in scope, then add findings, evidence, or an exclusion."
pcisaqdsp,6.5.4,pcisaqdsp 6.5.4,PCI SAQ D-SP 6 6 Controls,framework_catalog_only,none,no_mapping_or_evidence,0,0,0,0,0,"Decide whether this control is in scope, then add findings, evidence, or an exclusion."
pcisaqdsp,6.5.5,pcisaqdsp 6.5.5,PCI SAQ D-SP 6 6 Controls,framework_catalog_only,none,no_mapping_or_evidence,0,0,0,0,0,"Decide whether this control is in scope, then add findings, evidence, or an exclusion."
pcisaqdsp,6.5.6,pcisaqdsp 6.5.6,PCI SAQ D-SP 6 6 Controls,framework_catalog_only,none,no_mapping_or_evidence,0,0,0,0,0,"Decide whether this control is in scope, then add findings, evidence, or an exclusion."
pcisaqdsp,6.5.7,pcisaqdsp 6.5.7,PCI SAQ D-SP 6 6 Controls,framework_catalog_only,none,no_mapping_or_evidence,0,0,0,0,0,"Decide whether this control is in scope, then add findings, evidence, or an exclusion."
pcisaqdsp,6.5.8,pcisaqdsp 6.5.8,PCI SAQ D-SP 6 6 Controls,framework_catalog_only,none,no_mapping_or_evidence,0,0,0,0,0,"Decide whether this control is in scope, then add findings, evidence, or an exclusion."
pcisaqdsp,6.5.9,pcisaqdsp 6.5.9,PCI SAQ D-SP 6 6 Controls,framework_catalog_only,none,no_mapping_or_evidence,0,0,0,0,0,"Decide whether this control is in scope, then add findings, evidence, or an exclusion."
pcisaqdsp,6.5.A,pcisaqdsp 6.5.A,PCI SAQ D-SP 6 6 Controls,framework_catalog_only,none,no_mapping_or_evidence,0,0,0,0,0,"Decide whether this control is in scope, then add findings, evidence, or an exclusion."
pcisaqdsp,6.5.B,pcisaqdsp 6.5.B,PCI SAQ D-SP 6 6 Controls,framework_catalog_only,none,no_mapping_or_evidence,0,0,0,0,0,"Decide whether this control is in scope, then add findings, evidence, or an exclusion."
pcisaqdsp,6.6,pcisaqdsp 6.6,PCI SAQ D-SP 6 6 Controls,framework_catalog_only,none,no_mapping_or_evidence,0,0,0,0,0,"Decide whether this control is in scope, then add findings, evidence, or an exclusion."
pcisaqdsp,6.7,pcisaqdsp 6.7,PCI SAQ D-SP 6 6 Controls,framework_catalog_only,none,no_mapping_or_evidence,0,0,0,0,0,"Decide whether this control is in scope, then add findings, evidence, or an exclusion."
pcisaqdsp,7.1,pcisaqdsp 7.1,PCI SAQ D-SP 7 7 Controls,framework_catalog_only,none,no_mapping_or_evidence,0,0,0,0,0,"Decide whether this control is in scope, then add findings, evidence, or an exclusion."
pcisaqdsp,7.1.1,pcisaqdsp 7.1.1,PCI SAQ D-SP 7 7 Controls,framework_catalog_only,none,no_mapping_or_evidence,0,0,0,0,0,"Decide whether this control is in scope, then add findings, evidence, or an exclusion."
pcisaqdsp,7.1.2,pcisaqdsp 7.1.2,PCI SAQ D-SP 7 7 Controls,framework_catalog_only,none,no_mapping_or_evidence,0,0,0,0,0,"Decide whether this control is in scope, then add findings, evidence, or an exclusion."
pcisaqdsp,7.1.3,pcisaqdsp 7.1.3,PCI SAQ D-SP 7 7 Controls,framework_catalog_only,none,no_mapping_or_evidence,0,0,0,0,0,"Decide whether this control is in scope, then add findings, evidence, or an exclusion."
pcisaqdsp,7.1.4,pcisaqdsp 7.1.4,PCI SAQ D-SP 7 7 Controls,framework_catalog_only,none,no_mapping_or_evidence,0,0,0,0,0,"Decide whether this control is in scope, then add findings, evidence, or an exclusion."
pcisaqdsp,7.2.1,pcisaqdsp 7.2.1,PCI SAQ D-SP 7 7 Controls,framework_catalog_only,none,no_mapping_or_evidence,0,0,0,0,0,"Decide whether this control is in scope, then add findings, evidence, or an exclusion."
pcisaqdsp,7.2.2,pcisaqdsp 7.2.2,PCI SAQ D-SP 7 7 Controls,framework_catalog_only,none,no_mapping_or_evidence,0,0,0,0,0,"Decide whether this control is in scope, then add findings, evidence, or an exclusion."
pcisaqdsp,7.2.3,pcisaqdsp 7.2.3,PCI SAQ D-SP 7 7 Controls,framework_catalog_only,none,no_mapping_or_evidence,0,0,0,0,0,"Decide whether this control is in scope, then add findings, evidence, or an exclusion."
pcisaqdsp,7.3,pcisaqdsp 7.3,PCI SAQ D-SP 7 7 Controls,framework_catalog_only,none,no_mapping_or_evidence,0,0,0,0,0,"Decide whether this control is in scope, then add findings, evidence, or an exclusion."
pcisaqdsp,8.1.1,pcisaqdsp 8.1.1,PCI SAQ D-SP 8 8 Controls,framework_catalog_only,none,no_mapping_or_evidence,0,0,0,0,0,"Decide whether this control is in scope, then add findings, evidence, or an exclusion."
pcisaqdsp,8.1.2,pcisaqdsp 8.1.2,PCI SAQ D-SP 8 8 Controls,framework_catalog_only,none,no_mapping_or_evidence,0,0,0,0,0,"Decide whether this control is in scope, then add findings, evidence, or an exclusion."
pcisaqdsp,8.1.3,pcisaqdsp 8.1.3,PCI SAQ D-SP 8 8 Controls,framework_catalog_only,none,no_mapping_or_evidence,0,0,0,0,0,"Decide whether this control is in scope, then add findings, evidence, or an exclusion."
pcisaqdsp,8.1.4,pcisaqdsp 8.1.4,PCI SAQ D-SP 8 8 Controls,framework_catalog_only,none,no_mapping_or_evidence,0,0,0,0,0,"Decide whether this control is in scope, then add findings, evidence, or an exclusion."
pcisaqdsp,8.1.5.A,pcisaqdsp 8.1.5.A,PCI SAQ D-SP 8 8 Controls,framework_catalog_only,none,no_mapping_or_evidence,0,0,0,0,0,"Decide whether this control is in scope, then add findings, evidence, or an exclusion."
pcisaqdsp,8.1.5.B,pcisaqdsp 8.1.5.B,PCI SAQ D-SP 8 8 Controls,framework_catalog_only,none,no_mapping_or_evidence,0,0,0,0,0,"Decide whether this control is in scope, then add findings, evidence, or an exclusion."
pcisaqdsp,8.1.6.A,pcisaqdsp 8.1.6.A,PCI SAQ D-SP 8 8 Controls,framework_catalog_only,none,no_mapping_or_evidence,0,0,0,0,0,"Decide whether this control is in scope, then add findings, evidence, or an exclusion."
pcisaqdsp,8.1.6.B,pcisaqdsp 8.1.6.B,PCI SAQ D-SP 8 8 Controls,framework_catalog_only,none,no_mapping_or_evidence,0,0,0,0,0,"Decide whether this control is in scope, then add findings, evidence, or an exclusion."
pcisaqdsp,8.1.7,pcisaqdsp 8.1.7,PCI SAQ D-SP 8 8 Controls,framework_catalog_only,none,no_mapping_or_evidence,0,0,0,0,0,"Decide whether this control is in scope, then add findings, evidence, or an exclusion."
pcisaqdsp,8.1.8,pcisaqdsp 8.1.8,PCI SAQ D-SP 8 8 Controls,framework_catalog_only,none,no_mapping_or_evidence,0,0,0,0,0,"Decide whether this control is in scope, then add findings, evidence, or an exclusion."
pcisaqdsp,8.2,pcisaqdsp 8.2,PCI SAQ D-SP 8 8 Controls,framework_catalog_only,none,no_mapping_or_evidence,0,0,0,0,0,"Decide whether this control is in scope, then add findings, evidence, or an exclusion."
pcisaqdsp,8.2.1.A,pcisaqdsp 8.2.1.A,PCI SAQ D-SP 8 8 Controls,framework_catalog_only,none,no_mapping_or_evidence,0,0,0,0,0,"Decide whether this control is in scope, then add findings, evidence, or an exclusion."
pcisaqdsp,8.2.1.B,pcisaqdsp 8.2.1.B,PCI SAQ D-SP 8 8 Controls,framework_catalog_only,none,no_mapping_or_evidence,0,0,0,0,0,"Decide whether this control is in scope, then add findings, evidence, or an exclusion."
pcisaqdsp,8.2.2,pcisaqdsp 8.2.2,PCI SAQ D-SP 8 8 Controls,framework_catalog_only,none,no_mapping_or_evidence,0,0,0,0,0,"Decide whether this control is in scope, then add findings, evidence, or an exclusion."
pcisaqdsp,8.2.3.A,pcisaqdsp 8.2.3.A,PCI SAQ D-SP 8 8 Controls,framework_catalog_only,none,no_mapping_or_evidence,0,0,0,0,0,"Decide whether this control is in scope, then add findings, evidence, or an exclusion."
pcisaqdsp,8.2.3.B,pcisaqdsp 8.2.3.B,PCI SAQ D-SP 8 8 Controls,framework_catalog_only,none,no_mapping_or_evidence,0,0,0,0,0,"Decide whether this control is in scope, then add findings, evidence, or an exclusion."
pcisaqdsp,8.2.4.A,pcisaqdsp 8.2.4.A,PCI SAQ D-SP 8 8 Controls,framework_catalog_only,none,no_mapping_or_evidence,0,0,0,0,0,"Decide whether this control is in scope, then add findings, evidence, or an exclusion."
pcisaqdsp,8.2.4.B,pcisaqdsp 8.2.4.B,PCI SAQ D-SP 8 8 Controls,framework_catalog_only,none,no_mapping_or_evidence,0,0,0,0,0,"Decide whether this control is in scope, then add findings, evidence, or an exclusion."
pcisaqdsp,8.2.5.A,pcisaqdsp 8.2.5.A,PCI SAQ D-SP 8 8 Controls,framework_catalog_only,none,no_mapping_or_evidence,0,0,0,0,0,"Decide whether this control is in scope, then add findings, evidence, or an exclusion."
pcisaqdsp,8.2.5.B,pcisaqdsp 8.2.5.B,PCI SAQ D-SP 8 8 Controls,framework_catalog_only,none,no_mapping_or_evidence,0,0,0,0,0,"Decide whether this control is in scope, then add findings, evidence, or an exclusion."
pcisaqdsp,8.2.6,pcisaqdsp 8.2.6,PCI SAQ D-SP 8 8 Controls,framework_catalog_only,none,no_mapping_or_evidence,0,0,0,0,0,"Decide whether this control is in scope, then add findings, evidence, or an exclusion."
pcisaqdsp,8.3.1,pcisaqdsp 8.3.1,PCI SAQ D-SP 8 8 Controls,framework_catalog_only,none,no_mapping_or_evidence,0,0,0,0,0,"Decide whether this control is in scope, then add findings, evidence, or an exclusion."
pcisaqdsp,8.3.2,pcisaqdsp 8.3.2,PCI SAQ D-SP 8 8 Controls,framework_catalog_only,none,no_mapping_or_evidence,0,0,0,0,0,"Decide whether this control is in scope, then add findings, evidence, or an exclusion."
pcisaqdsp,8.4.A,pcisaqdsp 8.4.A,PCI SAQ D-SP 8 8 Controls,framework_catalog_only,none,no_mapping_or_evidence,0,0,0,0,0,"Decide whether this control is in scope, then add findings, evidence, or an exclusion."
pcisaqdsp,8.4.B,pcisaqdsp 8.4.B,PCI SAQ D-SP 8 8 Controls,framework_catalog_only,none,no_mapping_or_evidence,0,0,0,0,0,"Decide whether this control is in scope, then add findings, evidence, or an exclusion."
pcisaqdsp,8.5,pcisaqdsp 8.5,PCI SAQ D-SP 8 8 Controls,framework_catalog_only,none,no_mapping_or_evidence,0,0,0,0,0,"Decide whether this control is in scope, then add findings, evidence, or an exclusion."
pcisaqdsp,8.5.1,pcisaqdsp 8.5.1,PCI SAQ D-SP 8 8 Controls,framework_catalog_only,none,no_mapping_or_evidence,0,0,0,0,0,"Decide whether this control is in scope, then add findings, evidence, or an exclusion."
pcisaqdsp,8.6,pcisaqdsp 8.6,PCI SAQ D-SP 8 8 Controls,framework_catalog_only,none,no_mapping_or_evidence,0,0,0,0,0,"Decide whether this control is in scope, then add findings, evidence, or an exclusion."
pcisaqdsp,8.7.A,pcisaqdsp 8.7.A,PCI SAQ D-SP 8 8 Controls,framework_catalog_only,none,no_mapping_or_evidence,0,0,0,0,0,"Decide whether this control is in scope, then add findings, evidence, or an exclusion."
pcisaqdsp,8.7.B,pcisaqdsp 8.7.B,PCI SAQ D-SP 8 8 Controls,framework_catalog_only,none,no_mapping_or_evidence,0,0,0,0,0,"Decide whether this control is in scope, then add findings, evidence, or an exclusion."
pcisaqdsp,8.7.C,pcisaqdsp 8.7.C,PCI SAQ D-SP 8 8 Controls,framework_catalog_only,none,no_mapping_or_evidence,0,0,0,0,0,"Decide whether this control is in scope, then add findings, evidence, or an exclusion."
pcisaqdsp,8.8,pcisaqdsp 8.8,PCI SAQ D-SP 8 8 Controls,framework_catalog_only,none,no_mapping_or_evidence,0,0,0,0,0,"Decide whether this control is in scope, then add findings, evidence, or an exclusion."
pcisaqdsp,9.1,pcisaqdsp 9.1,PCI SAQ D-SP 9 9 Controls,framework_catalog_only,none,no_mapping_or_evidence,0,0,0,0,0,"Decide whether this control is in scope, then add findings, evidence, or an exclusion."
pcisaqdsp,9.1.1.A,pcisaqdsp 9.1.1.A,PCI SAQ D-SP 9 9 Controls,framework_catalog_only,none,no_mapping_or_evidence,0,0,0,0,0,"Decide whether this control is in scope, then add findings, evidence, or an exclusion."
pcisaqdsp,9.1.1.B,pcisaqdsp 9.1.1.B,PCI SAQ D-SP 9 9 Controls,framework_catalog_only,none,no_mapping_or_evidence,0,0,0,0,0,"Decide whether this control is in scope, then add findings, evidence, or an exclusion."
pcisaqdsp,9.1.1.C,pcisaqdsp 9.1.1.C,PCI SAQ D-SP 9 9 Controls,framework_catalog_only,none,no_mapping_or_evidence,0,0,0,0,0,"Decide whether this control is in scope, then add findings, evidence, or an exclusion."
pcisaqdsp,9.1.1.D,pcisaqdsp 9.1.1.D,PCI SAQ D-SP 9 9 Controls,framework_catalog_only,none,no_mapping_or_evidence,0,0,0,0,0,"Decide whether this control is in scope, then add findings, evidence, or an exclusion."
pcisaqdsp,9.1.2,pcisaqdsp 9.1.2,PCI SAQ D-SP 9 9 Controls,framework_catalog_only,none,no_mapping_or_evidence,0,0,0,0,0,"Decide whether this control is in scope, then add findings, evidence, or an exclusion."
pcisaqdsp,9.1.3,pcisaqdsp 9.1.3,PCI SAQ D-SP 9 9 Controls,framework_catalog_only,none,no_mapping_or_evidence,0,0,0,0,0,"Decide whether this control is in scope, then add findings, evidence, or an exclusion."
pcisaqdsp,9.10,pcisaqdsp 9.10,PCI SAQ D-SP 9 9 Controls,framework_catalog_only,none,no_mapping_or_evidence,0,0,0,0,0,"Decide whether this control is in scope, then add findings, evidence, or an exclusion."
pcisaqdsp,9.2.A,pcisaqdsp 9.2.A,PCI SAQ D-SP 9 9 Controls,framework_catalog_only,none,no_mapping_or_evidence,0,0,0,0,0,"Decide whether this control is in scope, then add findings, evidence, or an exclusion."
pcisaqdsp,9.2.B,pcisaqdsp 9.2.B,PCI SAQ D-SP 9 9 Controls,framework_catalog_only,none,no_mapping_or_evidence,0,0,0,0,0,"Decide whether this control is in scope, then add findings, evidence, or an exclusion."
pcisaqdsp,9.2.C,pcisaqdsp 9.2.C,PCI SAQ D-SP 9 9 Controls,framework_catalog_only,none,no_mapping_or_evidence,0,0,0,0,0,"Decide whether this control is in scope, then add findings, evidence, or an exclusion."
pcisaqdsp,9.3,pcisaqdsp 9.3,PCI SAQ D-SP 9 9 Controls,framework_catalog_only,none,no_mapping_or_evidence,0,0,0,0,0,"Decide whether this control is in scope, then add findings, evidence, or an exclusion."
pcisaqdsp,9.4.1,pcisaqdsp 9.4.1,PCI SAQ D-SP 9 9 Controls,framework_catalog_only,none,no_mapping_or_evidence,0,0,0,0,0,"Decide whether this control is in scope, then add findings, evidence, or an exclusion."
pcisaqdsp,9.4.2.A,pcisaqdsp 9.4.2.A,PCI SAQ D-SP 9 9 Controls,framework_catalog_only,none,no_mapping_or_evidence,0,0,0,0,0,"Decide whether this control is in scope, then add findings, evidence, or an exclusion."
pcisaqdsp,9.4.2.B,pcisaqdsp 9.4.2.B,PCI SAQ D-SP 9 9 Controls,framework_catalog_only,none,no_mapping_or_evidence,0,0,0,0,0,"Decide whether this control is in scope, then add findings, evidence, or an exclusion."
pcisaqdsp,9.4.3,pcisaqdsp 9.4.3,PCI SAQ D-SP 9 9 Controls,framework_catalog_only,none,no_mapping_or_evidence,0,0,0,0,0,"Decide whether this control is in scope, then add findings, evidence, or an exclusion."
pcisaqdsp,9.4.4.A,pcisaqdsp 9.4.4.A,PCI SAQ D-SP 9 9 Controls,framework_catalog_only,none,no_mapping_or_evidence,0,0,0,0,0,"Decide whether this control is in scope, then add findings, evidence, or an exclusion."
pcisaqdsp,9.4.4.B,pcisaqdsp 9.4.4.B,PCI SAQ D-SP 9 9 Controls,framework_catalog_only,none,no_mapping_or_evidence,0,0,0,0,0,"Decide whether this control is in scope, then add findings, evidence, or an exclusion."
pcisaqdsp,9.4.4.C,pcisaqdsp 9.4.4.C,PCI SAQ D-SP 9 9 Controls,framework_catalog_only,none,no_mapping_or_evidence,0,0,0,0,0,"Decide whether this control is in scope, then add findings, evidence, or an exclusion."
pcisaqdsp,9.5,pcisaqdsp 9.5,PCI SAQ D-SP 9 9 Controls,framework_catalog_only,none,no_mapping_or_evidence,0,0,0,0,0,"Decide whether this control is in scope, then add findings, evidence, or an exclusion."
pcisaqdsp,9.5.1,pcisaqdsp 9.5.1,PCI SAQ D-SP 9 9 Controls,framework_catalog_only,none,no_mapping_or_evidence,0,0,0,0,0,"Decide whether this control is in scope, then add findings, evidence, or an exclusion."
pcisaqdsp,9.6.1,pcisaqdsp 9.6.1,PCI SAQ D-SP 9 9 Controls,framework_catalog_only,none,no_mapping_or_evidence,0,0,0,0,0,"Decide whether this control is in scope, then add findings, evidence, or an exclusion."
pcisaqdsp,9.6.2,pcisaqdsp 9.6.2,PCI SAQ D-SP 9 9 Controls,framework_catalog_only,none,no_mapping_or_evidence,0,0,0,0,0,"Decide whether this control is in scope, then add findings, evidence, or an exclusion."
pcisaqdsp,9.6.3,pcisaqdsp 9.6.3,PCI SAQ D-SP 9 9 Controls,framework_catalog_only,none,no_mapping_or_evidence,0,0,0,0,0,"Decide whether this control is in scope, then add findings, evidence, or an exclusion."
pcisaqdsp,9.6.A,pcisaqdsp 9.6.A,PCI SAQ D-SP 9 9 Controls,framework_catalog_only,none,no_mapping_or_evidence,0,0,0,0,0,"Decide whether this control is in scope, then add findings, evidence, or an exclusion."
pcisaqdsp,9.7,pcisaqdsp 9.7,PCI SAQ D-SP 9 9 Controls,framework_catalog_only,none,no_mapping_or_evidence,0,0,0,0,0,"Decide whether this control is in scope, then add findings, evidence, or an exclusion."
pcisaqdsp,9.7.1.A,pcisaqdsp 9.7.1.A,PCI SAQ D-SP 9 9 Controls,framework_catalog_only,none,no_mapping_or_evidence,0,0,0,0,0,"Decide whether this control is in scope, then add findings, evidence, or an exclusion."
pcisaqdsp,9.7.1.B,pcisaqdsp 9.7.1.B,PCI SAQ D-SP 9 9 Controls,framework_catalog_only,none,no_mapping_or_evidence,0,0,0,0,0,"Decide whether this control is in scope, then add findings, evidence, or an exclusion."
pcisaqdsp,9.8.1.A,pcisaqdsp 9.8.1.A,PCI SAQ D-SP 9 9 Controls,framework_catalog_only,none,no_mapping_or_evidence,0,0,0,0,0,"Decide whether this control is in scope, then add findings, evidence, or an exclusion."
pcisaqdsp,9.8.1.B,pcisaqdsp 9.8.1.B,PCI SAQ D-SP 9 9 Controls,framework_catalog_only,none,no_mapping_or_evidence,0,0,0,0,0,"Decide whether this control is in scope, then add findings, evidence, or an exclusion."
pcisaqdsp,9.8.2,pcisaqdsp 9.8.2,PCI SAQ D-SP 9 9 Controls,framework_catalog_only,none,no_mapping_or_evidence,0,0,0,0,0,"Decide whether this control is in scope, then add findings, evidence, or an exclusion."
pcisaqdsp,9.8.A,pcisaqdsp 9.8.A,PCI SAQ D-SP 9 9 Controls,framework_catalog_only,none,no_mapping_or_evidence,0,0,0,0,0,"Decide whether this control is in scope, then add findings, evidence, or an exclusion."
pcisaqdsp,9.8.B,pcisaqdsp 9.8.B,PCI SAQ D-SP 9 9 Controls,framework_catalog_only,none,no_mapping_or_evidence,0,0,0,0,0,"Decide whether this control is in scope, then add findings, evidence, or an exclusion."
pcisaqdsp,9.9.1.A,pcisaqdsp 9.9.1.A,PCI SAQ D-SP 9 9 Controls,framework_catalog_only,none,no_mapping_or_evidence,0,0,0,0,0,"Decide whether this control is in scope, then add findings, evidence, or an exclusion."
pcisaqdsp,9.9.1.B,pcisaqdsp 9.9.1.B,PCI SAQ D-SP 9 9 Controls,framework_catalog_only,none,no_mapping_or_evidence,0,0,0,0,0,"Decide whether this control is in scope, then add findings, evidence, or an exclusion."
pcisaqdsp,9.9.1.C,pcisaqdsp 9.9.1.C,PCI SAQ D-SP 9 9 Controls,framework_catalog_only,none,no_mapping_or_evidence,0,0,0,0,0,"Decide whether this control is in scope, then add findings, evidence, or an exclusion."
pcisaqdsp,9.9.2.A,pcisaqdsp 9.9.2.A,PCI SAQ D-SP 9 9 Controls,framework_catalog_only,none,no_mapping_or_evidence,0,0,0,0,0,"Decide whether this control is in scope, then add findings, evidence, or an exclusion."
pcisaqdsp,9.9.2.B,pcisaqdsp 9.9.2.B,PCI SAQ D-SP 9 9 Controls,framework_catalog_only,none,no_mapping_or_evidence,0,0,0,0,0,"Decide whether this control is in scope, then add findings, evidence, or an exclusion."
pcisaqdsp,9.9.3.A,pcisaqdsp 9.9.3.A,PCI SAQ D-SP 9 9 Controls,framework_catalog_only,none,no_mapping_or_evidence,0,0,0,0,0,"Decide whether this control is in scope, then add findings, evidence, or an exclusion."
pcisaqdsp,9.9.3.B,pcisaqdsp 9.9.3.B,PCI SAQ D-SP 9 9 Controls,framework_catalog_only,none,no_mapping_or_evidence,0,0,0,0,0,"Decide whether this control is in scope, then add findings, evidence, or an exclusion."
pcisaqdsp,9.9.A,pcisaqdsp 9.9.A,PCI SAQ D-SP 9 9 Controls,framework_catalog_only,none,no_mapping_or_evidence,0,0,0,0,0,"Decide whether this control is in scope, then add findings, evidence, or an exclusion."
pcisaqdsp,9.9.B,pcisaqdsp 9.9.B,PCI SAQ D-SP 9 9 Controls,framework_catalog_only,none,no_mapping_or_evidence,0,0,0,0,0,"Decide whether this control is in scope, then add findings, evidence, or an exclusion."
pcisaqdsp,9.9.C,pcisaqdsp 9.9.C,PCI SAQ D-SP 9 9 Controls,framework_catalog_only,none,no_mapping_or_evidence,0,0,0,0,0,"Decide whether this control is in scope, then add findings, evidence, or an exclusion."
pcisaqdsp,SD-SAQD(SERVICEPROVIDER),pcisaqdsp SD-SAQD(SERVICEPROVIDER),PCI SAQ D-SP Appendix Appendix Controls,framework_catalog_only,none,no_mapping_or_evidence,0,0,0,0,0,"Decide whether this control is in scope, then add findings, evidence, or an exclusion."
soc2,A1.1,soc2 A1.1,SOC 2 A1 Availability,direct_control_only,direct,missing_source_backing,26,0,0,0,0,Add source capability or evidence requirements for mapped findings.
soc2,A1.2,soc2 A1.2,SOC 2 A1 Availability,direct_control_only,direct,missing_source_backing,13,0,0,0,0,Add source capability or evidence requirements for mapped findings.
soc2,A1.3,soc2 A1.3,SOC 2 A1 Availability,direct_control_only,direct,missing_source_backing,22,0,0,0,0,Add source capability or evidence requirements for mapped findings.
soc2,C1.1,soc2 C1.1,SOC 2 C1 Confidentiality,direct_source_backed,direct,none,67,12,12,2,0,Maintain evidence collection and sampling.
soc2,C1.2,soc2 C1.2,SOC 2 C1 Confidentiality,framework_catalog_only,none,no_mapping_or_evidence,0,0,0,0,0,"Decide whether this control is in scope, then add findings, evidence, or an exclusion."
soc2,CC1.1,soc2 CC1.1,SOC 2 CC1 Control Environment,framework_catalog_only,none,no_mapping_or_evidence,0,0,0,0,0,"Decide whether this control is in scope, then add findings, evidence, or an exclusion."
soc2,CC1.2,soc2 CC1.2,SOC 2 CC1 Control Environment,direct_source_backed,direct,none,2,2,2,0,0,Maintain evidence collection and sampling.
soc2,CC1.3,soc2 CC1.3,SOC 2 CC1 Control Environment,framework_catalog_only,none,no_mapping_or_evidence,0,0,0,0,0,"Decide whether this control is in scope, then add findings, evidence, or an exclusion."
soc2,CC1.4,soc2 CC1.4,SOC 2 CC1 Control Environment,direct_control_only,direct,missing_source_backing,5,0,0,0,0,Add source capability or evidence requirements for mapped findings.
soc2,CC1.5,soc2 CC1.5,SOC 2 CC1 Control Environment,direct_control_only,direct,missing_source_backing,1,0,0,0,0,Add source capability or evidence requirements for mapped findings.
soc2,CC2.1,soc2 CC2.1,SOC 2 CC2 Communication and Information,framework_catalog_only,none,no_mapping_or_evidence,0,0,0,0,0,"Decide whether this control is in scope, then add findings, evidence, or an exclusion."
soc2,CC2.2,soc2 CC2.2,SOC 2 CC2 Communication and Information,direct_control_only,direct,missing_source_backing,1,0,0,0,0,Add source capability or evidence requirements for mapped findings.
soc2,CC2.3,soc2 CC2.3,SOC 2 CC2 Communication and Information,framework_catalog_only,none,no_mapping_or_evidence,0,0,0,0,0,"Decide whether this control is in scope, then add findings, evidence, or an exclusion."
soc2,CC3.1,soc2 CC3.1,SOC 2 CC3 Risk Assessment,direct_control_only,direct,missing_source_backing,1,0,0,0,0,Add source capability or evidence requirements for mapped findings.
soc2,CC3.2,soc2 CC3.2,SOC 2 CC3 Risk Assessment,direct_control_only,direct,missing_source_backing,32,0,0,0,0,Add source capability or evidence requirements for mapped findings.
soc2,CC3.3,soc2 CC3.3,SOC 2 CC3 Risk Assessment,framework_catalog_only,none,no_mapping_or_evidence,0,0,0,0,0,"Decide whether this control is in scope, then add findings, evidence, or an exclusion."
soc2,CC3.4,soc2 CC3.4,SOC 2 CC3 Risk Assessment,framework_catalog_only,none,no_mapping_or_evidence,0,0,0,0,0,"Decide whether this control is in scope, then add findings, evidence, or an exclusion."
soc2,CC4,soc2 CC4,SOC 2 CC4 Monitoring Activities,direct_control_only,direct,missing_source_backing,30,0,0,0,0,Add source capability or evidence requirements for mapped findings.
soc2,CC4.1,soc2 CC4.1,SOC 2 CC4 Monitoring Activities,direct_control_only,direct,missing_source_backing,2,0,0,0,0,Add source capability or evidence requirements for mapped findings.
soc2,CC4.2,soc2 CC4.2,SOC 2 CC4 Monitoring Activities,framework_catalog_only,none,no_mapping_or_evidence,0,0,0,0,0,"Decide whether this control is in scope, then add findings, evidence, or an exclusion."
soc2,CC5.1,soc2 CC5.1,SOC 2 CC5 Control Activities,framework_catalog_only,none,no_mapping_or_evidence,0,0,0,0,0,"Decide whether this control is in scope, then add findings, evidence, or an exclusion."
soc2,CC5.2,soc2 CC5.2,SOC 2 CC5 Control Activities,direct_control_only,direct,missing_source_backing,1,0,0,0,0,Add source capability or evidence requirements for mapped findings.
soc2,CC5.3,soc2 CC5.3,SOC 2 CC5 Control Activities,direct_control_only,direct,missing_source_backing,1,0,0,0,0,Add source capability or evidence requirements for mapped findings.
soc2,CC6,soc2 CC6,SOC 2 CC6 Logical and Physical Access,framework_catalog_only,none,no_mapping_or_evidence,0,0,0,0,0,"Decide whether this control is in scope, then add findings, evidence, or an exclusion."
soc2,CC6.1,soc2 CC6.1,SOC 2 CC6 Logical and Physical Access,direct_source_backed,direct,none,871,676,676,10,3,Maintain evidence collection and sampling.
soc2,CC6.2,soc2 CC6.2,SOC 2 CC6 Logical and Physical Access,direct_source_backed,direct,none,253,141,141,7,2,Maintain evidence collection and sampling.
soc2,CC6.3,soc2 CC6.3,SOC 2 CC6 Logical and Physical Access,direct_source_backed,direct,none,28,1,1,0,2,Maintain evidence collection and sampling.
soc2,CC6.4,soc2 CC6.4,SOC 2 CC6 Logical and Physical Access,framework_catalog_only,none,no_mapping_or_evidence,0,0,0,0,0,"Decide whether this control is in scope, then add findings, evidence, or an exclusion."
soc2,CC6.5,soc2 CC6.5,SOC 2 CC6 Logical and Physical Access,framework_catalog_only,none,no_mapping_or_evidence,0,0,0,0,0,"Decide whether this control is in scope, then add findings, evidence, or an exclusion."
soc2,CC6.6,soc2 CC6.6,SOC 2 CC6 Logical and Physical Access,direct_source_backed,direct,none,213,54,54,5,1,Maintain evidence collection and sampling.
soc2,CC6.7,soc2 CC6.7,SOC 2 CC6 Logical and Physical Access,direct_source_backed,direct,none,18,1,1,0,1,Maintain evidence collection and sampling.
soc2,CC6.8,soc2 CC6.8,SOC 2 CC6 Logical and Physical Access,direct_control_only,direct,missing_source_backing,15,0,0,0,1,Add source capability or evidence requirements for mapped findings.
soc2,CC7,soc2 CC7,SOC 2 CC7 System Operations,framework_catalog_only,none,no_mapping_or_evidence,0,0,0,0,0,"Decide whether this control is in scope, then add findings, evidence, or an exclusion."
soc2,CC7.1,soc2 CC7.1,SOC 2 CC7 System Operations,direct_source_backed,direct,none,553,428,428,3,3,Maintain evidence collection and sampling.
soc2,CC7.2,soc2 CC7.2,SOC 2 CC7 System Operations,direct_source_backed,direct,none,114,108,108,6,2,Maintain evidence collection and sampling.
soc2,CC7.3,soc2 CC7.3,SOC 2 CC7 System Operations,direct_source_backed,direct,none,57,56,56,5,2,Maintain evidence collection and sampling.
soc2,CC7.4,soc2 CC7.4,SOC 2 CC7 System Operations,direct_source_backed,direct,none,12,5,5,0,1,Maintain evidence collection and sampling.
soc2,CC7.5,soc2 CC7.5,SOC 2 CC7 System Operations,direct_source_backed,direct,none,22,4,4,5,1,Maintain evidence collection and sampling.
soc2,CC8.1,soc2 CC8.1,SOC 2 CC8 Change Management,direct_source_backed,direct,none,367,281,281,2,1,Maintain evidence collection and sampling.
soc2,CC9.1,soc2 CC9.1,SOC 2 CC9 Risk Mitigation,framework_catalog_only,none,no_mapping_or_evidence,0,0,0,0,0,"Decide whether this control is in scope, then add findings, evidence, or an exclusion."
soc2,CC9.2,soc2 CC9.2,SOC 2 CC9 Risk Mitigation,direct_source_backed,direct,none,8,3,3,0,0,Maintain evidence collection and sampling.
soc2,P1.1,soc2 P1.1,SOC 2 P1 Notice and Communication,direct_control_only,direct,missing_source_backing,1,0,0,0,0,Add source capability or evidence requirements for mapped findings.
soc2,P2.1,soc2 P2.1,SOC 2 P2 Choice and Consent,framework_catalog_only,none,no_mapping_or_evidence,0,0,0,0,0,"Decide whether this control is in scope, then add findings, evidence, or an exclusion."
soc2,P3.1,soc2 P3.1,SOC 2 P3 Collection,framework_catalog_only,none,no_mapping_or_evidence,0,0,0,0,0,"Decide whether this control is in scope, then add findings, evidence, or an exclusion."
soc2,P3.2,soc2 P3.2,SOC 2 P3 Collection,framework_catalog_only,none,no_mapping_or_evidence,0,0,0,0,0,"Decide whether this control is in scope, then add findings, evidence, or an exclusion."
soc2,P4.1,soc2 P4.1,"SOC 2 P4 Use, Retention, and Disposal",framework_catalog_only,none,no_mapping_or_evidence,0,0,0,0,0,"Decide whether this control is in scope, then add findings, evidence, or an exclusion."
soc2,P4.2,soc2 P4.2,"SOC 2 P4 Use, Retention, and Disposal",framework_catalog_only,none,no_mapping_or_evidence,0,0,0,0,0,"Decide whether this control is in scope, then add findings, evidence, or an exclusion."
soc2,P4.3,soc2 P4.3,"SOC 2 P4 Use, Retention, and Disposal",framework_catalog_only,none,no_mapping_or_evidence,0,0,0,0,0,"Decide whether this control is in scope, then add findings, evidence, or an exclusion."
soc2,P5.1,soc2 P5.1,SOC 2 P5 Access,framework_catalog_only,none,no_mapping_or_evidence,0,0,0,0,0,"Decide whether this control is in scope, then add findings, evidence, or an exclusion."
soc2,P5.2,soc2 P5.2,SOC 2 P5 Access,framework_catalog_only,none,no_mapping_or_evidence,0,0,0,0,0,"Decide whether this control is in scope, then add findings, evidence, or an exclusion."
soc2,P5.3,soc2 P5.3,SOC 2 P5 Access,framework_catalog_only,none,no_mapping_or_evidence,0,0,0,0,0,"Decide whether this control is in scope, then add findings, evidence, or an exclusion."
soc2,P6.1,soc2 P6.1,SOC 2 P6 Disclosure and Notification,direct_control_only,direct,missing_source_backing,1,0,0,0,0,Add source capability or evidence requirements for mapped findings.
soc2,P6.2,soc2 P6.2,SOC 2 P6 Disclosure and Notification,framework_catalog_only,none,no_mapping_or_evidence,0,0,0,0,0,"Decide whether this control is in scope, then add findings, evidence, or an exclusion."
soc2,P6.3,soc2 P6.3,SOC 2 P6 Disclosure and Notification,framework_catalog_only,none,no_mapping_or_evidence,0,0,0,0,0,"Decide whether this control is in scope, then add findings, evidence, or an exclusion."
soc2,P6.4,soc2 P6.4,SOC 2 P6 Disclosure and Notification,framework_catalog_only,none,no_mapping_or_evidence,0,0,0,0,0,"Decide whether this control is in scope, then add findings, evidence, or an exclusion."
soc2,P6.5,soc2 P6.5,SOC 2 P6 Disclosure and Notification,framework_catalog_only,none,no_mapping_or_evidence,0,0,0,0,0,"Decide whether this control is in scope, then add findings, evidence, or an exclusion."
soc2,P6.6,soc2 P6.6,SOC 2 P6 Disclosure and Notification,framework_catalog_only,none,no_mapping_or_evidence,0,0,0,0,0,"Decide whether this control is in scope, then add findings, evidence, or an exclusion."
soc2,P6.7,soc2 P6.7,SOC 2 P6 Disclosure and Notification,framework_catalog_only,none,no_mapping_or_evidence,0,0,0,0,0,"Decide whether this control is in scope, then add findings, evidence, or an exclusion."
soc2,P7.1,soc2 P7.1,SOC 2 P7 Quality,framework_catalog_only,none,no_mapping_or_evidence,0,0,0,0,0,"Decide whether this control is in scope, then add findings, evidence, or an exclusion."
soc2,P8.1,soc2 P8.1,SOC 2 P8 Monitoring and Enforcement,framework_catalog_only,none,no_mapping_or_evidence,0,0,0,0,0,"Decide whether this control is in scope, then add findings, evidence, or an exclusion."
soc2,PI1.1,soc2 PI1.1,SOC 2 PI1 Processing Integrity,framework_catalog_only,none,no_mapping_or_evidence,0,0,0,0,0,"Decide whether this control is in scope, then add findings, evidence, or an exclusion."
soc2,PI1.2,soc2 PI1.2,SOC 2 PI1 Processing Integrity,framework_catalog_only,none,no_mapping_or_evidence,0,0,0,0,0,"Decide whether this control is in scope, then add findings, evidence, or an exclusion."
soc2,PI1.3,soc2 PI1.3,SOC 2 PI1 Processing Integrity,framework_catalog_only,none,no_mapping_or_evidence,0,0,0,0,0,"Decide whether this control is in scope, then add findings, evidence, or an exclusion."
soc2,PI1.4,soc2 PI1.4,SOC 2 PI1 Processing Integrity,direct_control_only,direct,missing_source_backing,1,0,0,0,0,Add source capability or evidence requirements for mapped findings.
soc2,PI1.5,soc2 PI1.5,SOC 2 PI1 Processing Integrity,framework_catalog_only,none,no_mapping_or_evidence,0,0,0,0,0,"Decide whether this control is in scope, then add findings, evidence, or an exclusion."
soc2,SD-SOC2,soc2 SD-SOC2,SOC 2 SD System Description,framework_catalog_only,none,no_mapping_or_evidence,0,0,0,0,0,"Decide whether this control is in scope, then add findings, evidence, or an exclusion."
usdataprivacy,ACCOUNTABILITYPRINCIPLE,usdataprivacy ACCOUNTABILITYPRINCIPLE,US Data Privacy Privacy Privacy Principles,framework_catalog_only,none,no_mapping_or_evidence,0,0,0,0,0,"Decide whether this control is in scope, then add findings, evidence, or an exclusion."
usdataprivacy,COLLECTIONLIMITATIONPRINCIPLE,usdataprivacy COLLECTIONLIMITATIONPRINCIPLE,US Data Privacy Privacy Privacy Principles,framework_catalog_only,none,no_mapping_or_evidence,0,0,0,0,0,"Decide whether this control is in scope, then add findings, evidence, or an exclusion."
usdataprivacy,DATAMINIMIZATIONPRINCIPLE,usdataprivacy DATAMINIMIZATIONPRINCIPLE,US Data Privacy Privacy Privacy Principles,framework_catalog_only,none,no_mapping_or_evidence,0,0,0,0,0,"Decide whether this control is in scope, then add findings, evidence, or an exclusion."
usdataprivacy,DATAQUALITYPRINCIPLE,usdataprivacy DATAQUALITYPRINCIPLE,US Data Privacy Privacy Privacy Principles,framework_catalog_only,none,no_mapping_or_evidence,0,0,0,0,0,"Decide whether this control is in scope, then add findings, evidence, or an exclusion."
usdataprivacy,INDIVIDUALPARTICIPATIONPRINCIPLE,usdataprivacy INDIVIDUALPARTICIPATIONPRINCIPLE,US Data Privacy Privacy Privacy Principles,framework_catalog_only,none,no_mapping_or_evidence,0,0,0,0,0,"Decide whether this control is in scope, then add findings, evidence, or an exclusion."
usdataprivacy,OPENNESS&TRANSPARENCYPRINCIPLE,usdataprivacy OPENNESS&TRANSPARENCYPRINCIPLE,US Data Privacy Privacy Privacy Principles,framework_catalog_only,none,no_mapping_or_evidence,0,0,0,0,0,"Decide whether this control is in scope, then add findings, evidence, or an exclusion."
usdataprivacy,OUTLIERORSTATESPECIFICREQUIREMENTSNOTCOMMONLYAGREEDUPON,usdataprivacy OUTLIERORSTATESPECIFICREQUIREMENTSNOTCOMMONLYAGREEDUPON,US Data Privacy Privacy Privacy Principles,framework_catalog_only,none,no_mapping_or_evidence,0,0,0,0,0,"Decide whether this control is in scope, then add findings, evidence, or an exclusion."
usdataprivacy,PURPOSESPECIFICATIONPRINCIPLE,usdataprivacy PURPOSESPECIFICATIONPRINCIPLE,US Data Privacy Privacy Privacy Principles,framework_catalog_only,none,no_mapping_or_evidence,0,0,0,0,0,"Decide whether this control is in scope, then add findings, evidence, or an exclusion."
usdataprivacy,SECURITYSAFEGUARDSPRINCIPLE,usdataprivacy SECURITYSAFEGUARDSPRINCIPLE,US Data Privacy Privacy Privacy Principles,framework_catalog_only,none,no_mapping_or_evidence,0,0,0,0,0,"Decide whether this control is in scope, then add findings, evidence, or an exclusion."
usdataprivacy,USELIMITATIONPRINCIPLE,usdataprivacy USELIMITATIONPRINCIPLE,US Data Privacy Privacy Privacy Principles,framework_catalog_only,none,no_mapping_or_evidence,0,0,0,0,0,"Decide whether this control is in scope, then add findings, evidence, or an exclusion."
