framework,control_id,control_ref,control_family,direct_finding_count,source_backed_finding_count,source_matched_finding_count,source_capability_refs,review_area_refs,outbound_relationship_refs,inbound_relationship_refs,enrichment_status,sample_direct_finding_ids,sample_source_backed_finding_ids
ccpa,1798.100,ccpa 1798.100,CCPA 1798 Consumer Privacy Rights,1,0,0,,,,,direct_control_only,compliance-data-inventory-maintained,
ccpa,1798.105,ccpa 1798.105,CCPA 1798 Consumer Privacy Rights,1,0,0,,,,,direct_control_only,ai-data-retention-reviewed,
ccpa,1798.106,ccpa 1798.106,CCPA 1798 Consumer Privacy Rights,0,0,0,,,,,framework_catalog_only,,
ccpa,1798.110,ccpa 1798.110,CCPA 1798 Consumer Privacy Rights,0,0,0,,,,,framework_catalog_only,,
ccpa,1798.115,ccpa 1798.115,CCPA 1798 Consumer Privacy Rights,0,0,0,,,,,framework_catalog_only,,
ccpa,1798.120,ccpa 1798.120,CCPA 1798 Consumer Privacy Rights,0,0,0,,,,,framework_catalog_only,,
ccpa,1798.121,ccpa 1798.121,CCPA 1798 Consumer Privacy Rights,0,0,0,,,,,framework_catalog_only,,
ccpa,1798.125,ccpa 1798.125,CCPA 1798 Consumer Privacy Rights,0,0,0,,,,,framework_catalog_only,,
ccpa,1798.130,ccpa 1798.130,CCPA 1798 Consumer Privacy Rights,1,0,0,,,,,direct_control_only,compliance-data-inventory-maintained,
ccpa,1798.135,ccpa 1798.135,CCPA 1798 Consumer Privacy Rights,0,0,0,,,,,framework_catalog_only,,
ccpa,1798.150,ccpa 1798.150,CCPA 1798 Consumer Privacy Rights,1,0,0,,,,,direct_control_only,compliance-ir-gdpr-addendum,
cerebroaigovernance,AI-1,cerebroaigovernance AI-1,Cerebro AI Governance AI AI Governance Controls,0,0,0,,,,,framework_catalog_only,,
cerebroaigovernance,AI-2,cerebroaigovernance AI-2,Cerebro AI Governance AI AI Governance Controls,0,0,0,,,,,framework_catalog_only,,
cerebroaigovernance,AI-3,cerebroaigovernance AI-3,Cerebro AI Governance AI AI Governance Controls,1,0,0,,,,,direct_control_only,ml-model-untrusted-source,
cerebroaigovernance,AI-4,cerebroaigovernance AI-4,Cerebro AI Governance AI AI Governance Controls,1,0,0,,,,,direct_control_only,aws-bedrock-model-no-guardrails,
cerebroaigovernance,AI-5,cerebroaigovernance AI-5,Cerebro AI Governance AI AI Governance Controls,1,0,0,,,,,direct_control_only,aws-bedrock-model-no-guardrails,
cerebrofinancialcontrols,FIN-1,cerebrofinancialcontrols FIN-1,Cerebro Financial Controls FIN Financial Controls,1,0,0,,,,,direct_control_only,same-user-approve-execute,
cerebrofinancialcontrols,FIN-2,cerebrofinancialcontrols FIN-2,Cerebro Financial Controls FIN Financial Controls,1,0,0,,,,,direct_control_only,contract-billing-mismatch,
cerebrofinancialcontrols,FIN-3,cerebrofinancialcontrols FIN-3,Cerebro Financial Controls FIN Financial Controls,2,0,0,,,,,direct_control_only,hubspot-excessive-discount; stripe-large-refund,
cerebrooperationalresilience,OPS-1,cerebrooperationalresilience OPS-1,Cerebro Operational Resilience OPS Operational Resilience Controls,0,0,0,,,,,framework_catalog_only,,
cerebrooperationalresilience,OPS-2,cerebrooperationalresilience OPS-2,Cerebro Operational Resilience OPS Operational Resilience Controls,7,0,0,,,,,direct_control_only,k8s-deployment-multiple-replicas; k8s-pod-liveness-probe-required; k8s-pod-readiness-probe-required; k8s-pod-resource-limits; resolution-time-breach; uptime-breach-enterprise; zendesk-sla-breach,
cerebrooperationalresilience,OPS-3,cerebrooperationalresilience OPS-3,Cerebro Operational Resilience OPS Operational Resilience Controls,0,0,0,,,,,framework_catalog_only,,
cerebroorganizationalresilience,ORG-1,cerebroorganizationalresilience ORG-1,Cerebro Organizational Resilience ORG Organizational Resilience Controls,3,0,0,,,,,direct_control_only,org-bottleneck-critical; org-bus-factor-critical; org-tenure-risk,
cerebroorganizationalresilience,ORG-2,cerebroorganizationalresilience ORG-2,Cerebro Organizational Resilience ORG Organizational Resilience Controls,4,0,0,,,,,direct_control_only,org-customer-relationship-health-low; org-customer-topology-churn-risk; org-customer-touchpoints-low; org-relationship-decay-customer,
cerebroorganizationalresilience,ORG-3,cerebroorganizationalresilience ORG-3,Cerebro Organizational Resilience ORG Organizational Resilience Controls,2,0,0,,,,,direct_control_only,org-bottleneck-critical; org-silo-shared-dependency,
cerebroorganizationalresilience,ORG-4,cerebroorganizationalresilience ORG-4,Cerebro Organizational Resilience ORG Organizational Resilience Controls,2,0,0,,,,,direct_control_only,org-bus-factor-critical; org-tenure-risk,
cerebrorevenueoperations,REV-1,cerebrorevenueoperations REV-1,Cerebro Revenue Operations REV Revenue Operations Controls,3,0,0,,,,,direct_control_only,hubspot-no-next-step; hubspot-stale-deal; sf-stale-enterprise-opp,
cerebrorevenueoperations,REV-2,cerebrorevenueoperations REV-2,Cerebro Revenue Operations REV Revenue Operations Controls,1,0,0,,,,,direct_control_only,hubspot-excessive-discount,
cerebrorevenueoperations,REV-3,cerebrorevenueoperations REV-3,Cerebro Revenue Operations REV Revenue Operations Controls,1,0,0,,,,,direct_control_only,stripe-trial-no-payment-method,
cerebrorevenueoperations,REV-4,cerebrorevenueoperations REV-4,Cerebro Revenue Operations REV Revenue Operations Controls,1,0,0,,,,,direct_control_only,stripe-payment-failure-streak,
cerebrorevenueoperations,REV-5,cerebrorevenueoperations REV-5,Cerebro Revenue Operations REV Revenue Operations Controls,6,0,0,,,,,direct_control_only,hubspot-stale-deal; org-customer-relationship-health-low; org-customer-topology-churn-risk; org-relationship-decay-customer; sf-stale-enterprise-opp; stripe-payment-failure-streak,
cerebrorevenueoperations,REV-6,cerebrorevenueoperations REV-6,Cerebro Revenue Operations REV Revenue Operations Controls,1,0,0,,,,,direct_control_only,sf-close-date-slip,
cisa,1.1,cisa 1.1,CISA CISA CISA Requirements,0,0,0,,,,,framework_catalog_only,,
cisawsfoundationsbenchmarkv20,1.10,cisawsfoundationsbenchmarkv20 1.10,CIS AWS Foundations Benchmark v2.0 1 Identity and Access Management,1,0,0,,,,,direct_control_only,aws-iam-password-policy,
cisawsfoundationsbenchmarkv20,1.12,cisawsfoundationsbenchmarkv20 1.12,CIS AWS Foundations Benchmark v2.0 1 Identity and Access Management,2,0,0,,,,,direct_control_only,aws-iam-user-console-inactive; aws-iam-user-unused-credentials,
cisawsfoundationsbenchmarkv20,1.13,cisawsfoundationsbenchmarkv20 1.13,CIS AWS Foundations Benchmark v2.0 1 Identity and Access Management,1,0,0,,,,,direct_control_only,aws-iam-single-access-key,
cisawsfoundationsbenchmarkv20,1.14,cisawsfoundationsbenchmarkv20 1.14,CIS AWS Foundations Benchmark v2.0 1 Identity and Access Management,1,0,0,,,,,direct_control_only,aws-iam-access-key-rotation,
cisawsfoundationsbenchmarkv20,1.15,cisawsfoundationsbenchmarkv20 1.15,CIS AWS Foundations Benchmark v2.0 1 Identity and Access Management,2,0,0,,,,,direct_control_only,aws-iam-no-policies-attached-user; aws-iam-users-via-groups,
cisawsfoundationsbenchmarkv20,1.16,cisawsfoundationsbenchmarkv20 1.16,CIS AWS Foundations Benchmark v2.0 1 Identity and Access Management,2,0,0,,,,,direct_control_only,aws-ec2-iam-instance-profile; aws-iam-policy-no-admin-star,
cisawsfoundationsbenchmarkv20,1.19,cisawsfoundationsbenchmarkv20 1.19,CIS AWS Foundations Benchmark v2.0 1 Identity and Access Management,1,0,0,,,,,direct_control_only,aws-iam-expired-certificates,
cisawsfoundationsbenchmarkv20,1.20,cisawsfoundationsbenchmarkv20 1.20,CIS AWS Foundations Benchmark v2.0 1 Identity and Access Management,1,0,0,,,,,direct_control_only,aws-iam-support-role,
cisawsfoundationsbenchmarkv20,1.21,cisawsfoundationsbenchmarkv20 1.21,CIS AWS Foundations Benchmark v2.0 1 Identity and Access Management,1,0,0,,,,,direct_control_only,aws-iam-access-analyzer-enabled,
cisawsfoundationsbenchmarkv20,1.4,cisawsfoundationsbenchmarkv20 1.4,CIS AWS Foundations Benchmark v2.0 1 Identity and Access Management,2,0,0,,,,,direct_control_only,aws-iam-root-no-access-keys; aws-iam-user-mfa-enabled,
cisawsfoundationsbenchmarkv20,1.5,cisawsfoundationsbenchmarkv20 1.5,CIS AWS Foundations Benchmark v2.0 1 Identity and Access Management,1,0,0,,,,,direct_control_only,aws-iam-root-mfa-enabled,
cisawsfoundationsbenchmarkv20,1.8,cisawsfoundationsbenchmarkv20 1.8,CIS AWS Foundations Benchmark v2.0 1 Identity and Access Management,2,0,0,,,,,direct_control_only,aws-iam-password-policy; aws-password-policy-minimum-length,
cisawsfoundationsbenchmarkv20,1.9,cisawsfoundationsbenchmarkv20 1.9,CIS AWS Foundations Benchmark v2.0 1 Identity and Access Management,2,0,0,,,,,direct_control_only,aws-iam-password-policy; aws-password-policy-no-reuse,
cisawsfoundationsbenchmarkv20,2.1.1,cisawsfoundationsbenchmarkv20 2.1.1,CIS AWS Foundations Benchmark v2.0 2 Storage,1,0,0,,,,,direct_control_only,aws-s3-bucket-encryption-enabled,
cisawsfoundationsbenchmarkv20,2.1.2,cisawsfoundationsbenchmarkv20 2.1.2,CIS AWS Foundations Benchmark v2.0 2 Storage,2,0,0,,,,,direct_control_only,aws-s3-bucket-ssl-only; aws-s3-https-only,
cisawsfoundationsbenchmarkv20,2.1.5,cisawsfoundationsbenchmarkv20 2.1.5,CIS AWS Foundations Benchmark v2.0 2 Storage,2,0,0,,,,,direct_control_only,aws-s3-bucket-no-public-access; aws-s3-bucket-policy-public,
cisawsfoundationsbenchmarkv20,2.2.1,cisawsfoundationsbenchmarkv20 2.2.1,CIS AWS Foundations Benchmark v2.0 2 Storage,2,0,0,,,,,direct_control_only,aws-ebs-encryption-default; aws-ec2-ebs-volume-encrypted,
cisawsfoundationsbenchmarkv20,2.3.1,cisawsfoundationsbenchmarkv20 2.3.1,CIS AWS Foundations Benchmark v2.0 2 Storage,2,0,0,,,,,direct_control_only,aws-rds-encryption-enabled; aws-redshift-public,
cisawsfoundationsbenchmarkv20,2.3.2,cisawsfoundationsbenchmarkv20 2.3.2,CIS AWS Foundations Benchmark v2.0 2 Storage,1,0,0,,,,,direct_control_only,aws-redshift-no-encryption,
cisawsfoundationsbenchmarkv20,2.3.3,cisawsfoundationsbenchmarkv20 2.3.3,CIS AWS Foundations Benchmark v2.0 2 Storage,1,0,0,,,,,direct_control_only,aws-rds-no-public-access,
cisawsfoundationsbenchmarkv20,2.6,cisawsfoundationsbenchmarkv20 2.6,CIS AWS Foundations Benchmark v2.0 2 Storage,1,0,0,,,,,direct_control_only,aws-apigateway-public,
cisawsfoundationsbenchmarkv20,3.1,cisawsfoundationsbenchmarkv20 3.1,CIS AWS Foundations Benchmark v2.0 3 Logging,1,0,0,,,,,direct_control_only,aws-cloudtrail-enabled,
cisawsfoundationsbenchmarkv20,3.10,cisawsfoundationsbenchmarkv20 3.10,CIS AWS Foundations Benchmark v2.0 3 Logging,1,0,0,,,,,direct_control_only,aws-cloudtrail-s3-data-events,
cisawsfoundationsbenchmarkv20,3.11,cisawsfoundationsbenchmarkv20 3.11,CIS AWS Foundations Benchmark v2.0 3 Logging,1,0,0,,,,,direct_control_only,aws-cloudtrail-s3-data-events,
cisawsfoundationsbenchmarkv20,3.2,cisawsfoundationsbenchmarkv20 3.2,CIS AWS Foundations Benchmark v2.0 3 Logging,1,0,0,,,,,direct_control_only,aws-cloudtrail-log-integrity,
cisawsfoundationsbenchmarkv20,3.5,cisawsfoundationsbenchmarkv20 3.5,CIS AWS Foundations Benchmark v2.0 3 Logging,1,0,0,,,,,direct_control_only,aws-config-enabled-all-regions,
cisawsfoundationsbenchmarkv20,3.6,cisawsfoundationsbenchmarkv20 3.6,CIS AWS Foundations Benchmark v2.0 3 Logging,1,0,0,,,,,direct_control_only,aws-s3-bucket-logging-enabled,
cisawsfoundationsbenchmarkv20,3.7,cisawsfoundationsbenchmarkv20 3.7,CIS AWS Foundations Benchmark v2.0 3 Logging,1,0,0,,,,,direct_control_only,aws-cloudtrail-kms-encryption,
cisawsfoundationsbenchmarkv20,3.8,cisawsfoundationsbenchmarkv20 3.8,CIS AWS Foundations Benchmark v2.0 3 Logging,1,0,0,,,,,direct_control_only,aws-kms-key-rotation-enabled,
cisawsfoundationsbenchmarkv20,3.9,cisawsfoundationsbenchmarkv20 3.9,CIS AWS Foundations Benchmark v2.0 3 Logging,1,0,0,,,,,direct_control_only,aws-vpc-flow-logs-enabled,
cisawsfoundationsbenchmarkv20,4.1,cisawsfoundationsbenchmarkv20 4.1,CIS AWS Foundations Benchmark v2.0 4 Monitoring,1,0,0,,,,,direct_control_only,aws-cloudwatch-alarm-missing,
cisawsfoundationsbenchmarkv20,4.15,cisawsfoundationsbenchmarkv20 4.15,CIS AWS Foundations Benchmark v2.0 4 Monitoring,1,0,0,,,,,direct_control_only,aws-guardduty-disabled,
cisawsfoundationsbenchmarkv20,4.16,cisawsfoundationsbenchmarkv20 4.16,CIS AWS Foundations Benchmark v2.0 4 Monitoring,1,0,0,,,,,direct_control_only,aws-security-hub-enabled,
cisawsfoundationsbenchmarkv20,5.1,cisawsfoundationsbenchmarkv20 5.1,CIS AWS Foundations Benchmark v2.0 5 Networking,1,0,0,,,,,direct_control_only,aws-nacl-admin-ports-restricted,
cisawsfoundationsbenchmarkv20,5.2,cisawsfoundationsbenchmarkv20 5.2,CIS AWS Foundations Benchmark v2.0 5 Networking,4,0,0,,,,,direct_control_only,aws-ec2-public-ip-ssh; aws-ec2-public-ports-restricted; aws-ecs-ssh-denied; aws-security-group-restrict-ssh,
cisawsfoundationsbenchmarkv20,5.3,cisawsfoundationsbenchmarkv20 5.3,CIS AWS Foundations Benchmark v2.0 5 Networking,3,0,0,,,,,direct_control_only,aws-ec2-public-ip-rdp; aws-ec2-public-ports-restricted; aws-security-group-restrict-rdp,
cisawsfoundationsbenchmarkv20,5.4,cisawsfoundationsbenchmarkv20 5.4,CIS AWS Foundations Benchmark v2.0 5 Networking,2,0,0,,,,,direct_control_only,aws-default-sg-no-rules; aws-ec2-sg-no-all-traffic-ingress,
cisawsfoundationsbenchmarkv20,5.6,cisawsfoundationsbenchmarkv20 5.6,CIS AWS Foundations Benchmark v2.0 5 Networking,1,0,0,,,,,direct_control_only,aws-ec2-imdsv2-required,
cisbenchmarks,1.1,cisbenchmarks 1.1,CIS Benchmarks 1 Identity and Access Management,0,0,0,,,,,framework_catalog_only,,
cisbenchmarks,4.4,cisbenchmarks 4.4,CIS Benchmarks 4 Compute Hardening,1,0,0,,,,,direct_control_only,gcp-compute-metadata-v1,
cisbenchmarks,4.8,cisbenchmarks 4.8,CIS Benchmarks 4 Compute Hardening,1,0,0,,,,,direct_control_only,gcp-compute-shielded-vm,
cisbenchmarks,5.1.1,cisbenchmarks 5.1.1,CIS Benchmarks 5 Kubernetes Access Control,1,0,0,,,,,direct_control_only,azure-aks-rbac-enabled,
ciscontrolsv8,1,ciscontrolsv8 1,CIS Controls v8 1 Inventory and Control of Enterprise Assets,6,2,2,,,,,direct_source_backed,endpoint-intune-noncompliant; endpoint-kandji-password-manager; endpoint-malware-detection; endpoint-mdm-enrolled; endpoint-password-manager; endpoint-sentinelone-active,endpoint-kandji-password-manager; endpoint-sentinelone-active
ciscontrolsv8,10,ciscontrolsv8 10,CIS Controls v8 10 Malware Defenses,7,0,0,,,,,direct_control_only,endpoint-intune-noncompliant; endpoint-kandji-password-manager; endpoint-malware-detection; endpoint-mdm-enrolled; endpoint-password-manager; endpoint-sentinelone-active; pci-antivirus-enabled,
ciscontrolsv8,10.1,ciscontrolsv8 10.1,CIS Controls v8 10 Malware Defenses,4,0,0,,,,,direct_control_only,endpoint-edr-installed; endpoint-kandji-edr-installed; sentinelone-command-control; sentinelone-malware,
ciscontrolsv8,10.2,ciscontrolsv8 10.2,CIS Controls v8 10 Malware Defenses,4,0,0,,,,,direct_control_only,endpoint-edr-installed; endpoint-kandji-edr-installed; sentinelone-command-control; sentinelone-malware,
ciscontrolsv8,10.7,ciscontrolsv8 10.7,CIS Controls v8 10 Malware Defenses,3,0,0,,,,,direct_control_only,endpoint-edr-reporting; sentinelone-command-control; sentinelone-malware,
ciscontrolsv8,11,ciscontrolsv8 11,CIS Controls v8 11 Data Recovery,15,0,0,,,,,direct_control_only,aws-dynamodb-pitr; aws-logs-retention-365; aws-rds-backup-enabled; aws-rds-deletion-protection; aws-s3-bucket-versioning-enabled; backup-encryption; backup-offsite; backup-retention; backup-rpo-compliance; backup-testing; cert-expiry-30-days; db-backup-enabled; db-multi-az; gcp-sql-backup-enabled; pci-audit-retention,
ciscontrolsv8,12,ciscontrolsv8 12,CIS Controls v8 12 Network Infrastructure Management,132,0,0,,,,,direct_control_only,aws-api-gateway-no-authorization; aws-bedrock-custom-model-public; aws-codebuild-public-trigger; aws-ec2-ami-not-public; aws-ec2-ebs-snapshot-not-public; aws-ec2-internet-facing-iam; aws-ec2-public-ip-rdp; aws-ec2-public-ip-ssh; aws-ec2-public-ports-restricted; aws-ec2-sg-no-all-traffic-ingress; aws-ecr-public-repository; aws-ecs-secrets-in-env-vars; aws-eks-public-endpoint-disabled; aws-elasticache-public; aws-elb-internet-facing-no-waf; aws-elb-target-public-subnet; aws-lambda-in-vpc; aws-lambda-not-publicly-accessible; aws-lambda-secrets-in-env-vars; aws-opensearch-public; aws-rds-no-public-access; aws-rds-public-snapshot; aws-redshift-public; aws-s3-bucket-cleartext-key; aws-s3-bucket-no-public-access; ... 107 more,
ciscontrolsv8,13,ciscontrolsv8 13,CIS Controls v8 13 Network Monitoring and Defense,128,9,9,,,,,direct_source_backed,aws-api-gateway-no-authorization; aws-bedrock-custom-model-public; aws-codebuild-public-trigger; aws-ec2-ami-not-public; aws-ec2-ebs-snapshot-not-public; aws-ec2-internet-facing-iam; aws-ec2-public-ip-rdp; aws-ec2-public-ip-ssh; aws-ec2-public-ports-restricted; aws-ec2-sg-no-all-traffic-ingress; aws-ecr-public-repository; aws-ecs-secrets-in-env-vars; aws-eks-public-endpoint-disabled; aws-elasticache-public; aws-elb-internet-facing-no-waf; aws-elb-target-public-subnet; aws-lambda-in-vpc; aws-lambda-not-publicly-accessible; aws-lambda-secrets-in-env-vars; aws-opensearch-public; aws-rds-no-public-access; aws-rds-public-snapshot; aws-redshift-public; aws-s3-bucket-cleartext-key; aws-s3-bucket-no-public-access; ... 103 more,aws-bedrock-custom-model-public; aws-ec2-public-ports-restricted; aws-ec2-sg-no-all-traffic-ingress; aws-eks-public-endpoint-disabled; aws-s3-bucket-cleartext-key; aws-s3-bucket-no-public-access; aws-s3-bucket-policy-public; aws-s3-public-write; aws-sagemaker-model-artifact-public
ciscontrolsv8,14,ciscontrolsv8 14,CIS Controls v8 14 Security Awareness and Skills Training,1,0,0,,,,,direct_control_only,compliance-security-training,
ciscontrolsv8,15,ciscontrolsv8 15,CIS Controls v8 15 Service Provider Management,0,0,0,,,,,framework_catalog_only,,
ciscontrolsv8,16,ciscontrolsv8 16,CIS Controls v8 16 Application Software Security,10,2,2,,,,,direct_source_backed,aws-ecr-immutable-tags; container-cleartext-cloud-keys; exposed-saas-api-token; github-automated-checks; github-branch-protection-admin; gitlab-runner-unprotected-tags; k8s-pod-image-pinned-by-digest; k8s-pod-image-tag-not-latest; ml-model-untrusted-source; vm-cleartext-cloud-keys,github-automated-checks; github-branch-protection-admin
ciscontrolsv8,17,ciscontrolsv8 17,CIS Controls v8 17 Incident Response Management,0,0,0,,,,,framework_catalog_only,,
ciscontrolsv8,18,ciscontrolsv8 18,CIS Controls v8 18 Penetration Testing,0,0,0,,,,,framework_catalog_only,,
ciscontrolsv8,2,ciscontrolsv8 2,CIS Controls v8 2 Inventory and Control of Software Assets,7,3,3,,,,,direct_source_backed,aws-ecr-immutable-tags; github-automated-checks; github-branch-protection-admin; gitlab-runner-unprotected-tags; k8s-pod-image-pinned-by-digest; k8s-pod-image-tag-not-latest; ml-model-untrusted-source,aws-ecr-immutable-tags; github-automated-checks; github-branch-protection-admin
ciscontrolsv8,3,ciscontrolsv8 3,CIS Controls v8 3 Data Protection,50,4,4,,,,,direct_source_backed,aws-alb-http-to-https; aws-cloudfront-http; aws-cloudwatch-log-group-encrypted; aws-dynamodb-encryption; aws-ebs-encryption-default; aws-ec2-ebs-volume-encrypted; aws-eks-secrets-encryption; aws-elb-certificate-expiry; aws-elb-https-only; aws-elb-tls-version; aws-kms-key-rotation-enabled; aws-rds-encryption-enabled; aws-redshift-no-encryption; aws-s3-bucket-encryption-enabled; aws-s3-bucket-ssl-only; aws-sagemaker-endpoint-no-encryption; aws-sagemaker-training-unencrypted; aws-sns-topic-encrypted; aws-sqs-queue-encrypted; azure-appservice-https; azure-postgresql-ssl; azure-sql-transparent-data-encryption; azure-storage-https-only; azure-storage-minimum-tls-1-2; azure-vm-disk-encryption; ... 25 more,aws-dynamodb-encryption; aws-kms-key-rotation-enabled; aws-s3-bucket-encryption-enabled; aws-s3-bucket-ssl-only
ciscontrolsv8,3.6,ciscontrolsv8 3.6,CIS Controls v8 3 Data Protection,4,0,0,,,,,direct_control_only,endpoint-disk-encryption; endpoint-intune-disk-encryption; endpoint-jamf-disk-encryption; endpoint-kandji-disk-encryption,
ciscontrolsv8,4,ciscontrolsv8 4,CIS Controls v8 4 Secure Configuration of Enterprise Assets and Software,75,48,48,,,,,direct_source_backed,aws-access-analyzer-unused-access-finding; aws-account-alternate-contact-security; aws-account-security-contact-configured; aws-backup-vault-encrypted; aws-backup-vault-locked; aws-cloudformation-stack-drift-detected; aws-cloudformation-stack-termination-protection; aws-cloudfront-origin-access-control-required; aws-cloudfront-response-headers-policy-security; aws-cloudfront-waf-enabled; aws-ecs-service-public-ip-disabled; aws-ecs-task-definition-no-privileged; aws-ecs-task-definition-nonroot-user; aws-ecs-task-definition-readonly-root; aws-efs-backup-enabled; aws-efs-encrypted; aws-eventbridge-rule-cross-account-target; aws-kms-key-deletion-scheduled; aws-kms-key-policy-public; aws-organizations-policy-detached; aws-organizations-scp-root-guardrail; aws-route53-resolver-query-logging; aws-secretsmanager-secret-replicated-critical; aws-ssm-document-public; azure-activity-log-alert-policy-missing; ... 50 more,aws-access-analyzer-unused-access-finding; aws-backup-vault-encrypted; aws-backup-vault-locked; aws-cloudfront-origin-access-control-required; aws-cloudfront-response-headers-policy-security; aws-cloudfront-waf-enabled; aws-ecs-service-public-ip-disabled; aws-ecs-task-definition-no-privileged; aws-ecs-task-definition-nonroot-user; aws-ecs-task-definition-readonly-root; aws-efs-backup-enabled; aws-efs-encrypted; aws-eventbridge-rule-cross-account-target; aws-organizations-policy-detached; aws-organizations-scp-root-guardrail; aws-route53-resolver-query-logging; aws-ssm-document-public; azure-activity-log-alert-policy-missing; azure-activity-log-export-missing; azure-defender-for-cloud-standard-missing; azure-entra-break-glass-account-missing; azure-keyvault-secret-expiry-missing; azure-security-contact-missing; azure-service-principal-owner-missing; azure-service-principal-secret-no-expiry; ... 23 more
ciscontrolsv8,4.3,ciscontrolsv8 4.3,CIS Controls v8 4 Secure Configuration of Enterprise Assets and Software,2,0,0,,,,,direct_control_only,endpoint-jamf-screenlock; endpoint-screenlock-configured,
ciscontrolsv8,5,ciscontrolsv8 5,CIS Controls v8 5 Account Management,211,21,21,,,,,direct_source_backed,account-lateral-dormant; admin-inactive-keys; admin-keys-unrotated; admin-keys-year-unrotated; ai-agent-lambda-data-access; ai-model-excessive-agency; ai-model-third-party-access; aws-apigateway-public; aws-bedrock-custom-model-public; aws-codebuild-privileged-mode; aws-codebuild-public-logs; aws-ec2-ami-not-public; aws-ec2-ebs-snapshot-not-public; aws-ec2-instance-profile-attached; aws-ec2-internet-facing-iam; aws-ecr-public-repository; aws-eks-public-endpoint-disabled; aws-iam-access-key-rotation; aws-iam-no-full-admin; aws-iam-no-policies-attached-user; aws-iam-password-policy; aws-iam-policy-no-admin-star; aws-iam-role-confused-deputy-prevention; aws-iam-role-cross-account-admin; aws-iam-role-trust-any-principal; ... 186 more,aws-codebuild-privileged-mode; aws-codebuild-public-logs; aws-ec2-instance-profile-attached; aws-iam-access-key-rotation; aws-iam-no-full-admin; aws-iam-password-policy; aws-iam-policy-no-admin-star; aws-iam-role-confused-deputy-prevention; aws-iam-role-trust-any-principal; aws-iam-role-wildcard-trust; aws-iam-root-no-access-keys; aws-iam-service-account-open-assume; aws-iam-user-console-inactive; aws-iam-user-mfa-enabled; aws-iam-user-multiple-access-keys; aws-iam-user-unused-credentials; aws-rds-iam-authentication; aws-secretsmanager-secret-used; github-oidc-overly-permissive; iam-unknown-account-trusted; okta-admin-dormant
ciscontrolsv8,5.3,ciscontrolsv8 5.3,CIS Controls v8 5 Account Management,1,0,0,,,,,direct_control_only,identity-stale-accounts-disabled,
ciscontrolsv8,6,ciscontrolsv8 6,CIS Controls v8 6 Access Control Management,307,24,24,,,,,direct_source_backed,account-lateral-dormant; admin-inactive-keys; admin-keys-unrotated; admin-keys-year-unrotated; ai-agent-lambda-data-access; ai-model-excessive-agency; ai-model-third-party-access; aws-access-analyzer-unused-access-finding; aws-account-alternate-contact-security; aws-account-security-contact-configured; aws-alb-no-authentication; aws-api-gateway-no-authorization; aws-apigateway-public; aws-appsync-no-authorization; aws-backup-vault-encrypted; aws-backup-vault-locked; aws-bedrock-custom-model-public; aws-cloudformation-stack-drift-detected; aws-cloudformation-stack-termination-protection; aws-cloudfront-origin-access-control-required; aws-cloudfront-response-headers-policy-security; aws-cloudfront-waf-enabled; aws-codebuild-privileged-mode; aws-codebuild-public-logs; aws-ec2-ami-not-public; ... 282 more,aws-access-analyzer-unused-access-finding; aws-codebuild-privileged-mode; aws-codebuild-public-logs; aws-ec2-instance-profile-attached; aws-iam-access-key-rotation; aws-iam-no-full-admin; aws-iam-password-policy; aws-iam-policy-no-admin-star; aws-iam-role-confused-deputy-prevention; aws-iam-role-trust-any-principal; aws-iam-role-wildcard-trust; aws-iam-root-no-access-keys; aws-iam-service-account-open-assume; aws-iam-user-console-inactive; aws-iam-user-mfa-enabled; aws-iam-user-multiple-access-keys; aws-iam-user-unused-credentials; aws-rds-iam-authentication; aws-secretsmanager-secret-replicated-critical; aws-secretsmanager-secret-used; github-oidc-overly-permissive; iam-unknown-account-trusted; okta-admin-dormant; okta-user-mfa-disabled
ciscontrolsv8,6.3,ciscontrolsv8 6.3,CIS Controls v8 6 Access Control Management,1,0,0,,,,,direct_control_only,identity-saas-mfa-enforced,
ciscontrolsv8,6.4,ciscontrolsv8 6.4,CIS Controls v8 6 Access Control Management,1,0,0,,,,,direct_control_only,identity-saas-mfa-enforced,
ciscontrolsv8,7,ciscontrolsv8 7,CIS Controls v8 7 Continuous Vulnerability Management,58,3,3,,,,,direct_source_backed,aws-ecr-immutable-tags; aws-ecr-scan-on-push; aws-lambda-runtime-supported; azure-vm-approved-extensions-only; cisa-kev-vulnerability-present; container-eol-writable; container-image-scan; container-openssl-vuln; cve-2021-45046; cve-2021-45105; cve-2023-20867; cve-2023-4863; cve-2024-21626; cve-2024-6387; dirty-pipe-privileged; gcp-container-vuln-critical; gcp-container-vuln-high; gcr-unscanned; github-automated-checks; github-branch-protection-admin; github-code-scanning-critical; github-dependabot-critical-alert; github-dependabot-high-alert; github-vuln-medium; gitlab-runner-unprotected-tags; ... 33 more,github-dependabot-critical-alert; github-dependabot-high-alert; github-vuln-medium
ciscontrolsv8,8,ciscontrolsv8 8,CIS Controls v8 8 Audit Log Management,109,34,34,,,,,direct_source_backed,aws-access-analyzer-unused-access-finding; aws-account-alternate-contact-security; aws-account-security-contact-configured; aws-backup-vault-encrypted; aws-backup-vault-locked; aws-cloudformation-stack-drift-detected; aws-cloudformation-stack-termination-protection; aws-cloudfront-origin-access-control-required; aws-cloudfront-response-headers-policy-security; aws-cloudfront-waf-enabled; aws-cloudtrail-enabled; aws-cloudwatch-alarm-missing; aws-cloudwatch-log-group-encrypted; aws-cloudwatch-log-group-retention; aws-codebuild-public-logs; aws-config-enabled-all-regions; aws-ec2-detailed-monitoring-enabled; aws-ecs-service-public-ip-disabled; aws-ecs-task-definition-no-privileged; aws-ecs-task-definition-nonroot-user; aws-ecs-task-definition-readonly-root; aws-efs-backup-enabled; aws-efs-encrypted; aws-eks-control-plane-logging; aws-eventbridge-rule-cross-account-target; ... 84 more,aws-cloudtrail-enabled; aws-cloudwatch-alarm-missing; aws-guardduty-c2-traffic; aws-guardduty-crypto-mining; aws-guardduty-malware-finding; azure-activity-log-alert-policy-missing; azure-activity-log-export-missing; gcp-audit-logging-enabled; gcp-bigquery-dataset-no-default-cmek; gcp-bigquery-table-public; gcp-cloudrun-ingress-all; gcp-cloudrun-service-account-default; gcp-gke-binary-authorization-disabled; gcp-gke-master-authorized-networks-disabled; gcp-gke-workload-identity-disabled; gcp-kms-key-rotation-period-too-long; gcp-log-sink-access; gcp-logging-disabled; gcp-logging-sink-missing-security; gcp-organization-policy-disable-service-account-key-creation; gcp-organization-policy-restrict-public-ip-cloudsql; gcp-organization-policy-restrict-vm-external-ip; gcp-organization-policy-uniform-bucket-level-access; gcp-project-audit-logs-data-access; gcp-project-essential-contacts-security; ... 9 more
ciscontrolsv8,9,ciscontrolsv8 9,CIS Controls v8 9 Email and Web Browser Protections,0,0,0,,,,,framework_catalog_only,,
ciseksbenchmarkv13,5.4.1,ciseksbenchmarkv13 5.4.1,CIS EKS Benchmark v1.3 5 Policies,1,0,0,,,,,direct_control_only,aws-eks-private-endpoint,
cisgithubbenchmark,1.1.3,cisgithubbenchmark 1.1.3,CIS GitHub Benchmark 1 1 Controls,2,0,0,,,,,direct_control_only,github-public-repo-branch-protection; github-repo-branch-protection,
cisgithubbenchmark,1.3.1,cisgithubbenchmark 1.3.1,CIS GitHub Benchmark 1 1 Controls,1,0,0,,,,,direct_control_only,github-org-2fa-disabled,
cisgkebenchmarkv14,5.1.1,cisgkebenchmarkv14 5.1.1,CIS GKE Benchmark v1.4 5 Policies,1,0,0,,,,,direct_control_only,gcp-gke-no-alpha-clusters,
cisgkebenchmarkv14,5.2.1,cisgkebenchmarkv14 5.2.1,CIS GKE Benchmark v1.4 5 Policies,1,0,0,,,,,direct_control_only,gcp-gke-metadata-server,
cisgkebenchmarkv14,5.3.1,cisgkebenchmarkv14 5.3.1,CIS GKE Benchmark v1.4 5 Policies,1,0,0,,,,,direct_control_only,gcp-gke-secrets-kms-encryption,
cisgkebenchmarkv14,5.5.1,cisgkebenchmarkv14 5.5.1,CIS GKE Benchmark v1.4 5 Policies,1,0,0,,,,,direct_control_only,gcp-gke-shielded-nodes,
cisgkebenchmarkv14,5.5.2,cisgkebenchmarkv14 5.5.2,CIS GKE Benchmark v1.4 5 Policies,1,0,0,,,,,direct_control_only,gcp-gke-auto-repair,
cisgkebenchmarkv14,5.5.3,cisgkebenchmarkv14 5.5.3,CIS GKE Benchmark v1.4 5 Policies,1,0,0,,,,,direct_control_only,gcp-gke-auto-upgrade,
cisgkebenchmarkv14,5.5.4,cisgkebenchmarkv14 5.5.4,CIS GKE Benchmark v1.4 5 Policies,1,0,0,,,,,direct_control_only,gcp-gke-cos-containerd,
cisgkebenchmarkv14,5.6.1,cisgkebenchmarkv14 5.6.1,CIS GKE Benchmark v1.4 5 Policies,1,0,0,,,,,direct_control_only,gcp-gke-dashboard-disabled,
cisgkebenchmarkv14,5.6.3,cisgkebenchmarkv14 5.6.3,CIS GKE Benchmark v1.4 5 Policies,1,0,0,,,,,direct_control_only,gcp-gke-network-policy-enabled,
cisgoogleworkspacebenchmark,1.1,cisgoogleworkspacebenchmark 1.1,CIS Google Workspace Benchmark 1 1 Controls,1,0,0,,,,,direct_control_only,identity-google-workspace-mfa,
ciskubernetesbenchmark,5.1.1,ciskubernetesbenchmark 5.1.1,CIS Kubernetes Benchmark 5 Policies,28,0,0,,,,,direct_control_only,gke-cluster-admin; k8s-admission-controller-policy-missing; k8s-audit-logging-disabled; k8s-etcd-encryption-disabled; k8s-image-pull-policy-always-missing-for-latest; k8s-ingress-tls-missing; k8s-mutating-webhook-failure-policy-ignore; k8s-namespace-pss-audit-missing; k8s-namespace-pss-enforce-not-restricted; k8s-namespace-pss-warn-missing; k8s-network-policy-egress-default-deny-missing; k8s-pod-apparmor-unconfined; k8s-pod-automount-service-account-token; k8s-pod-capability-net-raw; k8s-pod-hostpath-sensitive-path; k8s-pod-proc-mount-unmasked; k8s-pod-sysctls-unsafe; k8s-rbac-cluster-admin-used; k8s-rbac-high-risk-binding; k8s-rbac-medium-risk-binding; k8s-rbac-pod-create-privileges; k8s-rbac-secret-read-access; k8s-rbac-wildcard-permissions-assigned; k8s-role-wildcard-permissions; k8s-secret-not-externalized; ... 3 more,
ciskubernetesbenchmark,5.1.3,ciskubernetesbenchmark 5.1.3,CIS Kubernetes Benchmark 5 Policies,9,0,0,,,,,direct_control_only,gke-cluster-admin; k8s-cluster-admin-wildcard; k8s-rbac-cluster-admin-used; k8s-rbac-high-risk-binding; k8s-rbac-medium-risk-binding; k8s-rbac-pod-create-privileges; k8s-rbac-secret-read-access; k8s-rbac-wildcard-permissions-assigned; k8s-role-wildcard-permissions,
ciskubernetesbenchmark,5.1.4,ciskubernetesbenchmark 5.1.4,CIS Kubernetes Benchmark 5 Policies,8,0,0,,,,,direct_control_only,gke-cluster-admin; k8s-rbac-cluster-admin-used; k8s-rbac-high-risk-binding; k8s-rbac-medium-risk-binding; k8s-rbac-pod-create-privileges; k8s-rbac-secret-read-access; k8s-rbac-wildcard-permissions-assigned; k8s-role-wildcard-permissions,
ciskubernetesbenchmark,5.1.6,ciskubernetesbenchmark 5.1.6,CIS Kubernetes Benchmark 5 Policies,1,0,0,,,,,direct_control_only,k8s-service-account-token-mount,
ciskubernetesbenchmark,5.2.1,ciskubernetesbenchmark 5.2.1,CIS Kubernetes Benchmark 5 Policies,26,0,0,,,,,direct_control_only,k8s-admission-controller-policy-missing; k8s-audit-logging-disabled; k8s-etcd-encryption-disabled; k8s-image-pull-policy-always-missing-for-latest; k8s-ingress-tls-missing; k8s-missing-pss; k8s-mutating-webhook-failure-policy-ignore; k8s-namespace-missing-pss-label; k8s-namespace-pss-audit-missing; k8s-namespace-pss-enforce-not-restricted; k8s-namespace-pss-warn-missing; k8s-network-policy-egress-default-deny-missing; k8s-pod-apparmor-unconfined; k8s-pod-automount-service-account-token; k8s-pod-capability-net-raw; k8s-pod-hostpath-sensitive-path; k8s-pod-no-hostpath-volumes; k8s-pod-no-privilege-escalation; k8s-pod-no-privileged; k8s-pod-proc-mount-unmasked; k8s-pod-seccomp-runtime-default; k8s-pod-sysctls-unsafe; k8s-secret-not-externalized; k8s-service-account-cluster-admin; k8s-validating-webhook-failure-policy-ignore; ... 1 more,
ciskubernetesbenchmark,5.2.2,ciskubernetesbenchmark 5.2.2,CIS Kubernetes Benchmark 5 Policies,6,0,0,,,,,direct_control_only,k8s-missing-pss; k8s-namespace-missing-pss-label; k8s-pod-no-host-pid; k8s-pod-no-hostpath-volumes; k8s-pod-no-privilege-escalation; k8s-pod-seccomp-runtime-default,
ciskubernetesbenchmark,5.2.3,ciskubernetesbenchmark 5.2.3,CIS Kubernetes Benchmark 5 Policies,5,0,0,,,,,direct_control_only,k8s-missing-pss; k8s-namespace-missing-pss-label; k8s-pod-no-hostpath-volumes; k8s-pod-no-privilege-escalation; k8s-pod-seccomp-runtime-default,
ciskubernetesbenchmark,5.2.4,ciskubernetesbenchmark 5.2.4,CIS Kubernetes Benchmark 5 Policies,7,0,0,,,,,direct_control_only,k8s-missing-pss; k8s-namespace-missing-pss-label; k8s-pod-no-host-network; k8s-pod-no-hostpath-volumes; k8s-pod-no-privilege-escalation; k8s-pod-readonly-root-filesystem; k8s-pod-seccomp-runtime-default,
ciskubernetesbenchmark,5.2.5,ciskubernetesbenchmark 5.2.5,CIS Kubernetes Benchmark 5 Policies,25,0,0,,,,,direct_control_only,k8s-admission-controller-policy-missing; k8s-audit-logging-disabled; k8s-etcd-encryption-disabled; k8s-image-pull-policy-always-missing-for-latest; k8s-ingress-tls-missing; k8s-missing-pss; k8s-mutating-webhook-failure-policy-ignore; k8s-namespace-missing-pss-label; k8s-namespace-pss-audit-missing; k8s-namespace-pss-enforce-not-restricted; k8s-namespace-pss-warn-missing; k8s-network-policy-egress-default-deny-missing; k8s-pod-apparmor-unconfined; k8s-pod-automount-service-account-token; k8s-pod-capability-net-raw; k8s-pod-hostpath-sensitive-path; k8s-pod-no-hostpath-volumes; k8s-pod-no-privilege-escalation; k8s-pod-proc-mount-unmasked; k8s-pod-seccomp-runtime-default; k8s-pod-sysctls-unsafe; k8s-secret-not-externalized; k8s-service-account-cluster-admin; k8s-validating-webhook-failure-policy-ignore; k8s-workload-uses-default-service-account,
ciskubernetesbenchmark,5.2.6,ciskubernetesbenchmark 5.2.6,CIS Kubernetes Benchmark 5 Policies,6,0,0,,,,,direct_control_only,k8s-missing-pss; k8s-namespace-missing-pss-label; k8s-pod-no-hostpath-volumes; k8s-pod-no-privilege-escalation; k8s-pod-no-run-as-root; k8s-pod-seccomp-runtime-default,
ciskubernetesbenchmark,5.2.7,ciskubernetesbenchmark 5.2.7,CIS Kubernetes Benchmark 5 Policies,6,0,0,,,,,direct_control_only,k8s-missing-pss; k8s-namespace-missing-pss-label; k8s-pod-drop-all-capabilities; k8s-pod-no-hostpath-volumes; k8s-pod-no-privilege-escalation; k8s-pod-seccomp-runtime-default,
ciskubernetesbenchmark,5.2.8,ciskubernetesbenchmark 5.2.8,CIS Kubernetes Benchmark 5 Policies,5,0,0,,,,,direct_control_only,k8s-missing-pss; k8s-namespace-missing-pss-label; k8s-pod-no-hostpath-volumes; k8s-pod-no-privilege-escalation; k8s-pod-seccomp-runtime-default,
ciskubernetesbenchmark,5.3.2,ciskubernetesbenchmark 5.3.2,CIS Kubernetes Benchmark 5 Policies,1,0,0,,,,,direct_control_only,k8s-network-policy-default-deny,
cjissecuritypolicy,5.1.1,cjissecuritypolicy 5.1.1,CJIS Security Policy PA-1 Information Exchange Agreements,0,0,0,,,,,framework_catalog_only,,
cjissecuritypolicy,5.10.1.2,cjissecuritypolicy 5.10.1.2,CJIS Security Policy PA-10 Systems and Communications Protection,0,0,0,,,,,framework_catalog_only,,
cjissecuritypolicy,5.12.1,cjissecuritypolicy 5.12.1,CJIS Security Policy PA-12 Personnel Security,0,0,0,,,,,framework_catalog_only,,
cjissecuritypolicy,5.13.6,cjissecuritypolicy 5.13.6,CJIS Security Policy PA-13 Mobile Devices,0,0,0,,,,,framework_catalog_only,,
cjissecuritypolicy,5.15.1,cjissecuritypolicy 5.15.1,CJIS Security Policy PA-15 System and Information Integrity,0,0,0,,,,,framework_catalog_only,,
cjissecuritypolicy,5.2.1,cjissecuritypolicy 5.2.1,CJIS Security Policy PA-2 Awareness and Training,0,0,0,,,,,framework_catalog_only,,
cjissecuritypolicy,5.3.1,cjissecuritypolicy 5.3.1,CJIS Security Policy PA-3 Incident Response,0,0,0,,,,,framework_catalog_only,,
cjissecuritypolicy,5.4.1,cjissecuritypolicy 5.4.1,CJIS Security Policy PA-4 Auditing and Accountability,0,0,0,,,,,framework_catalog_only,,
cjissecuritypolicy,5.4.4,cjissecuritypolicy 5.4.4,CJIS Security Policy PA-4 Auditing and Accountability,0,0,0,,,,,framework_catalog_only,,
cjissecuritypolicy,5.4.6,cjissecuritypolicy 5.4.6,CJIS Security Policy PA-4 Auditing and Accountability,0,0,0,,,,,framework_catalog_only,,
cjissecuritypolicy,5.5.1,cjissecuritypolicy 5.5.1,CJIS Security Policy PA-5 Access Control,0,0,0,,,,,framework_catalog_only,,
cjissecuritypolicy,5.6.2.2,cjissecuritypolicy 5.6.2.2,CJIS Security Policy PA-6 Identification and Authentication,0,0,0,,,,,framework_catalog_only,,
cjissecuritypolicy,PA-1,cjissecuritypolicy PA-1,CJIS Security Policy PA-1 Information Exchange Agreements,0,0,0,,,,,framework_catalog_only,,
cjissecuritypolicy,PA-10,cjissecuritypolicy PA-10,CJIS Security Policy PA-10 Systems and Communications Protection,0,0,0,,,,,framework_catalog_only,,
cjissecuritypolicy,PA-11,cjissecuritypolicy PA-11,CJIS Security Policy PA-11 Formal Audits,0,0,0,,,,,framework_catalog_only,,
cjissecuritypolicy,PA-12,cjissecuritypolicy PA-12,CJIS Security Policy PA-12 Personnel Security,0,0,0,,,,,framework_catalog_only,,
cjissecuritypolicy,PA-13,cjissecuritypolicy PA-13,CJIS Security Policy PA-13 Mobile Devices,0,0,0,,,,,framework_catalog_only,,
cjissecuritypolicy,PA-14,cjissecuritypolicy PA-14,CJIS Security Policy PA-14 System and Services Acquisition,0,0,0,,,,,framework_catalog_only,,
cjissecuritypolicy,PA-15,cjissecuritypolicy PA-15,CJIS Security Policy PA-15 System and Information Integrity,0,0,0,,,,,framework_catalog_only,,
cjissecuritypolicy,PA-16,cjissecuritypolicy PA-16,CJIS Security Policy PA-16 Maintenance,0,0,0,,,,,framework_catalog_only,,
cjissecuritypolicy,PA-17,cjissecuritypolicy PA-17,CJIS Security Policy PA-17 Planning,0,0,0,,,,,framework_catalog_only,,
cjissecuritypolicy,PA-18,cjissecuritypolicy PA-18,CJIS Security Policy PA-18 Contingency Planning,0,0,0,,,,,framework_catalog_only,,
cjissecuritypolicy,PA-19,cjissecuritypolicy PA-19,CJIS Security Policy PA-19 Risk Assessment,0,0,0,,,,,framework_catalog_only,,
cjissecuritypolicy,PA-2,cjissecuritypolicy PA-2,CJIS Security Policy PA-2 Awareness and Training,0,0,0,,,,,framework_catalog_only,,
cjissecuritypolicy,PA-3,cjissecuritypolicy PA-3,CJIS Security Policy PA-3 Incident Response,0,0,0,,,,,framework_catalog_only,,
cjissecuritypolicy,PA-4,cjissecuritypolicy PA-4,CJIS Security Policy PA-4 Auditing and Accountability,0,0,0,,,,,framework_catalog_only,,
cjissecuritypolicy,PA-5,cjissecuritypolicy PA-5,CJIS Security Policy PA-5 Access Control,0,0,0,,,,,framework_catalog_only,,
cjissecuritypolicy,PA-6,cjissecuritypolicy PA-6,CJIS Security Policy PA-6 Identification and Authentication,0,0,0,,,,,framework_catalog_only,,
cjissecuritypolicy,PA-7,cjissecuritypolicy PA-7,CJIS Security Policy PA-7 Configuration Management,0,0,0,,,,,framework_catalog_only,,
cjissecuritypolicy,PA-8,cjissecuritypolicy PA-8,CJIS Security Policy PA-8 Media Protection,0,0,0,,,,,framework_catalog_only,,
cjissecuritypolicy,PA-9,cjissecuritypolicy PA-9,CJIS Security Policy PA-9 Physical and Environmental Protection,0,0,0,,,,,framework_catalog_only,,
cmmc20,AC.L1,cmmc20 AC.L1,CMMC 2.0 L1 Level 1 Basic Safeguarding of FCI,0,0,0,,,,,framework_catalog_only,,
cmmc20,AC.L1-3.1.1,cmmc20 AC.L1-3.1.1,CMMC 2.0 L1 Level 1 Basic Safeguarding of FCI,0,0,0,,,,,framework_catalog_only,,
cmmc20,AC.L1-3.1.2,cmmc20 AC.L1-3.1.2,CMMC 2.0 L1 Level 1 Basic Safeguarding of FCI,0,0,0,,,,,framework_catalog_only,,
cmmc20,AC.L1-3.1.20,cmmc20 AC.L1-3.1.20,CMMC 2.0 L1 Level 1 Basic Safeguarding of FCI,0,0,0,,,,,framework_catalog_only,,
cmmc20,AC.L1-3.1.22,cmmc20 AC.L1-3.1.22,CMMC 2.0 L1 Level 1 Basic Safeguarding of FCI,0,0,0,,,,,framework_catalog_only,,
cmmc20,AC.L2,cmmc20 AC.L2,CMMC 2.0 L2 Level 2 Broad Protection of CUI,0,0,0,,,,,framework_catalog_only,,
cmmc20,AC.L2-3.1.3,cmmc20 AC.L2-3.1.3,CMMC 2.0 L2 Level 2 Broad Protection of CUI,0,0,0,,,,,framework_catalog_only,,
cmmc20,AC.L2-3.1.5,cmmc20 AC.L2-3.1.5,CMMC 2.0 L2 Level 2 Broad Protection of CUI,0,0,0,,,,,framework_catalog_only,,
cmmc20,AT.L2,cmmc20 AT.L2,CMMC 2.0 L2 Level 2 Broad Protection of CUI,0,0,0,,,,,framework_catalog_only,,
cmmc20,AU.L2,cmmc20 AU.L2,CMMC 2.0 L2 Level 2 Broad Protection of CUI,0,0,0,,,,,framework_catalog_only,,
cmmc20,AU.L2-3.3.1,cmmc20 AU.L2-3.3.1,CMMC 2.0 L2 Level 2 Broad Protection of CUI,0,0,0,,,,,framework_catalog_only,,
cmmc20,AU.L2-3.3.2,cmmc20 AU.L2-3.3.2,CMMC 2.0 L2 Level 2 Broad Protection of CUI,0,0,0,,,,,framework_catalog_only,,
cmmc20,CA.L2,cmmc20 CA.L2,CMMC 2.0 L2 Level 2 Broad Protection of CUI,0,0,0,,,,,framework_catalog_only,,
cmmc20,CM.L2,cmmc20 CM.L2,CMMC 2.0 L2 Level 2 Broad Protection of CUI,0,0,0,,,,,framework_catalog_only,,
cmmc20,CM.L2-3.4.3,cmmc20 CM.L2-3.4.3,CMMC 2.0 L2 Level 2 Broad Protection of CUI,0,0,0,,,,,framework_catalog_only,,
cmmc20,CM.L2-3.4.7,cmmc20 CM.L2-3.4.7,CMMC 2.0 L2 Level 2 Broad Protection of CUI,0,0,0,,,,,framework_catalog_only,,
cmmc20,IA.L1,cmmc20 IA.L1,CMMC 2.0 L1 Level 1 Basic Safeguarding of FCI,0,0,0,,,,,framework_catalog_only,,
cmmc20,IA.L1-3.5.1,cmmc20 IA.L1-3.5.1,CMMC 2.0 L1 Level 1 Basic Safeguarding of FCI,0,0,0,,,,,framework_catalog_only,,
cmmc20,IA.L1-3.5.2,cmmc20 IA.L1-3.5.2,CMMC 2.0 L1 Level 1 Basic Safeguarding of FCI,0,0,0,,,,,framework_catalog_only,,
cmmc20,IA.L2,cmmc20 IA.L2,CMMC 2.0 L2 Level 2 Broad Protection of CUI,0,0,0,,,,,framework_catalog_only,,
cmmc20,IR.L2,cmmc20 IR.L2,CMMC 2.0 L2 Level 2 Broad Protection of CUI,0,0,0,,,,,framework_catalog_only,,
cmmc20,IR.L3,cmmc20 IR.L3,CMMC 2.0 L3 Level 3 Higher-Level Protection of CUI,0,0,0,,,,,framework_catalog_only,,
cmmc20,MA.L2,cmmc20 MA.L2,CMMC 2.0 L2 Level 2 Broad Protection of CUI,0,0,0,,,,,framework_catalog_only,,
cmmc20,MP.L1,cmmc20 MP.L1,CMMC 2.0 L1 Level 1 Basic Safeguarding of FCI,0,0,0,,,,,framework_catalog_only,,
cmmc20,MP.L1-3.8.3,cmmc20 MP.L1-3.8.3,CMMC 2.0 L1 Level 1 Basic Safeguarding of FCI,0,0,0,,,,,framework_catalog_only,,
cmmc20,MP.L2,cmmc20 MP.L2,CMMC 2.0 L2 Level 2 Broad Protection of CUI,0,0,0,,,,,framework_catalog_only,,
cmmc20,PE.L1,cmmc20 PE.L1,CMMC 2.0 L1 Level 1 Basic Safeguarding of FCI,0,0,0,,,,,framework_catalog_only,,
cmmc20,PE.L1-3.10.1,cmmc20 PE.L1-3.10.1,CMMC 2.0 L1 Level 1 Basic Safeguarding of FCI,0,0,0,,,,,framework_catalog_only,,
cmmc20,PE.L1-3.10.3,cmmc20 PE.L1-3.10.3,CMMC 2.0 L1 Level 1 Basic Safeguarding of FCI,0,0,0,,,,,framework_catalog_only,,
cmmc20,PE.L1-3.10.4,cmmc20 PE.L1-3.10.4,CMMC 2.0 L1 Level 1 Basic Safeguarding of FCI,0,0,0,,,,,framework_catalog_only,,
cmmc20,PE.L1-3.10.5,cmmc20 PE.L1-3.10.5,CMMC 2.0 L1 Level 1 Basic Safeguarding of FCI,0,0,0,,,,,framework_catalog_only,,
cmmc20,PE.L2,cmmc20 PE.L2,CMMC 2.0 L2 Level 2 Broad Protection of CUI,0,0,0,,,,,framework_catalog_only,,
cmmc20,PS.L2,cmmc20 PS.L2,CMMC 2.0 L2 Level 2 Broad Protection of CUI,0,0,0,,,,,framework_catalog_only,,
cmmc20,RA.L2,cmmc20 RA.L2,CMMC 2.0 L2 Level 2 Broad Protection of CUI,0,0,0,,,,,framework_catalog_only,,
cmmc20,RA.L2-3.11.2,cmmc20 RA.L2-3.11.2,CMMC 2.0 L2 Level 2 Broad Protection of CUI,0,0,0,,,,,framework_catalog_only,,
cmmc20,RA.L3,cmmc20 RA.L3,CMMC 2.0 L3 Level 3 Higher-Level Protection of CUI,0,0,0,,,,,framework_catalog_only,,
cmmc20,SC.L1,cmmc20 SC.L1,CMMC 2.0 L1 Level 1 Basic Safeguarding of FCI,0,0,0,,,,,framework_catalog_only,,
cmmc20,SC.L1-3.13.1,cmmc20 SC.L1-3.13.1,CMMC 2.0 L1 Level 1 Basic Safeguarding of FCI,0,0,0,,,,,framework_catalog_only,,
cmmc20,SC.L1-3.13.5,cmmc20 SC.L1-3.13.5,CMMC 2.0 L1 Level 1 Basic Safeguarding of FCI,0,0,0,,,,,framework_catalog_only,,
cmmc20,SC.L2,cmmc20 SC.L2,CMMC 2.0 L2 Level 2 Broad Protection of CUI,0,0,0,,,,,framework_catalog_only,,
cmmc20,SC.L2-3.13.11,cmmc20 SC.L2-3.13.11,CMMC 2.0 L2 Level 2 Broad Protection of CUI,0,0,0,,,,,framework_catalog_only,,
cmmc20,SC.L2-3.13.8,cmmc20 SC.L2-3.13.8,CMMC 2.0 L2 Level 2 Broad Protection of CUI,0,0,0,,,,,framework_catalog_only,,
cmmc20,SC.L3,cmmc20 SC.L3,CMMC 2.0 L3 Level 3 Higher-Level Protection of CUI,0,0,0,,,,,framework_catalog_only,,
cmmc20,SI.L1,cmmc20 SI.L1,CMMC 2.0 L1 Level 1 Basic Safeguarding of FCI,0,0,0,,,,,framework_catalog_only,,
cmmc20,SI.L1-3.14.1,cmmc20 SI.L1-3.14.1,CMMC 2.0 L1 Level 1 Basic Safeguarding of FCI,0,0,0,,,,,framework_catalog_only,,
cmmc20,SI.L1-3.14.2,cmmc20 SI.L1-3.14.2,CMMC 2.0 L1 Level 1 Basic Safeguarding of FCI,0,0,0,,,,,framework_catalog_only,,
cmmc20,SI.L1-3.14.4,cmmc20 SI.L1-3.14.4,CMMC 2.0 L1 Level 1 Basic Safeguarding of FCI,0,0,0,,,,,framework_catalog_only,,
cmmc20,SI.L1-3.14.5,cmmc20 SI.L1-3.14.5,CMMC 2.0 L1 Level 1 Basic Safeguarding of FCI,0,0,0,,,,,framework_catalog_only,,
cmmc20,SI.L2,cmmc20 SI.L2,CMMC 2.0 L2 Level 2 Broad Protection of CUI,0,0,0,,,,,framework_catalog_only,,
cmmc20,SI.L2-3.14.7,cmmc20 SI.L2-3.14.7,CMMC 2.0 L2 Level 2 Broad Protection of CUI,0,0,0,,,,,framework_catalog_only,,
cmmc20,SI.L3,cmmc20 SI.L3,CMMC 2.0 L3 Level 3 Higher-Level Protection of CUI,0,0,0,,,,,framework_catalog_only,,
cmmc20,SR.L3,cmmc20 SR.L3,CMMC 2.0 L3 Level 3 Higher-Level Protection of CUI,0,0,0,,,,,framework_catalog_only,,
dora,ARTICLE10,dora ARTICLE10,DORA GOV Governance and ICT Risk Management,0,0,0,,,,,framework_catalog_only,,
dora,ARTICLE11,dora ARTICLE11,DORA GOV Governance and ICT Risk Management,0,0,0,,,,,framework_catalog_only,,
dora,ARTICLE12,dora ARTICLE12,DORA GOV Governance and ICT Risk Management,0,0,0,,,,,framework_catalog_only,,
dora,ARTICLE13,dora ARTICLE13,DORA GOV Governance and ICT Risk Management,0,0,0,,,,,framework_catalog_only,,
dora,ARTICLE17,dora ARTICLE17,DORA INCIDENT ICT-Related Incident Management and Reporting,0,0,0,,,,,framework_catalog_only,,
dora,ARTICLE18,dora ARTICLE18,DORA INCIDENT ICT-Related Incident Management and Reporting,0,0,0,,,,,framework_catalog_only,,
dora,ARTICLE19,dora ARTICLE19,DORA INCIDENT ICT-Related Incident Management and Reporting,0,0,0,,,,,framework_catalog_only,,
dora,ARTICLE24,dora ARTICLE24,DORA TEST Digital Operational Resilience Testing,0,0,0,,,,,framework_catalog_only,,
dora,ARTICLE25,dora ARTICLE25,DORA TEST Digital Operational Resilience Testing,0,0,0,,,,,framework_catalog_only,,
dora,ARTICLE26,dora ARTICLE26,DORA TEST Digital Operational Resilience Testing,0,0,0,,,,,framework_catalog_only,,
dora,ARTICLE28,dora ARTICLE28,DORA TPRM ICT Third-Party Risk,0,0,0,,,,,framework_catalog_only,,
dora,ARTICLE30,dora ARTICLE30,DORA TPRM ICT Third-Party Risk,0,0,0,,,,,framework_catalog_only,,
dora,ARTICLE31,dora ARTICLE31,DORA TPRM ICT Third-Party Risk,0,0,0,,,,,framework_catalog_only,,
dora,ARTICLE45,dora ARTICLE45,DORA SHARE Information Sharing,0,0,0,,,,,framework_catalog_only,,
dora,ARTICLE5,dora ARTICLE5,DORA GOV Governance and ICT Risk Management,0,0,0,,,,,framework_catalog_only,,
dora,ARTICLE6,dora ARTICLE6,DORA GOV Governance and ICT Risk Management,0,0,0,,,,,framework_catalog_only,,
dora,ARTICLE8,dora ARTICLE8,DORA GOV Governance and ICT Risk Management,0,0,0,,,,,framework_catalog_only,,
dora,ARTICLE9,dora ARTICLE9,DORA GOV Governance and ICT Risk Management,0,0,0,,,,,framework_catalog_only,,
dora,CDR-2024-1773-ART.10,dora CDR-2024-1773-ART.10,DORA TPRM-RTS ICT Third-Party Contract RTS,0,0,0,,,,,framework_catalog_only,,
dora,CDR-2024-1773-ART.4,dora CDR-2024-1773-ART.4,DORA TPRM-RTS ICT Third-Party Contract RTS,0,0,0,,,,,framework_catalog_only,,
dora,CDR-2024-1773-ART.5,dora CDR-2024-1773-ART.5,DORA TPRM-RTS ICT Third-Party Contract RTS,0,0,0,,,,,framework_catalog_only,,
dora,CDR-2024-1773-ART.6,dora CDR-2024-1773-ART.6,DORA TPRM-RTS ICT Third-Party Contract RTS,0,0,0,,,,,framework_catalog_only,,
dora,CDR-2024-1773-ART.8,dora CDR-2024-1773-ART.8,DORA TPRM-RTS ICT Third-Party Contract RTS,0,0,0,,,,,framework_catalog_only,,
dora,CDR-2024-1774-ART.10,dora CDR-2024-1774-ART.10,DORA RTS-ICT-RM ICT Risk Management RTS,0,0,0,,,,,framework_catalog_only,,
dora,CDR-2024-1774-ART.12,dora CDR-2024-1774-ART.12,DORA RTS-ICT-RM ICT Risk Management RTS,0,0,0,,,,,framework_catalog_only,,
dora,CDR-2024-1774-ART.13,dora CDR-2024-1774-ART.13,DORA RTS-ICT-RM ICT Risk Management RTS,0,0,0,,,,,framework_catalog_only,,
dora,CDR-2024-1774-ART.24,dora CDR-2024-1774-ART.24,DORA RTS-ICT-RM ICT Risk Management RTS,0,0,0,,,,,framework_catalog_only,,
dora,CDR-2024-1774-ART.4,dora CDR-2024-1774-ART.4,DORA RTS-ICT-RM ICT Risk Management RTS,0,0,0,,,,,framework_catalog_only,,
dora,CDR-2024-1774-ART.6,dora CDR-2024-1774-ART.6,DORA RTS-ICT-RM ICT Risk Management RTS,0,0,0,,,,,framework_catalog_only,,
euaiact,ARTICLE13,euaiact ARTICLE13,EU AI Act Art. Articles,31,0,0,,,,,direct_control_only,ai-agent-human-approval-destructive-actions; ai-agent-secret-redaction; ai-agent-tool-allowlist-required; ai-data-retention-reviewed; ai-embedding-store-encrypted; ai-explainability; ai-foundation-model-safety-card-required; ai-genai-secure-development-review; ai-high-risk-use-case-registered; ai-model-evaluation-before-release; ai-model-incident-runbook; ai-model-monitoring-drift-threshold; ai-model-rate-limit-cost-guardrail; ai-model-supply-chain-attestation; ai-prompt-injection-test-coverage; ai-rag-source-citation-required; ai-rag-vector-index-access-control; ai-sensitive-output-filtering; ai-system-owner-assigned; ai-third-party-model-risk-review; ai-training-data-provenance; aws-bedrock-agent-action-group-approval-required; aws-bedrock-guardrail-content-filter-enabled; aws-bedrock-knowledge-base-encrypted; aws-bedrock-model-invocation-logging-enabled; ... 6 more,
euaiact,ARTICLE14,euaiact ARTICLE14,EU AI Act Art. Articles,31,0,0,,,,,direct_control_only,ai-agent-human-approval-destructive-actions; ai-agent-secret-redaction; ai-agent-tool-allowlist-required; ai-data-retention-reviewed; ai-embedding-store-encrypted; ai-foundation-model-safety-card-required; ai-genai-secure-development-review; ai-high-risk-use-case-registered; ai-human-oversight; ai-model-evaluation-before-release; ai-model-incident-runbook; ai-model-monitoring-drift-threshold; ai-model-rate-limit-cost-guardrail; ai-model-supply-chain-attestation; ai-prompt-injection-test-coverage; ai-rag-source-citation-required; ai-rag-vector-index-access-control; ai-sensitive-output-filtering; ai-system-owner-assigned; ai-third-party-model-risk-review; ai-training-data-provenance; aws-bedrock-agent-action-group-approval-required; aws-bedrock-guardrail-content-filter-enabled; aws-bedrock-knowledge-base-encrypted; aws-bedrock-model-invocation-logging-enabled; ... 6 more,
fedramprev5,AC-1,fedramprev5 AC-1,FedRAMP Rev. 5 AC Access Control,0,0,0,,,,,framework_catalog_only,,
fedramprev5,AC-11,fedramprev5 AC-11,FedRAMP Rev. 5 AC Access Control,0,0,0,,,,,framework_catalog_only,,
fedramprev5,AC-17,fedramprev5 AC-17,FedRAMP Rev. 5 AC Access Control,0,0,0,,,,,framework_catalog_only,,
fedramprev5,AC-2,fedramprev5 AC-2,FedRAMP Rev. 5 AC Access Control,0,0,0,,,,,framework_catalog_only,,
fedramprev5,AC-3,fedramprev5 AC-3,FedRAMP Rev. 5 AC Access Control,0,0,0,,,,,framework_catalog_only,,
fedramprev5,AC-4,fedramprev5 AC-4,FedRAMP Rev. 5 AC Access Control,0,0,0,,,,,framework_catalog_only,,
fedramprev5,AC-6,fedramprev5 AC-6,FedRAMP Rev. 5 AC Access Control,0,0,0,,,,,framework_catalog_only,,
fedramprev5,AU-12,fedramprev5 AU-12,FedRAMP Rev. 5 AU Audit and Accountability,0,0,0,,,,,framework_catalog_only,,
fedramprev5,AU-2,fedramprev5 AU-2,FedRAMP Rev. 5 AU Audit and Accountability,0,0,0,,,,,framework_catalog_only,,
fedramprev5,AU-3,fedramprev5 AU-3,FedRAMP Rev. 5 AU Audit and Accountability,0,0,0,,,,,framework_catalog_only,,
fedramprev5,AU-9,fedramprev5 AU-9,FedRAMP Rev. 5 AU Audit and Accountability,0,0,0,,,,,framework_catalog_only,,
fedramprev5,CA-7,fedramprev5 CA-7,"FedRAMP Rev. 5 CA Assessment, Authorization, and Monitoring",0,0,0,,,,,framework_catalog_only,,
fedramprev5,CM-3,fedramprev5 CM-3,FedRAMP Rev. 5 CM Configuration Management,0,0,0,,,,,framework_catalog_only,,
fedramprev5,CM-5,fedramprev5 CM-5,FedRAMP Rev. 5 CM Configuration Management,0,0,0,,,,,framework_catalog_only,,
fedramprev5,CM-7,fedramprev5 CM-7,FedRAMP Rev. 5 CM Configuration Management,0,0,0,,,,,framework_catalog_only,,
fedramprev5,CM-8,fedramprev5 CM-8,FedRAMP Rev. 5 CM Configuration Management,0,0,0,,,,,framework_catalog_only,,
fedramprev5,CP-10,fedramprev5 CP-10,FedRAMP Rev. 5 CP Contingency Planning,0,0,0,,,,,framework_catalog_only,,
fedramprev5,CP-2,fedramprev5 CP-2,FedRAMP Rev. 5 CP Contingency Planning,0,0,0,,,,,framework_catalog_only,,
fedramprev5,CP-4,fedramprev5 CP-4,FedRAMP Rev. 5 CP Contingency Planning,0,0,0,,,,,framework_catalog_only,,
fedramprev5,CP-9,fedramprev5 CP-9,FedRAMP Rev. 5 CP Contingency Planning,0,0,0,,,,,framework_catalog_only,,
fedramprev5,IA-2,fedramprev5 IA-2,FedRAMP Rev. 5 IA Identification and Authentication,0,0,0,,,,,framework_catalog_only,,
fedramprev5,IA-5,fedramprev5 IA-5,FedRAMP Rev. 5 IA Identification and Authentication,0,0,0,,,,,framework_catalog_only,,
fedramprev5,IR-1,fedramprev5 IR-1,FedRAMP Rev. 5 IR Incident Response,0,0,0,,,,,framework_catalog_only,,
fedramprev5,IR-4,fedramprev5 IR-4,FedRAMP Rev. 5 IR Incident Response,0,0,0,,,,,framework_catalog_only,,
fedramprev5,IR-5,fedramprev5 IR-5,FedRAMP Rev. 5 IR Incident Response,0,0,0,,,,,framework_catalog_only,,
fedramprev5,IR-8,fedramprev5 IR-8,FedRAMP Rev. 5 IR Incident Response,0,0,0,,,,,framework_catalog_only,,
fedramprev5,MP-4,fedramprev5 MP-4,FedRAMP Rev. 5 MP Media Protection,0,0,0,,,,,framework_catalog_only,,
fedramprev5,PS-4,fedramprev5 PS-4,FedRAMP Rev. 5 PS Personnel Security,0,0,0,,,,,framework_catalog_only,,
fedramprev5,RA-2,fedramprev5 RA-2,FedRAMP Rev. 5 RA Risk Assessment,0,0,0,,,,,framework_catalog_only,,
fedramprev5,RA-3,fedramprev5 RA-3,FedRAMP Rev. 5 RA Risk Assessment,0,0,0,,,,,framework_catalog_only,,
fedramprev5,RA-5,fedramprev5 RA-5,FedRAMP Rev. 5 RA Risk Assessment,0,0,0,,,,,framework_catalog_only,,
fedramprev5,SA-9,fedramprev5 SA-9,FedRAMP Rev. 5 SA System and Services Acquisition,0,0,0,,,,,framework_catalog_only,,
fedramprev5,SC-12,fedramprev5 SC-12,FedRAMP Rev. 5 SC System and Communications Protection,0,0,0,,,,,framework_catalog_only,,
fedramprev5,SC-13,fedramprev5 SC-13,FedRAMP Rev. 5 SC System and Communications Protection,0,0,0,,,,,framework_catalog_only,,
fedramprev5,SC-17,fedramprev5 SC-17,FedRAMP Rev. 5 SC System and Communications Protection,0,0,0,,,,,framework_catalog_only,,
fedramprev5,SC-20,fedramprev5 SC-20,FedRAMP Rev. 5 SC System and Communications Protection,0,0,0,,,,,framework_catalog_only,,
fedramprev5,SC-21,fedramprev5 SC-21,FedRAMP Rev. 5 SC System and Communications Protection,0,0,0,,,,,framework_catalog_only,,
fedramprev5,SC-23,fedramprev5 SC-23,FedRAMP Rev. 5 SC System and Communications Protection,0,0,0,,,,,framework_catalog_only,,
fedramprev5,SC-28,fedramprev5 SC-28,FedRAMP Rev. 5 SC System and Communications Protection,0,0,0,,,,,framework_catalog_only,,
fedramprev5,SC-7,fedramprev5 SC-7,FedRAMP Rev. 5 SC System and Communications Protection,0,0,0,,,,,framework_catalog_only,,
fedramprev5,SC-8,fedramprev5 SC-8,FedRAMP Rev. 5 SC System and Communications Protection,0,0,0,,,,,framework_catalog_only,,
fedramprev5,SI-2,fedramprev5 SI-2,FedRAMP Rev. 5 SI System and Information Integrity,0,0,0,,,,,framework_catalog_only,,
fedramprev5,SI-3,fedramprev5 SI-3,FedRAMP Rev. 5 SI System and Information Integrity,0,0,0,,,,,framework_catalog_only,,
fedramprev5,SI-4,fedramprev5 SI-4,FedRAMP Rev. 5 SI System and Information Integrity,0,0,0,,,,,framework_catalog_only,,
fedramprev5,SI-7,fedramprev5 SI-7,FedRAMP Rev. 5 SI System and Information Integrity,0,0,0,,,,,framework_catalog_only,,
fedramprev5,SI-8,fedramprev5 SI-8,FedRAMP Rev. 5 SI System and Information Integrity,0,0,0,,,,,framework_catalog_only,,
fedramprev5,SR-11,fedramprev5 SR-11,FedRAMP Rev. 5 SR Supply Chain Risk Management,0,0,0,,,,,framework_catalog_only,,
fedramprev5,SR-6,fedramprev5 SR-6,FedRAMP Rev. 5 SR Supply Chain Risk Management,0,0,0,,,,,framework_catalog_only,,
gdpr,ARTICLE12,gdpr ARTICLE12,GDPR Article Articles,0,0,0,,,,,framework_catalog_only,,
gdpr,ARTICLE13,gdpr ARTICLE13,GDPR Article Articles,0,0,0,,,,,framework_catalog_only,,
gdpr,ARTICLE14,gdpr ARTICLE14,GDPR Article Articles,0,0,0,,,,,framework_catalog_only,,
gdpr,ARTICLE15,gdpr ARTICLE15,GDPR Article Articles,0,0,0,,,,,framework_catalog_only,,
gdpr,ARTICLE16,gdpr ARTICLE16,GDPR Article Articles,0,0,0,,,,,framework_catalog_only,,
gdpr,ARTICLE17,gdpr ARTICLE17,GDPR Article Articles,0,0,0,,,,,framework_catalog_only,,
gdpr,ARTICLE18,gdpr ARTICLE18,GDPR Article Articles,0,0,0,,,,,framework_catalog_only,,
gdpr,ARTICLE19,gdpr ARTICLE19,GDPR Article Articles,0,0,0,,,,,framework_catalog_only,,
gdpr,ARTICLE20,gdpr ARTICLE20,GDPR Article Articles,0,0,0,,,,,framework_catalog_only,,
gdpr,ARTICLE21,gdpr ARTICLE21,GDPR Article Articles,0,0,0,,,,,framework_catalog_only,,
gdpr,ARTICLE22,gdpr ARTICLE22,GDPR Article Articles,0,0,0,,,,,framework_catalog_only,,
gdpr,ARTICLE23,gdpr ARTICLE23,GDPR Article Articles,0,0,0,,,,,framework_catalog_only,,
gdpr,ARTICLE24,gdpr ARTICLE24,GDPR Article Articles,2,0,0,,GDPR/processing-accountability,,GDPR Art.5 [accountability_dependency/review_hint],direct_control_only,compliance-gdpr-policy; compliance-ir-gdpr-addendum,
gdpr,ARTICLE25,gdpr ARTICLE25,GDPR Article Articles,1,0,0,,,,,direct_control_only,compliance-gdpr-policy,
gdpr,ARTICLE27,gdpr ARTICLE27,GDPR Article Articles,0,0,0,,,,,framework_catalog_only,,
gdpr,ARTICLE28,gdpr ARTICLE28,GDPR Article Articles,1,0,0,,GDPR/processing-accountability,,,direct_control_only,vendor-dpa-exists,
gdpr,ARTICLE30,gdpr ARTICLE30,GDPR Article Articles,5,0,0,,GDPR/processing-accountability,,,direct_control_only,ai-data-governance; compliance-data-inventory-maintained; compliance-gdpr-policy; compliance-inventory-data-tracking; compliance-ir-gdpr-addendum,
gdpr,ARTICLE32,gdpr ARTICLE32,GDPR Article Articles,3,0,0,,GDPR/security-breach-response,GDPR Article 33 [evidence_dependency/review_hint]; GDPR Article 34 [evidence_dependency/review_hint],,direct_control_only,compliance-gdpr-policy; compliance-inventory-data-tracking; compliance-ir-gdpr-addendum,
gdpr,ARTICLE33,gdpr ARTICLE33,GDPR Article Articles,1,0,0,,GDPR/security-breach-response,,GDPR Article 32 [evidence_dependency/review_hint],direct_control_only,compliance-ir-gdpr-addendum,
gdpr,ARTICLE34,gdpr ARTICLE34,GDPR Article Articles,1,0,0,,GDPR/security-breach-response,,GDPR Article 32 [evidence_dependency/review_hint],direct_control_only,compliance-ir-gdpr-addendum,
gdpr,ARTICLE35,gdpr ARTICLE35,GDPR Article Articles,0,0,0,,,,,framework_catalog_only,,
gdpr,ARTICLE37,gdpr ARTICLE37,GDPR Article Articles,0,0,0,,,,,framework_catalog_only,,
gdpr,ARTICLE38,gdpr ARTICLE38,GDPR Article Articles,0,0,0,,,,,framework_catalog_only,,
gdpr,ARTICLE39,gdpr ARTICLE39,GDPR Article Articles,0,0,0,,,,,framework_catalog_only,,
gdpr,ARTICLE44,gdpr ARTICLE44,GDPR Article Articles,0,0,0,,,,,framework_catalog_only,,
gdpr,ARTICLE45,gdpr ARTICLE45,GDPR Article Articles,0,0,0,,,,,framework_catalog_only,,
gdpr,ARTICLE46,gdpr ARTICLE46,GDPR Article Articles,0,0,0,,,,,framework_catalog_only,,
gdpr,ARTICLE48,gdpr ARTICLE48,GDPR Article Articles,0,0,0,,,,,framework_catalog_only,,
gdpr,ARTICLE5,gdpr ARTICLE5,GDPR Article Articles,6,0,0,,GDPR/processing-accountability,GDPR Article 24 [accountability_dependency/review_hint],,direct_control_only,ai-data-governance; ai-data-retention-reviewed; compliance-data-inventory-maintained; compliance-gdpr-policy; compliance-inventory-data-tracking; compliance-ir-gdpr-addendum,
gdpr,ARTICLE51,gdpr ARTICLE51,GDPR Article Articles,0,0,0,,,,,framework_catalog_only,,
gdpr,ARTICLE6,gdpr ARTICLE6,GDPR Article Articles,1,0,0,,,,,direct_control_only,ai-data-governance,
gdpr,ARTICLE7,gdpr ARTICLE7,GDPR Article Articles,0,0,0,,,,,framework_catalog_only,,
hipaa,164.308(A)(1)(I),hipaa 164.308(A)(1)(I),HIPAA 164.308 Administrative Safeguards,0,0,0,,,,,framework_catalog_only,,
hipaa,164.308(A)(1)(II)(A),hipaa 164.308(A)(1)(II)(A),HIPAA 164.308 Administrative Safeguards,1,0,0,,HIPAA/administrative-safeguards,,,direct_control_only,compliance-risk-assessment-annual,
hipaa,164.308(A)(1)(II)(B),hipaa 164.308(A)(1)(II)(B),HIPAA 164.308 Administrative Safeguards,0,0,0,,,,,framework_catalog_only,,
hipaa,164.308(A)(1)(II)(C),hipaa 164.308(A)(1)(II)(C),HIPAA 164.308 Administrative Safeguards,0,0,0,,,,,framework_catalog_only,,
hipaa,164.308(A)(1)(II)(D),hipaa 164.308(A)(1)(II)(D),HIPAA 164.308 Administrative Safeguards,0,0,0,,,,,framework_catalog_only,,
hipaa,164.308(A)(2),hipaa 164.308(A)(2),HIPAA 164.308 Administrative Safeguards,0,0,0,,,,,framework_catalog_only,,
hipaa,164.308(A)(3)(I),hipaa 164.308(A)(3)(I),HIPAA 164.308 Administrative Safeguards,0,0,0,,,,,framework_catalog_only,,
hipaa,164.308(A)(3)(II)(A),hipaa 164.308(A)(3)(II)(A),HIPAA 164.308 Administrative Safeguards,0,0,0,,,,,framework_catalog_only,,
hipaa,164.308(A)(3)(II)(B),hipaa 164.308(A)(3)(II)(B),HIPAA 164.308 Administrative Safeguards,0,0,0,,,,,framework_catalog_only,,
hipaa,164.308(A)(3)(II)(C),hipaa 164.308(A)(3)(II)(C),HIPAA 164.308 Administrative Safeguards,1,0,0,,HIPAA/administrative-safeguards,,,direct_control_only,identity-okta-deprovisioned-active-in-github,
hipaa,164.308(A)(4)(I),hipaa 164.308(A)(4)(I),HIPAA 164.308 Administrative Safeguards,0,0,0,,,,,framework_catalog_only,,
hipaa,164.308(A)(4)(II)(A),hipaa 164.308(A)(4)(II)(A),HIPAA 164.308 Administrative Safeguards,0,0,0,,,,,framework_catalog_only,,
hipaa,164.308(A)(4)(II)(B),hipaa 164.308(A)(4)(II)(B),HIPAA 164.308 Administrative Safeguards,0,0,0,,,,,framework_catalog_only,,
hipaa,164.308(A)(4)(II)(C),hipaa 164.308(A)(4)(II)(C),HIPAA 164.308 Administrative Safeguards,0,0,0,,,,,framework_catalog_only,,
hipaa,164.308(A)(5)(I),hipaa 164.308(A)(5)(I),HIPAA 164.308 Administrative Safeguards,0,0,0,,,,,framework_catalog_only,,
hipaa,164.308(A)(5)(II)(A),hipaa 164.308(A)(5)(II)(A),HIPAA 164.308 Administrative Safeguards,0,0,0,,,,,framework_catalog_only,,
hipaa,164.308(A)(5)(II)(B),hipaa 164.308(A)(5)(II)(B),HIPAA 164.308 Administrative Safeguards,2,0,0,,HIPAA/administrative-safeguards,,,direct_control_only,endpoint-edr-installed; endpoint-kandji-edr-installed,
hipaa,164.308(A)(5)(II)(C),hipaa 164.308(A)(5)(II)(C),HIPAA 164.308 Administrative Safeguards,0,0,0,,,,,framework_catalog_only,,
hipaa,164.308(A)(5)(II)(D),hipaa 164.308(A)(5)(II)(D),HIPAA 164.308 Administrative Safeguards,0,0,0,,,,,framework_catalog_only,,
hipaa,164.308(A)(6),hipaa 164.308(A)(6),HIPAA 164.308 Administrative Safeguards,1,0,0,,HIPAA/administrative-safeguards,HIPAA 164.312(b) [evidence_dependency/review_hint],,direct_control_only,compliance-ir-plan-exists,
hipaa,164.308(A)(6)(I),hipaa 164.308(A)(6)(I),HIPAA 164.308 Administrative Safeguards,0,0,0,,,,,framework_catalog_only,,
hipaa,164.308(A)(6)(II),hipaa 164.308(A)(6)(II),HIPAA 164.308 Administrative Safeguards,0,0,0,,,,,framework_catalog_only,,
hipaa,164.308(A)(7),hipaa 164.308(A)(7),HIPAA 164.308 Administrative Safeguards,1,0,0,,HIPAA/administrative-safeguards,,,direct_control_only,compliance-bcdr-plan-exists,
hipaa,164.308(A)(7)(I),hipaa 164.308(A)(7)(I),HIPAA 164.308 Administrative Safeguards,0,0,0,,,,,framework_catalog_only,,
hipaa,164.308(A)(7)(II)(A),hipaa 164.308(A)(7)(II)(A),HIPAA 164.308 Administrative Safeguards,0,0,0,,,,,framework_catalog_only,,
hipaa,164.308(A)(7)(II)(B),hipaa 164.308(A)(7)(II)(B),HIPAA 164.308 Administrative Safeguards,0,0,0,,,,,framework_catalog_only,,
hipaa,164.308(A)(7)(II)(C),hipaa 164.308(A)(7)(II)(C),HIPAA 164.308 Administrative Safeguards,0,0,0,,,,,framework_catalog_only,,
hipaa,164.308(A)(7)(II)(D),hipaa 164.308(A)(7)(II)(D),HIPAA 164.308 Administrative Safeguards,0,0,0,,,,,framework_catalog_only,,
hipaa,164.308(A)(7)(II)(E),hipaa 164.308(A)(7)(II)(E),HIPAA 164.308 Administrative Safeguards,0,0,0,,,,,framework_catalog_only,,
hipaa,164.308(A)(8),hipaa 164.308(A)(8),HIPAA 164.308 Administrative Safeguards,0,0,0,,,,,framework_catalog_only,,
hipaa,164.308(B)(1),hipaa 164.308(B)(1),HIPAA 164.308 Administrative Safeguards,1,0,0,,HIPAA/administrative-safeguards,,,direct_control_only,vendor-security-review-complete,
hipaa,164.308(B)(2),hipaa 164.308(B)(2),HIPAA 164.308 Administrative Safeguards,0,0,0,,,,,framework_catalog_only,,
hipaa,164.308(B)(3),hipaa 164.308(B)(3),HIPAA 164.308 Administrative Safeguards,0,0,0,,,,,framework_catalog_only,,
hipaa,164.308(B)(4),hipaa 164.308(B)(4),HIPAA 164.308 Administrative Safeguards,0,0,0,,,,,framework_catalog_only,,
hipaa,164.310(A)(1),hipaa 164.310(A)(1),HIPAA 164.310 Physical Safeguards,0,0,0,,,,,framework_catalog_only,,
hipaa,164.310(A)(2)(I),hipaa 164.310(A)(2)(I),HIPAA 164.310 Physical Safeguards,0,0,0,,,,,framework_catalog_only,,
hipaa,164.310(A)(2)(II),hipaa 164.310(A)(2)(II),HIPAA 164.310 Physical Safeguards,0,0,0,,,,,framework_catalog_only,,
hipaa,164.310(A)(2)(III),hipaa 164.310(A)(2)(III),HIPAA 164.310 Physical Safeguards,0,0,0,,,,,framework_catalog_only,,
hipaa,164.310(A)(2)(IV),hipaa 164.310(A)(2)(IV),HIPAA 164.310 Physical Safeguards,0,0,0,,,,,framework_catalog_only,,
hipaa,164.310(B),hipaa 164.310(B),HIPAA 164.310 Physical Safeguards,0,0,0,,,,,framework_catalog_only,,
hipaa,164.310(C),hipaa 164.310(C),HIPAA 164.310 Physical Safeguards,0,0,0,,,,,framework_catalog_only,,
hipaa,164.310(D)(1),hipaa 164.310(D)(1),HIPAA 164.310 Physical Safeguards,0,0,0,,,,,framework_catalog_only,,
hipaa,164.310(D)(2)(I),hipaa 164.310(D)(2)(I),HIPAA 164.310 Physical Safeguards,0,0,0,,,,,framework_catalog_only,,
hipaa,164.310(D)(2)(II),hipaa 164.310(D)(2)(II),HIPAA 164.310 Physical Safeguards,0,0,0,,,,,framework_catalog_only,,
hipaa,164.310(D)(2)(III),hipaa 164.310(D)(2)(III),HIPAA 164.310 Physical Safeguards,0,0,0,,,,,framework_catalog_only,,
hipaa,164.310(D)(2)(IV),hipaa 164.310(D)(2)(IV),HIPAA 164.310 Physical Safeguards,0,0,0,,,,,framework_catalog_only,,
hipaa,164.312,hipaa 164.312,HIPAA 164.312 Technical Safeguards,13,0,0,,HIPAA/technical-safeguards,HIPAA 164.312(a)(2)(ii) [child_standard/review_hint]; HIPAA 164.312(a)(2)(iv) [child_standard/review_hint]; HIPAA 164.312(b) [child_standard/review_hint]; HIPAA 164.312(e)(1) [child_standard/review_hint],,direct_control_only,backup-encryption; backup-retention; compliance-background-checks; compliance-security-training; db-audit-logging; db-encryption-at-rest; db-ssl-connections; hipaa-access-controls; hipaa-audit-controls; hipaa-automatic-logoff; hipaa-baa-required; hipaa-phi-encryption; hipaa-transmission-security,
hipaa,164.312(A)(1),hipaa 164.312(A)(1),HIPAA 164.312 Technical Safeguards,0,0,0,,,,,framework_catalog_only,,
hipaa,164.312(A)(2)(I),hipaa 164.312(A)(2)(I),HIPAA 164.312 Technical Safeguards,0,0,0,,,,,framework_catalog_only,,
hipaa,164.312(A)(2)(II),hipaa 164.312(A)(2)(II),HIPAA 164.312 Technical Safeguards,1,0,0,,HIPAA/technical-safeguards,,HIPAA 164.312 [child_standard/review_hint],direct_control_only,identity-account-deprovision,
hipaa,164.312(A)(2)(III),hipaa 164.312(A)(2)(III),HIPAA 164.312 Technical Safeguards,0,0,0,,,,,framework_catalog_only,,
hipaa,164.312(A)(2)(IV),hipaa 164.312(A)(2)(IV),HIPAA 164.312 Technical Safeguards,4,0,0,,HIPAA/technical-safeguards,,HIPAA 164.312 [child_standard/review_hint],direct_control_only,endpoint-disk-encryption; endpoint-intune-disk-encryption; endpoint-jamf-disk-encryption; endpoint-kandji-disk-encryption,
hipaa,164.312(B),hipaa 164.312(B),HIPAA 164.312 Technical Safeguards,1,0,0,,HIPAA/technical-safeguards,,HIPAA 164.308(a)(6) [evidence_dependency/review_hint]; HIPAA 164.312 [child_standard/review_hint],direct_control_only,aws-cloudtrail-log-integrity,
hipaa,164.312(C)(1),hipaa 164.312(C)(1),HIPAA 164.312 Technical Safeguards,0,0,0,,,,,framework_catalog_only,,
hipaa,164.312(C)(2),hipaa 164.312(C)(2),HIPAA 164.312 Technical Safeguards,0,0,0,,,,,framework_catalog_only,,
hipaa,164.312(D),hipaa 164.312(D),HIPAA 164.312 Technical Safeguards,0,0,0,,,,,framework_catalog_only,,
hipaa,164.312(E)(1),hipaa 164.312(E)(1),HIPAA 164.312 Technical Safeguards,1,0,0,,HIPAA/technical-safeguards,,HIPAA 164.312 [child_standard/review_hint],direct_control_only,aws-s3-https-only,
hipaa,164.312(E)(2)(I),hipaa 164.312(E)(2)(I),HIPAA 164.312 Technical Safeguards,0,0,0,,,,,framework_catalog_only,,
hipaa,164.312(E)(2)(II),hipaa 164.312(E)(2)(II),HIPAA 164.312 Technical Safeguards,0,0,0,,,,,framework_catalog_only,,
hipaa,164.314(A)(1),hipaa 164.314(A)(1),HIPAA 164.314 Organizational Requirements,0,0,0,,,,,framework_catalog_only,,
hipaa,164.314(A)(2)(I),hipaa 164.314(A)(2)(I),HIPAA 164.314 Organizational Requirements,0,0,0,,,,,framework_catalog_only,,
hipaa,164.314(A)(2)(II),hipaa 164.314(A)(2)(II),HIPAA 164.314 Organizational Requirements,0,0,0,,,,,framework_catalog_only,,
hipaa,164.314(A)(2)(III),hipaa 164.314(A)(2)(III),HIPAA 164.314 Organizational Requirements,0,0,0,,,,,framework_catalog_only,,
hipaa,164.314(B)(1),hipaa 164.314(B)(1),HIPAA 164.314 Organizational Requirements,0,0,0,,,,,framework_catalog_only,,
hipaa,164.314(B)(2),hipaa 164.314(B)(2),HIPAA 164.314 Organizational Requirements,0,0,0,,,,,framework_catalog_only,,
hipaa,164.314(B)(2)(I),hipaa 164.314(B)(2)(I),HIPAA 164.314 Organizational Requirements,0,0,0,,,,,framework_catalog_only,,
hipaa,164.314(B)(2)(II),hipaa 164.314(B)(2)(II),HIPAA 164.314 Organizational Requirements,0,0,0,,,,,framework_catalog_only,,
hipaa,164.314(B)(2)(III),hipaa 164.314(B)(2)(III),HIPAA 164.314 Organizational Requirements,0,0,0,,,,,framework_catalog_only,,
hipaa,164.314(B)(2)(IV),hipaa 164.314(B)(2)(IV),HIPAA 164.314 Organizational Requirements,0,0,0,,,,,framework_catalog_only,,
hipaa,164.316(A),hipaa 164.316(A),HIPAA 164.316 Policies and Documentation,0,0,0,,,,,framework_catalog_only,,
hipaa,164.316(B)(1)(I),hipaa 164.316(B)(1)(I),HIPAA 164.316 Policies and Documentation,0,0,0,,,,,framework_catalog_only,,
hipaa,164.316(B)(1)(II),hipaa 164.316(B)(1)(II),HIPAA 164.316 Policies and Documentation,0,0,0,,,,,framework_catalog_only,,
hipaa,164.316(B)(2)(I),hipaa 164.316(B)(2)(I),HIPAA 164.316 Policies and Documentation,0,0,0,,,,,framework_catalog_only,,
hipaa,164.316(B)(2)(II),hipaa 164.316(B)(2)(II),HIPAA 164.316 Policies and Documentation,0,0,0,,,,,framework_catalog_only,,
hipaa,164.316(B)(2)(III),hipaa 164.316(B)(2)(III),HIPAA 164.316 Policies and Documentation,0,0,0,,,,,framework_catalog_only,,
hipaa,164.404(2),hipaa 164.404(2),HIPAA 164.4 Breach Notification,0,0,0,,,,,framework_catalog_only,,
hipaa,164.404(A),hipaa 164.404(A),HIPAA 164.4 Breach Notification,0,0,0,,,,,framework_catalog_only,,
hipaa,164.404(B),hipaa 164.404(B),HIPAA 164.4 Breach Notification,0,0,0,,,,,framework_catalog_only,,
hipaa,164.404(C)(1),hipaa 164.404(C)(1),HIPAA 164.4 Breach Notification,0,0,0,,,,,framework_catalog_only,,
hipaa,164.404(C)(2),hipaa 164.404(C)(2),HIPAA 164.4 Breach Notification,0,0,0,,,,,framework_catalog_only,,
hipaa,164.404(D)(1)(I),hipaa 164.404(D)(1)(I),HIPAA 164.4 Breach Notification,0,0,0,,,,,framework_catalog_only,,
hipaa,164.404(D)(1)(II),hipaa 164.404(D)(1)(II),HIPAA 164.4 Breach Notification,0,0,0,,,,,framework_catalog_only,,
hipaa,164.404(D)(2),hipaa 164.404(D)(2),HIPAA 164.4 Breach Notification,0,0,0,,,,,framework_catalog_only,,
hipaa,164.404(D)(2)(I),hipaa 164.404(D)(2)(I),HIPAA 164.4 Breach Notification,0,0,0,,,,,framework_catalog_only,,
hipaa,164.404(D)(2)(II),hipaa 164.404(D)(2)(II),HIPAA 164.4 Breach Notification,0,0,0,,,,,framework_catalog_only,,
hipaa,164.404(D)(3),hipaa 164.404(D)(3),HIPAA 164.4 Breach Notification,0,0,0,,,,,framework_catalog_only,,
hipaa,164.406(A),hipaa 164.406(A),HIPAA 164.4 Breach Notification,0,0,0,,,,,framework_catalog_only,,
hipaa,164.406(B),hipaa 164.406(B),HIPAA 164.4 Breach Notification,0,0,0,,,,,framework_catalog_only,,
hipaa,164.406(C),hipaa 164.406(C),HIPAA 164.4 Breach Notification,0,0,0,,,,,framework_catalog_only,,
hipaa,164.408(A),hipaa 164.408(A),HIPAA 164.4 Breach Notification,0,0,0,,,,,framework_catalog_only,,
hipaa,164.408(B),hipaa 164.408(B),HIPAA 164.4 Breach Notification,0,0,0,,,,,framework_catalog_only,,
hipaa,164.408(C),hipaa 164.408(C),HIPAA 164.4 Breach Notification,0,0,0,,,,,framework_catalog_only,,
hipaa,164.410(A)(1),hipaa 164.410(A)(1),HIPAA 164.4 Breach Notification,0,0,0,,,,,framework_catalog_only,,
hipaa,164.410(A)(2),hipaa 164.410(A)(2),HIPAA 164.4 Breach Notification,0,0,0,,,,,framework_catalog_only,,
hipaa,164.410(B),hipaa 164.410(B),HIPAA 164.4 Breach Notification,0,0,0,,,,,framework_catalog_only,,
hipaa,164.410(C)(1),hipaa 164.410(C)(1),HIPAA 164.4 Breach Notification,0,0,0,,,,,framework_catalog_only,,
hipaa,164.410(C)(2),hipaa 164.410(C)(2),HIPAA 164.4 Breach Notification,0,0,0,,,,,framework_catalog_only,,
hipaa,164.412,hipaa 164.412,HIPAA 164.4 Breach Notification,0,0,0,,,,,framework_catalog_only,,
hipaa,164.414,hipaa 164.414,HIPAA 164.4 Breach Notification,0,0,0,,,,,framework_catalog_only,,
hitruste1,AC,hitruste1 AC,HITRUST e1 HITRUST HITRUST Control Domains,0,0,0,,,,,framework_catalog_only,,
hitruste1,ALM,hitruste1 ALM,HITRUST e1 HITRUST HITRUST Control Domains,0,0,0,,,,,framework_catalog_only,,
hitruste1,BCDR,hitruste1 BCDR,HITRUST e1 HITRUST HITRUST Control Domains,0,0,0,,,,,framework_catalog_only,,
hitruste1,CM,hitruste1 CM,HITRUST e1 HITRUST HITRUST Control Domains,0,0,0,,,,,framework_catalog_only,,
hitruste1,DPP,hitruste1 DPP,HITRUST e1 HITRUST HITRUST Control Domains,0,0,0,,,,,framework_catalog_only,,
hitruste1,EP,hitruste1 EP,HITRUST e1 HITRUST HITRUST Control Domains,0,0,0,,,,,framework_catalog_only,,
hitruste1,ETA,hitruste1 ETA,HITRUST e1 HITRUST HITRUST Control Domains,0,0,0,,,,,framework_catalog_only,,
hitruste1,IM,hitruste1 IM,HITRUST e1 HITRUST HITRUST Control Domains,0,0,0,,,,,framework_catalog_only,,
hitruste1,IPP,hitruste1 IPP,HITRUST e1 HITRUST HITRUST Control Domains,0,0,0,,,,,framework_catalog_only,,
hitruste1,MDS,hitruste1 MDS,HITRUST e1 HITRUST HITRUST Control Domains,0,0,0,,,,,framework_catalog_only,,
hitruste1,NP,hitruste1 NP,HITRUST e1 HITRUST HITRUST Control Domains,0,0,0,,,,,framework_catalog_only,,
hitruste1,PES,hitruste1 PES,HITRUST e1 HITRUST HITRUST Control Domains,0,0,0,,,,,framework_catalog_only,,
hitruste1,PM,hitruste1 PM,HITRUST e1 HITRUST HITRUST Control Domains,0,0,0,,,,,framework_catalog_only,,
hitruste1,PMS,hitruste1 PMS,HITRUST e1 HITRUST HITRUST Control Domains,0,0,0,,,,,framework_catalog_only,,
hitruste1,RM,hitruste1 RM,HITRUST e1 HITRUST HITRUST Control Domains,0,0,0,,,,,framework_catalog_only,,
hitruste1,TP,hitruste1 TP,HITRUST e1 HITRUST HITRUST Control Domains,0,0,0,,,,,framework_catalog_only,,
hitruste1,TPA,hitruste1 TPA,HITRUST e1 HITRUST HITRUST Control Domains,0,0,0,,,,,framework_catalog_only,,
hitruste1,VM,hitruste1 VM,HITRUST e1 HITRUST HITRUST Control Domains,0,0,0,,,,,framework_catalog_only,,
hitruste1,WS,hitruste1 WS,HITRUST e1 HITRUST HITRUST Control Domains,0,0,0,,,,,framework_catalog_only,,
iso270012022,6.1.2,iso270012022 6.1.2,ISO 27001:2022 6 Planning,1,0,0,,ISO 27001:2022/identity-access-chain,,,direct_control_only,compliance-risk-assessment-annual,
iso270012022,8.2,iso270012022 8.2,ISO 27001:2022 8 Operation,1,0,0,,ISO 27001:2022/identity-access-chain,,,direct_control_only,compliance-risk-assessment-annual,
iso270012022,A.12.6,iso270012022 A.12.6,ISO 27001:2022 A.12 A.12 Controls,1,0,0,,,,,direct_control_only,github-dependabot-open-alert,
iso270012022,A.5.1,iso270012022 A.5.1,ISO 27001:2022 A.5 Organizational Controls,0,0,0,,,,,framework_catalog_only,,
iso270012022,A.5.10,iso270012022 A.5.10,ISO 27001:2022 A.5 Organizational Controls,0,0,0,,,,,framework_catalog_only,,
iso270012022,A.5.11,iso270012022 A.5.11,ISO 27001:2022 A.5 Organizational Controls,15,0,0,,,,,direct_control_only,identity-account-deprovision; identity-cyberark-deprovision; identity-duo-deprovision; identity-forgerock-deprovision; identity-github-deprovision; identity-jumpcloud-deprovision; identity-offboarding-sla; identity-office365-deprovision; identity-oracle-idcs-deprovision; identity-pingidentity-deprovision; identity-sailpoint-deprovision; identity-saviynt-deprovision; identity-slack-deprovision; identity-tailscale-deprovision; m365-terminated-users-active,
iso270012022,A.5.12,iso270012022 A.5.12,ISO 27001:2022 A.5 Organizational Controls,3,0,0,,,,,direct_control_only,compliance-inventory-data-tracking; data-sensitive-asset-risk; m365-sensitivity-labels-missing,
iso270012022,A.5.13,iso270012022 A.5.13,ISO 27001:2022 A.5 Organizational Controls,1,0,0,,,,,direct_control_only,compliance-inventory-data-tracking,
iso270012022,A.5.14,iso270012022 A.5.14,ISO 27001:2022 A.5 Organizational Controls,1,0,0,,,,,direct_control_only,email-domain-authentication-misconfigured,
iso270012022,A.5.15,iso270012022 A.5.15,ISO 27001:2022 A.5 Organizational Controls,236,1,1,,ISO 27001:2022/identity-access-chain,ISO 27001:2022 A.5.17 [sibling_scope/review_hint]; ISO 27001:2022 A.5.18 [sibling_scope/review_hint],,direct_source_backed,aws-iam-no-full-admin; azure-aks-rbac-enabled; container-privileged; github-actions-artifact-attestation-missing; github-actions-oidc-subject-too-broad; github-branch-protection-admin; github-branch-requires-linear-history; github-branch-requires-signed-commits; github-codeowners-missing; github-dependabot-security-updates-disabled; github-repo-webhook-insecure-ssl; github-ruleset-bypass-unrestricted; github-ruleset-required; github-secops-app-installation-all-repos-actions-read; github-secops-app-installation-all-repos-actions-write; github-secops-app-installation-all-repos-administration-write; github-secops-app-installation-all-repos-checks-read; github-secops-app-installation-all-repos-checks-write; github-secops-app-installation-all-repos-contents-read; github-secops-app-installation-all-repos-contents-write; github-secops-app-installation-all-repos-deployments-read; github-secops-app-installation-all-repos-deployments-write; github-secops-app-installation-all-repos-environments-read; github-secops-app-installation-all-repos-environments-write; github-secops-app-installation-all-repos-issues-write; ... 211 more,aws-iam-no-full-admin
iso270012022,A.5.16,iso270012022 A.5.16,ISO 27001:2022 A.5 Organizational Controls,23,0,0,,ISO 27001:2022/identity-access-chain,,,direct_control_only,grc-inactive-identity-active-access; grc-privileged-account-missing-person; identity-admin-privilege-granted; identity-api-token-or-oauth-app-created; identity-auth-control-lifecycle-tampering; identity-break-glass-account-review; identity-conditional-access-high-risk-signin; identity-external-or-personal-group-member; identity-github-active-without-okta-link; identity-idp-risky-user-unresolved; identity-mfa-factor-reset-or-disabled; identity-okta-deprovisioned-active-cloud-access; identity-passkey-enrollment-admins; identity-phishing-resistant-mfa-admins; identity-privileged-access-review-overdue; identity-privileged-account-without-mfa; identity-privileged-no-mfa-plus-sensitive-access; identity-scim-deprovisioning-disabled; identity-service-account-owner-missing; identity-session-lifetime-too-long-admin; identity-sso-required-for-saas-admins; identity-stale-privileged-account; sentinelone-infected-endpoint-privileged-owner,
iso270012022,A.5.17,iso270012022 A.5.17,ISO 27001:2022 A.5 Organizational Controls,381,16,16,,ISO 27001:2022/identity-access-chain,,ISO 27001:2022 A.5.15 [sibling_scope/review_hint],direct_source_backed,endpoint-kandji-password-manager; endpoint-password-manager; identity-atlassian-active-no-employee-record; identity-atlassian-duplicate-email; identity-atlassian-duplicate-group-name; identity-atlassian-duplicate-membership-assignment; identity-atlassian-empty-groups; identity-atlassian-missing-email; identity-atlassian-personal-email-domain; identity-atlassian-privileged-personal-email; identity-atlassian-terminated-active-account; identity-auth0-active-no-employee-record; identity-auth0-duplicate-email; identity-auth0-missing-email; identity-auth0-never-logged-in-30d; identity-auth0-never-logged-in-90d; identity-auth0-personal-email-domain; identity-auth0-stale-login-180d; identity-auth0-stale-login-365d; identity-auth0-stale-login-90d; identity-auth0-terminated-active-account; identity-cyberark-active-no-employee-record; identity-cyberark-duplicate-email; identity-cyberark-duplicate-group-name; identity-cyberark-duplicate-membership-assignment; ... 356 more,identity-okta-active-no-employee-record; identity-okta-duplicate-email; identity-okta-duplicate-username; identity-okta-mfa-missing-active; identity-okta-missing-email; identity-okta-never-logged-in-30d; identity-okta-never-logged-in-90d; identity-okta-personal-email-domain; identity-okta-privileged-no-mfa; identity-okta-privileged-personal-email; identity-okta-privileged-recently-created-7d; identity-okta-privileged-stale-login-30d; identity-okta-stale-login-180d; identity-okta-stale-login-365d; identity-okta-stale-login-90d; identity-okta-terminated-active-account
iso270012022,A.5.18,iso270012022 A.5.18,ISO 27001:2022 A.5 Organizational Controls,37,20,20,aws/effective_permission [supported]; aws/iam_role_assignment [supported]; github/fine_grained_permissions [partial]; okta/admin_roles [partial]; okta/group_memberships [supported]; okta/users [supported],ISO 27001:2022/identity-access-chain,,ISO 27001:2022 A.5.15 [sibling_scope/review_hint],direct_source_backed,aws-iam-no-full-admin; azure-aks-rbac-enabled; container-privileged; github-branch-protection-admin; github-programmatic-credential-review-needed; grc-inactive-identity-active-access; grc-privileged-account-missing-person; identity-break-glass-account-review; identity-conditional-access-high-risk-signin; identity-github-active-without-okta-link; identity-idp-risky-user-unresolved; identity-okta-app-access-without-assignment; identity-okta-deprovisioned-active-cloud-access; identity-okta-deprovisioned-active-in-github; identity-okta-external-user-internal-app; identity-okta-stale-app-assignment-30d; identity-okta-stale-app-assignment-90d; identity-okta-stale-group-membership-90d; identity-okta-vendor-app-broad-group-access; identity-passkey-enrollment-admins; identity-phishing-resistant-mfa-admins; identity-privileged-access-review-overdue; identity-scim-deprovisioning-disabled; identity-service-account-owner-missing; identity-session-lifetime-too-long-admin; ... 12 more,aws-iam-no-full-admin; github-branch-protection-admin; github-programmatic-credential-review-needed; grc-inactive-identity-active-access; grc-privileged-account-missing-person; identity-github-active-without-okta-link; identity-idp-risky-user-unresolved; identity-okta-app-access-without-assignment; identity-okta-deprovisioned-active-cloud-access; identity-okta-deprovisioned-active-in-github; identity-okta-external-user-internal-app; identity-okta-stale-app-assignment-30d; identity-okta-stale-app-assignment-90d; identity-okta-stale-group-membership-90d; identity-okta-vendor-app-broad-group-access; identity-stale-accounts-disabled; m365-guest-access-review; m365-inactive-users; slack-admin-without-sso; slack-guest-user-no-expiry
iso270012022,A.5.19,iso270012022 A.5.19,ISO 27001:2022 A.5 Organizational Controls,7,3,3,,,,,direct_source_backed,grc-vendor-review-overdue; identity-okta-vendor-app-review-overdue; identity-okta-vendor-app-without-grc-record; vendor-auth-method; vendor-pci-compliance; vendor-risk-assessed; vendor-security-review-complete,grc-vendor-review-overdue; identity-okta-vendor-app-review-overdue; identity-okta-vendor-app-without-grc-record
iso270012022,A.5.2,iso270012022 A.5.2,ISO 27001:2022 A.5 Organizational Controls,1,0,0,,,,,direct_control_only,backstage-critical-component-missing-owner,
iso270012022,A.5.20,iso270012022 A.5.20,ISO 27001:2022 A.5 Organizational Controls,6,2,2,,,,,direct_source_backed,identity-okta-vendor-app-review-overdue; identity-okta-vendor-app-without-grc-record; vendor-auth-method; vendor-dpa-exists; vendor-pci-compliance; vendor-security-review-complete,identity-okta-vendor-app-review-overdue; identity-okta-vendor-app-without-grc-record
iso270012022,A.5.21,iso270012022 A.5.21,ISO 27001:2022 A.5 Organizational Controls,3,0,0,,,,,direct_control_only,vendor-auth-method; vendor-pci-compliance; vendor-security-review-complete,
iso270012022,A.5.22,iso270012022 A.5.22,ISO 27001:2022 A.5 Organizational Controls,0,0,0,,,,,framework_catalog_only,,
iso270012022,A.5.23,iso270012022 A.5.23,ISO 27001:2022 A.5 Organizational Controls,8,0,0,,,,,direct_control_only,m365-admin-consent-workflow-disabled; m365-external-forwarding-enabled; m365-mailbox-audit-disabled; m365-purview-audit-standard-missing; m365-safe-attachments-disabled; m365-safe-links-disabled; m365-sharepoint-external-sharing-anyone; m365-tenant-legacy-auth-enabled,
iso270012022,A.5.24,iso270012022 A.5.24,ISO 27001:2022 A.5 Organizational Controls,26,5,5,,ISO 27001:2022/operations-detection-response,ISO 27001:2022 A.5.25 [evidence_dependency/review_hint],,direct_source_backed,aws-guardduty-c2-traffic; aws-guardduty-crypto-mining; aws-guardduty-malware-finding; aws-guardduty-notifications; azure-defender-storage; compliance-ir-plan-exists; compliance-p1-security-issues; compliance-p2-security-issues; container-runtime-exec-detected; gcp-cloud-ids-notifications; okta-suspicious-login; panopticon-curated-case; runtime-active-threat-evidence; runtime-c2-connection-critical-asset; runtime-cloudtrail-disabled-event; runtime-dns-newly-registered-domain; runtime-edr-disabled-after-alert; runtime-guardduty-finding-high-open; runtime-identity-provider-risky-session; runtime-impossible-travel-admin; runtime-k8s-exec-privileged-pod; runtime-k8s-serviceaccount-token-access; runtime-malware-not-contained; sentinelone-threat-detected; threat-intel-malicious-domain-resolution; ... 1 more,aws-guardduty-c2-traffic; aws-guardduty-crypto-mining; aws-guardduty-malware-finding; panopticon-curated-case; runtime-guardduty-finding-high-open
iso270012022,A.5.25,iso270012022 A.5.25,ISO 27001:2022 A.5 Organizational Controls,24,4,4,,ISO 27001:2022/operations-detection-response,,ISO 27001:2022 A.5.24 [evidence_dependency/review_hint],direct_source_backed,aws-guardduty-c2-traffic; aws-guardduty-crypto-mining; aws-guardduty-malware-finding; aws-guardduty-notifications; azure-defender-storage; compliance-ir-plan-exists; container-runtime-exec-detected; gcp-cloud-ids-notifications; okta-suspicious-login; runtime-c2-connection-critical-asset; runtime-cloudtrail-disabled-event; runtime-dns-newly-registered-domain; runtime-edr-disabled-after-alert; runtime-guardduty-finding-high-open; runtime-identity-provider-risky-session; runtime-impossible-travel-admin; runtime-k8s-exec-privileged-pod; runtime-k8s-serviceaccount-token-access; runtime-malware-not-contained; sentinelone-endpoint-active-infection; sentinelone-threat-detected; sentinelone-unmitigated-threat; threat-intel-malicious-domain-resolution; threat-intel-malicious-ip-connection,aws-guardduty-c2-traffic; aws-guardduty-crypto-mining; aws-guardduty-malware-finding; runtime-guardduty-finding-high-open
iso270012022,A.5.26,iso270012022 A.5.26,ISO 27001:2022 A.5 Organizational Controls,11,4,4,,ISO 27001:2022/operations-detection-response,,,direct_source_backed,aws-guardduty-c2-traffic; aws-guardduty-crypto-mining; aws-guardduty-malware-finding; compliance-ir-plan-exists; compliance-p1-security-issues; container-runtime-exec-detected; pagerduty-service-without-escalation-policy; sentinelone-mitigation-failed; sentinelone-threat-detected; threat-intel-malicious-domain-resolution; threat-intel-malicious-ip-connection,aws-guardduty-c2-traffic; aws-guardduty-crypto-mining; aws-guardduty-malware-finding; pagerduty-service-without-escalation-policy
iso270012022,A.5.27,iso270012022 A.5.27,ISO 27001:2022 A.5 Organizational Controls,0,0,0,,,,,framework_catalog_only,,
iso270012022,A.5.28,iso270012022 A.5.28,ISO 27001:2022 A.5 Organizational Controls,1,0,0,,,,,direct_control_only,evidence-cas-unresolved-linkage,
iso270012022,A.5.29,iso270012022 A.5.29,ISO 27001:2022 A.5 Organizational Controls,2,0,0,,ISO 27001:2022/operations-detection-response,,,direct_control_only,aws-s3-cross-region-replication; compliance-bcdr-plan-exists,
iso270012022,A.5.3,iso270012022 A.5.3,ISO 27001:2022 A.5 Organizational Controls,0,0,0,,,,,framework_catalog_only,,
iso270012022,A.5.30,iso270012022 A.5.30,ISO 27001:2022 A.5 Organizational Controls,10,0,0,,ISO 27001:2022/operations-detection-response,,,direct_control_only,aws-rds-backup-enabled; aws-rds-deletion-protection; aws-rds-multi-az-enabled; aws-s3-bucket-versioning-enabled; compliance-bcdr-plan-exists; gcp-sql-backup-enabled; k8s-deployment-multiple-replicas; k8s-pod-liveness-probe-required; k8s-pod-readiness-probe-required; k8s-pod-resource-limits,
iso270012022,A.5.31,iso270012022 A.5.31,ISO 27001:2022 A.5 Organizational Controls,0,0,0,,,,,framework_catalog_only,,
iso270012022,A.5.32,iso270012022 A.5.32,ISO 27001:2022 A.5 Organizational Controls,0,0,0,,,,,framework_catalog_only,,
iso270012022,A.5.33,iso270012022 A.5.33,ISO 27001:2022 A.5 Organizational Controls,1,0,0,,,,,direct_control_only,aws-cloudtrail-kms-encryption,
iso270012022,A.5.34,iso270012022 A.5.34,ISO 27001:2022 A.5 Organizational Controls,0,0,0,,,,,framework_catalog_only,,
iso270012022,A.5.35,iso270012022 A.5.35,ISO 27001:2022 A.5 Organizational Controls,4,1,1,,,,,direct_source_backed,finding-isolated-open-anchor; graph-aws-ec2-eni-link-missing; graph-orphan-nonfinding-node; grc-control-test-needs-attention,grc-control-test-needs-attention
iso270012022,A.5.36,iso270012022 A.5.36,ISO 27001:2022 A.5 Organizational Controls,2,1,1,,,,,direct_source_backed,grc-control-missing-evidence-coverage; sdk-integration-active-risk,grc-control-missing-evidence-coverage
iso270012022,A.5.37,iso270012022 A.5.37,ISO 27001:2022 A.5 Organizational Controls,1,0,0,,,,,direct_control_only,grc-document-needs-owner-or-upload,
iso270012022,A.5.4,iso270012022 A.5.4,ISO 27001:2022 A.5 Organizational Controls,0,0,0,,,,,framework_catalog_only,,
iso270012022,A.5.5,iso270012022 A.5.5,ISO 27001:2022 A.5 Organizational Controls,0,0,0,,,,,framework_catalog_only,,
iso270012022,A.5.6,iso270012022 A.5.6,ISO 27001:2022 A.5 Organizational Controls,0,0,0,,,,,framework_catalog_only,,
iso270012022,A.5.7,iso270012022 A.5.7,ISO 27001:2022 A.5 Organizational Controls,3,0,0,,,,,direct_control_only,cosmo-coordination-active-risk; graph-resource-multiple-open-findings; m365-email-security-baseline,
iso270012022,A.5.8,iso270012022 A.5.8,ISO 27001:2022 A.5 Organizational Controls,0,0,0,,,,,framework_catalog_only,,
iso270012022,A.5.9,iso270012022 A.5.9,ISO 27001:2022 A.5 Organizational Controls,1,0,0,,,,,direct_control_only,compliance-inventory-owners,
iso270012022,A.6.1,iso270012022 A.6.1,ISO 27001:2022 A.6 People Controls,1,0,0,,ISO 27001:2022/identity-access-chain,,,direct_control_only,compliance-background-checks,
iso270012022,A.6.2,iso270012022 A.6.2,ISO 27001:2022 A.6 People Controls,1,0,0,,ISO 27001:2022/identity-access-chain,,,direct_control_only,compliance-background-checks,
iso270012022,A.6.3,iso270012022 A.6.3,ISO 27001:2022 A.6 People Controls,1,0,0,,ISO 27001:2022/identity-access-chain,,,direct_control_only,compliance-security-training,
iso270012022,A.6.4,iso270012022 A.6.4,ISO 27001:2022 A.6 People Controls,0,0,0,,,,,framework_catalog_only,,
iso270012022,A.6.5,iso270012022 A.6.5,ISO 27001:2022 A.6 People Controls,15,0,0,,,,,direct_control_only,identity-account-deprovision; identity-cyberark-deprovision; identity-duo-deprovision; identity-forgerock-deprovision; identity-github-deprovision; identity-jumpcloud-deprovision; identity-offboarding-sla; identity-office365-deprovision; identity-oracle-idcs-deprovision; identity-pingidentity-deprovision; identity-sailpoint-deprovision; identity-saviynt-deprovision; identity-slack-deprovision; identity-tailscale-deprovision; m365-terminated-users-active,
iso270012022,A.6.6,iso270012022 A.6.6,ISO 27001:2022 A.6 People Controls,0,0,0,,,,,framework_catalog_only,,
iso270012022,A.6.7,iso270012022 A.6.7,ISO 27001:2022 A.6 People Controls,0,0,0,,,,,framework_catalog_only,,
iso270012022,A.6.8,iso270012022 A.6.8,ISO 27001:2022 A.6 People Controls,0,0,0,,,,,framework_catalog_only,,
iso270012022,A.7.1,iso270012022 A.7.1,ISO 27001:2022 A.7 Physical Controls,0,0,0,,,,,framework_catalog_only,,
iso270012022,A.7.10,iso270012022 A.7.10,ISO 27001:2022 A.7 Physical Controls,0,0,0,,,,,framework_catalog_only,,
iso270012022,A.7.11,iso270012022 A.7.11,ISO 27001:2022 A.7 Physical Controls,0,0,0,,,,,framework_catalog_only,,
iso270012022,A.7.12,iso270012022 A.7.12,ISO 27001:2022 A.7 Physical Controls,0,0,0,,,,,framework_catalog_only,,
iso270012022,A.7.13,iso270012022 A.7.13,ISO 27001:2022 A.7 Physical Controls,0,0,0,,,,,framework_catalog_only,,
iso270012022,A.7.14,iso270012022 A.7.14,ISO 27001:2022 A.7 Physical Controls,0,0,0,,,,,framework_catalog_only,,
iso270012022,A.7.2,iso270012022 A.7.2,ISO 27001:2022 A.7 Physical Controls,0,0,0,,,,,framework_catalog_only,,
iso270012022,A.7.3,iso270012022 A.7.3,ISO 27001:2022 A.7 Physical Controls,0,0,0,,,,,framework_catalog_only,,
iso270012022,A.7.4,iso270012022 A.7.4,ISO 27001:2022 A.7 Physical Controls,0,0,0,,,,,framework_catalog_only,,
iso270012022,A.7.5,iso270012022 A.7.5,ISO 27001:2022 A.7 Physical Controls,0,0,0,,,,,framework_catalog_only,,
iso270012022,A.7.6,iso270012022 A.7.6,ISO 27001:2022 A.7 Physical Controls,0,0,0,,,,,framework_catalog_only,,
iso270012022,A.7.7,iso270012022 A.7.7,ISO 27001:2022 A.7 Physical Controls,2,0,0,,,,,direct_control_only,endpoint-jamf-screenlock; endpoint-screenlock-configured,
iso270012022,A.7.8,iso270012022 A.7.8,ISO 27001:2022 A.7 Physical Controls,0,0,0,,,,,framework_catalog_only,,
iso270012022,A.7.9,iso270012022 A.7.9,ISO 27001:2022 A.7 Physical Controls,0,0,0,,,,,framework_catalog_only,,
iso270012022,A.8.1,iso270012022 A.8.1,ISO 27001:2022 A.8 Technology Controls,8,0,0,,ISO 27001:2022/identity-access-chain,,,direct_control_only,endpoint-intune-noncompliant; endpoint-jamf-screenlock; endpoint-kandji-password-manager; endpoint-malware-detection; endpoint-mdm-enrolled; endpoint-password-manager; endpoint-screenlock-configured; endpoint-sentinelone-active,
iso270012022,A.8.10,iso270012022 A.8.10,ISO 27001:2022 A.8 Technology Controls,0,0,0,,,,,framework_catalog_only,,
iso270012022,A.8.11,iso270012022 A.8.11,ISO 27001:2022 A.8 Technology Controls,0,0,0,,,,,framework_catalog_only,,
iso270012022,A.8.12,iso270012022 A.8.12,ISO 27001:2022 A.8 Technology Controls,13,0,0,,,,,direct_control_only,m365-admin-consent-workflow-disabled; m365-dlp-policy-missing; m365-external-forwarding-enabled; m365-mailbox-audit-disabled; m365-purview-audit-standard-missing; m365-safe-attachments-disabled; m365-safe-links-disabled; m365-sharepoint-external-sharing-anyone; m365-tenant-legacy-auth-enabled; slack-admin-without-sso; slack-app-bot-token-unreviewed; slack-external-shared-channel-unreviewed; slack-guest-user-no-expiry,
iso270012022,A.8.13,iso270012022 A.8.13,ISO 27001:2022 A.8 Technology Controls,17,0,0,,ISO 27001:2022/operations-detection-response,,,direct_control_only,aws-dynamodb-pitr; aws-logs-retention-365; aws-rds-backup-enabled; aws-rds-deletion-protection; aws-s3-bucket-versioning-enabled; aws-s3-cross-region-replication; backup-encryption; backup-offsite; backup-retention; backup-rpo-compliance; backup-testing; bucket-sensitive-no-lock; cert-expiry-30-days; db-backup-enabled; db-multi-az; gcp-sql-backup-enabled; pci-audit-retention,
iso270012022,A.8.14,iso270012022 A.8.14,ISO 27001:2022 A.8 Technology Controls,20,0,0,,,,,direct_control_only,aws-dynamodb-pitr; aws-logs-retention-365; aws-rds-backup-enabled; aws-rds-deletion-protection; aws-rds-multi-az-enabled; aws-s3-bucket-versioning-enabled; backup-encryption; backup-offsite; backup-retention; backup-rpo-compliance; backup-testing; cert-expiry-30-days; db-backup-enabled; db-multi-az; gcp-sql-backup-enabled; k8s-deployment-multiple-replicas; k8s-pod-liveness-probe-required; k8s-pod-readiness-probe-required; k8s-pod-resource-limits; pci-audit-retention,
iso270012022,A.8.15,iso270012022 A.8.15,ISO 27001:2022 A.8 Technology Controls,138,137,137,aws/cloudtrail [supported]; aws/guardduty_finding [supported]; github/audit_events [supported]; okta/audit_events [supported],ISO 27001:2022/operations-detection-response,ISO 27001:2022 A.8.16 [evidence_dependency/review_hint],,direct_source_backed,aws-logs-retention-365; db-audit-logging; endpoint-malware-detection; endpoint-sentinelone-active; gcp-log-sink-access; github-secops-app-installation-all-repos-event-check-run; github-secops-app-installation-all-repos-event-check-suite; github-secops-app-installation-all-repos-event-code-scanning-alert; github-secops-app-installation-all-repos-event-create; github-secops-app-installation-all-repos-event-delete; github-secops-app-installation-all-repos-event-deployment; github-secops-app-installation-all-repos-event-deployment-status; github-secops-app-installation-all-repos-event-member; github-secops-app-installation-all-repos-event-membership; github-secops-app-installation-all-repos-event-organization; github-secops-app-installation-all-repos-event-repository; github-secops-app-installation-all-repos-event-secret-scanning-alert; github-secops-app-installation-all-repos-event-workflow-job; github-secops-app-installation-all-repos-event-workflow-run; github-secops-repo-internal-all-push-protection-disabled; github-secops-repo-internal-all-secret-scanning-disabled; github-secops-repo-internal-fork-push-protection-disabled; github-secops-repo-internal-fork-secret-scanning-disabled; github-secops-repo-internal-primary-push-protection-disabled; github-secops-repo-internal-primary-secret-scanning-disabled; ... 113 more,aws-logs-retention-365; db-audit-logging; endpoint-malware-detection; endpoint-sentinelone-active; gcp-log-sink-access; github-secops-app-installation-all-repos-event-check-run; github-secops-app-installation-all-repos-event-check-suite; github-secops-app-installation-all-repos-event-code-scanning-alert; github-secops-app-installation-all-repos-event-create; github-secops-app-installation-all-repos-event-delete; github-secops-app-installation-all-repos-event-deployment; github-secops-app-installation-all-repos-event-deployment-status; github-secops-app-installation-all-repos-event-member; github-secops-app-installation-all-repos-event-membership; github-secops-app-installation-all-repos-event-organization; github-secops-app-installation-all-repos-event-repository; github-secops-app-installation-all-repos-event-secret-scanning-alert; github-secops-app-installation-all-repos-event-workflow-job; github-secops-app-installation-all-repos-event-workflow-run; github-secops-repo-internal-all-push-protection-disabled; github-secops-repo-internal-all-secret-scanning-disabled; github-secops-repo-internal-fork-push-protection-disabled; github-secops-repo-internal-fork-secret-scanning-disabled; github-secops-repo-internal-primary-push-protection-disabled; github-secops-repo-internal-primary-secret-scanning-disabled; ... 112 more
iso270012022,A.8.16,iso270012022 A.8.16,ISO 27001:2022 A.8 Technology Controls,54,17,17,,ISO 27001:2022/operations-detection-response,,ISO 27001:2022 A.8.15 [evidence_dependency/review_hint],direct_source_backed,aws-guardduty-c2-traffic; aws-guardduty-crypto-mining; aws-guardduty-malware-finding; aws-logs-retention-365; azure-defender-storage; container-runtime-exec-detected; db-audit-logging; endpoint-malware-detection; endpoint-sentinelone-active; gcp-log-sink-access; identity-okta-account-lock-events-24h; identity-okta-application-lifecycle-tampering-30d; identity-okta-password-reset-or-unlock-attempt-spike-24h; identity-okta-possible-dos-attack-1h; identity-okta-rate-limit-violations-24h; identity-okta-threat-insight-not-blocking; identity-okta-threatinsight-detected-30d; identity-okta-unauthorized-app-access-attempts-7d; identity-okta-user-reported-suspicious-activity-30d; m365-risky-users; network-ids-coverage; okta-suspicious-login; pci-audit-retention; pci-audit-trail-enabled; pci-unique-user-ids; ... 29 more,aws-guardduty-c2-traffic; aws-guardduty-crypto-mining; aws-guardduty-malware-finding; gcp-log-sink-access; identity-okta-account-lock-events-24h; identity-okta-application-lifecycle-tampering-30d; identity-okta-password-reset-or-unlock-attempt-spike-24h; identity-okta-possible-dos-attack-1h; identity-okta-rate-limit-violations-24h; identity-okta-threat-insight-not-blocking; identity-okta-threatinsight-detected-30d; identity-okta-unauthorized-app-access-attempts-7d; identity-okta-user-reported-suspicious-activity-30d; okta-suspicious-login; runtime-cloudtrail-disabled-event; runtime-guardduty-finding-high-open; sentinelone-command-control
iso270012022,A.8.17,iso270012022 A.8.17,ISO 27001:2022 A.8 Technology Controls,0,0,0,,,,,framework_catalog_only,,
iso270012022,A.8.18,iso270012022 A.8.18,ISO 27001:2022 A.8 Technology Controls,0,0,0,,,,,framework_catalog_only,,
iso270012022,A.8.19,iso270012022 A.8.19,ISO 27001:2022 A.8 Technology Controls,1,0,0,,,,,direct_control_only,aws-rds-auto-minor-upgrade,
iso270012022,A.8.2,iso270012022 A.8.2,ISO 27001:2022 A.8 Technology Controls,11,0,0,,ISO 27001:2022/identity-access-chain,,,direct_control_only,anthropic-unmanaged-active-api-key; github-org-owner-role-review-needed; identity-okta-admin-plus-app-owner; identity-okta-admin-privilege-grant-events-30d; identity-okta-api-token-created-30d; identity-okta-api-token-revoked-30d; identity-okta-group-grants-admin-app; identity-okta-superadmin-count; identity-okta-support-session-impersonation-30d; openai-orphaned-privileged-api-key; tailscale-tailnet-device-approval-disabled,
iso270012022,A.8.20,iso270012022 A.8.20,ISO 27001:2022 A.8 Technology Controls,38,5,5,aws/public_endpoint [supported]; aws/resource_exposure [supported]; aws/security_group [supported],ISO 27001:2022/operations-detection-response,,,direct_source_backed,api-admin-function-public; api-cors-wildcard-credentials; api-deprecated-version-public; api-endpoint-no-authentication; api-inventory-owner-missing; api-mtls-required-missing-sensitive-service; api-object-level-authorization-missing; api-rate-limit-missing; api-refresh-token-rotation-disabled; api-schema-validation-missing; api-sensitive-response-field-exposed; api-shadow-endpoint-detected; api-third-party-timeout-missing; api-third-party-tls-validation-disabled; api-token-ttl-too-long; aws-ec2-public-ports-restricted; cloud-current-public-exposure-review-needed; cloud-effective-admin-permission; cloud-exposed-privileged-compute-role; cloud-privilege-path-granted; cloud-public-exposure-privileged-principal; cloud-public-resource-exposure; cloudflare-zone-protection-paused; container-host-network; container-image-scan; ... 13 more,aws-ec2-public-ports-restricted; cloud-current-public-exposure-review-needed; cloud-exposed-privileged-compute-role; cloud-public-exposure-privileged-principal; cloud-public-resource-exposure
iso270012022,A.8.21,iso270012022 A.8.21,ISO 27001:2022 A.8 Technology Controls,15,0,0,,ISO 27001:2022/operations-detection-response,,,direct_control_only,api-admin-function-public; api-cors-wildcard-credentials; api-deprecated-version-public; api-endpoint-no-authentication; api-inventory-owner-missing; api-mtls-required-missing-sensitive-service; api-object-level-authorization-missing; api-rate-limit-missing; api-refresh-token-rotation-disabled; api-schema-validation-missing; api-sensitive-response-field-exposed; api-shadow-endpoint-detected; api-third-party-timeout-missing; api-third-party-tls-validation-disabled; api-token-ttl-too-long,
iso270012022,A.8.22,iso270012022 A.8.22,ISO 27001:2022 A.8 Technology Controls,11,1,1,,ISO 27001:2022/operations-detection-response,,,direct_source_backed,aws-ec2-public-ports-restricted; container-host-network; db-public-access; identity-tailscale-deprovision; network-default-deny; network-dns-security; network-ids-coverage; network-segmentation; network-unused-ports; pci-firewall-inbound-rules; vuln-public-facing,aws-ec2-public-ports-restricted
iso270012022,A.8.23,iso270012022 A.8.23,ISO 27001:2022 A.8 Technology Controls,0,0,0,,,,,framework_catalog_only,,
iso270012022,A.8.24,iso270012022 A.8.24,ISO 27001:2022 A.8 Technology Controls,27,6,6,aws/kms_key [supported]; aws/s3_bucket [supported]; aws/secret [supported],ISO 27001:2022/operations-detection-response,,,direct_source_backed,aws-alb-http-to-https; aws-cloudtrail-kms-encryption; azure-vm-unmanaged-disk; backup-encryption; bucket-sensitive-no-lock; cert-expired; cert-expiry-30-days; cert-self-signed; cert-weak-key; cert-weak-signature; db-encryption-at-rest; db-ssl-connections; endpoint-disk-encryption; endpoint-intune-disk-encryption; endpoint-jamf-disk-encryption; endpoint-kandji-disk-encryption; endpoint-kandji-password-manager; endpoint-password-manager; kandji-endpoint-disk-encryption-disabled; pci-cardholder-data-encrypted; pci-transmission-encrypted; secrets-access-audit; secrets-least-privilege; secrets-rotation; secrets-vault-storage; ... 2 more,aws-alb-http-to-https; aws-cloudtrail-kms-encryption; secrets-access-audit; secrets-least-privilege; secrets-rotation; secrets-vault-storage
iso270012022,A.8.25,iso270012022 A.8.25,ISO 27001:2022 A.8 Technology Controls,168,124,124,,ISO 27001:2022/operations-detection-response,,,direct_source_backed,cicd-artifact-signature-required; cicd-build-logs-public; cicd-build-provenance-required; cicd-build-provenance-verified; cicd-dependency-review-required; cicd-iac-plan-approval-required; cicd-release-separation-of-duties; cicd-secret-scanning-blocking-required; cicd-slsa-build-level-below-2; cicd-slsa-build-level-below-3-critical-service; cicd-unpinned-third-party-action; cicd-untrusted-fork-write-token; container-admission-policy-missing; container-base-image-eol; container-image-critical-vulnerability; container-image-no-sbom; container-image-not-signed; container-registry-immutable-tags-disabled; container-registry-public; container-runtime-default-seccomp-missing; github-actions-artifact-attestation-missing; github-actions-oidc-subject-too-broad; github-branch-requires-linear-history; github-branch-requires-signed-commits; github-codeowners-missing; ... 143 more,github-actions-artifact-attestation-missing; github-actions-oidc-subject-too-broad; github-branch-requires-linear-history; github-branch-requires-signed-commits; github-codeowners-missing; github-dependabot-security-updates-disabled; github-repo-webhook-insecure-ssl; github-ruleset-bypass-unrestricted; github-ruleset-required; github-secops-audit-repo-advanced-security-disabled; github-secops-audit-repo-artifact-attestation-missing; github-secops-audit-repo-branch-deletions-allowed; github-secops-audit-repo-branch-force-pushes-allowed; github-secops-audit-repo-branch-policy-override; github-secops-audit-repo-code-security-disabled; github-secops-audit-repo-dependabot-alerts-disabled; github-secops-audit-repo-oidc-subject-too-broad; github-secops-audit-repo-push-protection-disabled-audit; github-secops-audit-repo-required-review-removed; github-secops-audit-repo-required-status-check-removed; github-secops-audit-repo-ruleset-bypass-actor-added; github-secops-audit-repo-ruleset-destroyed; github-secops-audit-repo-ruleset-disabled; github-secops-audit-repo-secret-scanning-disabled-audit; github-secops-audit-repo-vulnerability-alerts-disabled; ... 99 more
iso270012022,A.8.26,iso270012022 A.8.26,ISO 27001:2022 A.8 Technology Controls,0,0,0,,,,,framework_catalog_only,,
iso270012022,A.8.27,iso270012022 A.8.27,ISO 27001:2022 A.8 Technology Controls,0,0,0,,,,,framework_catalog_only,,
iso270012022,A.8.28,iso270012022 A.8.28,ISO 27001:2022 A.8 Technology Controls,15,0,0,,ISO 27001:2022/operations-detection-response,,,direct_control_only,api-admin-function-public; api-cors-wildcard-credentials; api-deprecated-version-public; api-endpoint-no-authentication; api-inventory-owner-missing; api-mtls-required-missing-sensitive-service; api-object-level-authorization-missing; api-rate-limit-missing; api-refresh-token-rotation-disabled; api-schema-validation-missing; api-sensitive-response-field-exposed; api-shadow-endpoint-detected; api-third-party-timeout-missing; api-third-party-tls-validation-disabled; api-token-ttl-too-long,
iso270012022,A.8.29,iso270012022 A.8.29,ISO 27001:2022 A.8 Technology Controls,0,0,0,,,,,framework_catalog_only,,
iso270012022,A.8.3,iso270012022 A.8.3,ISO 27001:2022 A.8 Technology Controls,1,0,0,,ISO 27001:2022/identity-access-chain,,,direct_control_only,cerebro-high-risk-api-access,
iso270012022,A.8.30,iso270012022 A.8.30,ISO 27001:2022 A.8 Technology Controls,0,0,0,,,,,framework_catalog_only,,
iso270012022,A.8.31,iso270012022 A.8.31,ISO 27001:2022 A.8 Technology Controls,0,0,0,,,,,framework_catalog_only,,
iso270012022,A.8.32,iso270012022 A.8.32,ISO 27001:2022 A.8 Technology Controls,14,3,3,github/pull_requests [supported],ISO 27001:2022/operations-detection-response,,,direct_source_backed,cicd-artifact-signature-required; cicd-build-logs-public; cicd-build-provenance-required; cicd-build-provenance-verified; cicd-dependency-review-required; cicd-iac-plan-approval-required; cicd-release-separation-of-duties; cicd-secret-scanning-blocking-required; cicd-slsa-build-level-below-2; cicd-slsa-build-level-below-3-critical-service; cicd-unpinned-third-party-action; cicd-untrusted-fork-write-token; github-automated-checks; github-branch-protection-admin,cicd-unpinned-third-party-action; github-automated-checks; github-branch-protection-admin
iso270012022,A.8.33,iso270012022 A.8.33,ISO 27001:2022 A.8 Technology Controls,0,0,0,,,,,framework_catalog_only,,
iso270012022,A.8.34,iso270012022 A.8.34,ISO 27001:2022 A.8 Technology Controls,0,0,0,,,,,framework_catalog_only,,
iso270012022,A.8.4,iso270012022 A.8.4,ISO 27001:2022 A.8 Technology Controls,0,0,0,,,,,framework_catalog_only,,
iso270012022,A.8.5,iso270012022 A.8.5,ISO 27001:2022 A.8 Technology Controls,22,5,5,okta/authenticators [supported]; okta/policy_rules [supported],ISO 27001:2022/identity-access-chain,,,direct_source_backed,duo-active-user-mfa-not-enforced; endpoint-kandji-password-manager; endpoint-password-manager; identity-google-workspace-admin-mfa; identity-okta-admin-mfa; identity-okta-admin-no-mfa-granular; identity-okta-authenticator-weak-factor-enabled; identity-okta-mfa-factor-reset-events-30d; identity-okta-password-view-events-30d; identity-saas-mfa-enforced; m365-conditional-access-disabled; m365-legacy-auth-signins; m365-mfa-required; pci-password-complexity; pci-password-expiry; pci-unique-user-ids; secrets-access-audit; secrets-least-privilege; secrets-rotation; secrets-vault-storage; slack-privileged-user-without-mfa; vendor-auth-method,identity-okta-admin-mfa; identity-okta-admin-no-mfa-granular; identity-okta-authenticator-weak-factor-enabled; identity-okta-mfa-factor-reset-events-30d; identity-okta-password-view-events-30d
iso270012022,A.8.6,iso270012022 A.8.6,ISO 27001:2022 A.8 Technology Controls,0,0,0,,,,,framework_catalog_only,,
iso270012022,A.8.7,iso270012022 A.8.7,ISO 27001:2022 A.8 Technology Controls,14,0,0,,,,,direct_control_only,endpoint-edr-installed; endpoint-intune-noncompliant; endpoint-kandji-edr-installed; endpoint-kandji-password-manager; endpoint-malware-detection; endpoint-mdm-enrolled; endpoint-password-manager; endpoint-sentinelone-active; pci-antivirus-enabled; sentinelone-agent-detect-only-mode; sentinelone-command-control; sentinelone-infected-endpoint-privileged-owner; sentinelone-malware; sentinelone-protection-control-tampering,
iso270012022,A.8.8,iso270012022 A.8.8,ISO 27001:2022 A.8 Technology Controls,386,335,335,aws/container_vulnerability [supported]; aws/inspector2_finding [supported]; github/code_security_alerts [supported]; github/remediation_state [partial],ISO 27001:2022/operations-detection-response,,,direct_source_backed,archetype-vulnerability-active; aurelius-promoted-vulnerability-active; aws-rds-auto-minor-upgrade; cicd-artifact-signature-required; cicd-build-logs-public; cicd-build-provenance-required; cicd-build-provenance-verified; cicd-dependency-review-required; cicd-iac-plan-approval-required; cicd-release-separation-of-duties; cicd-secret-scanning-blocking-required; cicd-slsa-build-level-below-2; cicd-slsa-build-level-below-3-critical-service; cicd-unpinned-third-party-action; cicd-untrusted-fork-write-token; container-admission-policy-missing; container-base-image-eol; container-image-critical-vulnerability; container-image-no-sbom; container-image-not-signed; container-image-scan; container-registry-immutable-tags-disabled; container-registry-public; container-runtime-default-seccomp-missing; gcp-container-vuln-critical; ... 361 more,aws-rds-auto-minor-upgrade; cicd-unpinned-third-party-action; github-actions-artifact-attestation-missing; github-actions-oidc-subject-too-broad; github-branch-requires-linear-history; github-branch-requires-signed-commits; github-codeowners-missing; github-dependabot-security-updates-disabled; github-repo-webhook-insecure-ssl; github-ruleset-bypass-unrestricted; github-ruleset-required; github-secops-app-installation-all-repos-actions-read; github-secops-app-installation-all-repos-actions-write; github-secops-app-installation-all-repos-administration-write; github-secops-app-installation-all-repos-checks-read; github-secops-app-installation-all-repos-checks-write; github-secops-app-installation-all-repos-contents-read; github-secops-app-installation-all-repos-contents-write; github-secops-app-installation-all-repos-deployments-read; github-secops-app-installation-all-repos-deployments-write; github-secops-app-installation-all-repos-environments-read; github-secops-app-installation-all-repos-environments-write; github-secops-app-installation-all-repos-event-check-run; github-secops-app-installation-all-repos-event-check-suite; github-secops-app-installation-all-repos-event-code-scanning-alert; ... 310 more
iso270012022,A.8.9,iso270012022 A.8.9,ISO 27001:2022 A.8 Technology Controls,51,10,10,,,,,direct_source_backed,container-admission-policy-missing; container-base-image-eol; container-host-network; container-image-critical-vulnerability; container-image-no-sbom; container-image-not-signed; container-image-scan; container-privileged; container-readonly-fs; container-registry-immutable-tags-disabled; container-registry-public; container-resource-limits; container-root-user; container-runtime-default-seccomp-missing; github-app-integration-installed; github-code-security-controls-disabled; github-org-auth-control-modified; github-org-ip-allow-list-modified; github-organization-owner-added; github-personal-access-token-created; github-private-repository-forking-enabled; github-repository-collaborator-added; github-repository-ruleset-modified; github-secret-scanning-alert-created; github-self-hosted-runner-review-needed; ... 26 more,github-private-repository-forking-enabled; github-repository-collaborator-added; github-repository-ruleset-modified; identity-okta-idp-lifecycle-changes-30d; identity-okta-network-zone-deactivation-30d; identity-okta-network-zone-delete-events-30d; identity-okta-network-zone-modify-events-30d; identity-okta-org2org-lifecycle-change-30d; kolide-host-failing-compliance-checks; sentinelone-risky-exclusion
iso270012022,C.10.1,iso270012022 C.10.1,ISO 27001:2022 C.10 Improvement,0,0,0,,,,,framework_catalog_only,,
iso270012022,C.10.2,iso270012022 C.10.2,ISO 27001:2022 C.10 Improvement,0,0,0,,,,,framework_catalog_only,,
iso270012022,C.4.1,iso270012022 C.4.1,ISO 27001:2022 C.4 Context,0,0,0,,,,,framework_catalog_only,,
iso270012022,C.4.2,iso270012022 C.4.2,ISO 27001:2022 C.4 Context,0,0,0,,,,,framework_catalog_only,,
iso270012022,C.4.3,iso270012022 C.4.3,ISO 27001:2022 C.4 Context,0,0,0,,,,,framework_catalog_only,,
iso270012022,C.4.4,iso270012022 C.4.4,ISO 27001:2022 C.4 Context,0,0,0,,,,,framework_catalog_only,,
iso270012022,C.5.1,iso270012022 C.5.1,ISO 27001:2022 C.5 Leadership,0,0,0,,,,,framework_catalog_only,,
iso270012022,C.5.2,iso270012022 C.5.2,ISO 27001:2022 C.5 Leadership,0,0,0,,,,,framework_catalog_only,,
iso270012022,C.5.3,iso270012022 C.5.3,ISO 27001:2022 C.5 Leadership,0,0,0,,,,,framework_catalog_only,,
iso270012022,C.6.1.1,iso270012022 C.6.1.1,ISO 27001:2022 C.6 Planning,0,0,0,,,,,framework_catalog_only,,
iso270012022,C.6.1.2,iso270012022 C.6.1.2,ISO 27001:2022 C.6 Planning,0,0,0,,,,,framework_catalog_only,,
iso270012022,C.6.1.3,iso270012022 C.6.1.3,ISO 27001:2022 C.6 Planning,0,0,0,,,,,framework_catalog_only,,
iso270012022,C.6.2,iso270012022 C.6.2,ISO 27001:2022 C.6 Planning,0,0,0,,,,,framework_catalog_only,,
iso270012022,C.6.3,iso270012022 C.6.3,ISO 27001:2022 C.6 Planning,0,0,0,,,,,framework_catalog_only,,
iso270012022,C.7.1,iso270012022 C.7.1,ISO 27001:2022 C.7 Support,0,0,0,,,,,framework_catalog_only,,
iso270012022,C.7.2,iso270012022 C.7.2,ISO 27001:2022 C.7 Support,0,0,0,,,,,framework_catalog_only,,
iso270012022,C.7.3,iso270012022 C.7.3,ISO 27001:2022 C.7 Support,0,0,0,,,,,framework_catalog_only,,
iso270012022,C.7.4,iso270012022 C.7.4,ISO 27001:2022 C.7 Support,0,0,0,,,,,framework_catalog_only,,
iso270012022,C.7.5.1,iso270012022 C.7.5.1,ISO 27001:2022 C.7 Support,0,0,0,,,,,framework_catalog_only,,
iso270012022,C.7.5.2,iso270012022 C.7.5.2,ISO 27001:2022 C.7 Support,0,0,0,,,,,framework_catalog_only,,
iso270012022,C.7.5.3,iso270012022 C.7.5.3,ISO 27001:2022 C.7 Support,0,0,0,,,,,framework_catalog_only,,
iso270012022,C.8.1,iso270012022 C.8.1,ISO 27001:2022 C.8 Operation,0,0,0,,,,,framework_catalog_only,,
iso270012022,C.8.2,iso270012022 C.8.2,ISO 27001:2022 C.8 Operation,0,0,0,,,,,framework_catalog_only,,
iso270012022,C.8.3,iso270012022 C.8.3,ISO 27001:2022 C.8 Operation,0,0,0,,,,,framework_catalog_only,,
iso270012022,C.9.1,iso270012022 C.9.1,ISO 27001:2022 C.9 Performance Evaluation,0,0,0,,,,,framework_catalog_only,,
iso270012022,C.9.2.1,iso270012022 C.9.2.1,ISO 27001:2022 C.9 Performance Evaluation,0,0,0,,,,,framework_catalog_only,,
iso270012022,C.9.2.2,iso270012022 C.9.2.2,ISO 27001:2022 C.9 Performance Evaluation,0,0,0,,,,,framework_catalog_only,,
iso270012022,C.9.3.1,iso270012022 C.9.3.1,ISO 27001:2022 C.9 Performance Evaluation,0,0,0,,,,,framework_catalog_only,,
iso270012022,C.9.3.2,iso270012022 C.9.3.2,ISO 27001:2022 C.9 Performance Evaluation,0,0,0,,,,,framework_catalog_only,,
iso270012022,C.9.3.3,iso270012022 C.9.3.3,ISO 27001:2022 C.9 Performance Evaluation,0,0,0,,,,,framework_catalog_only,,
iso27701,5.2.1,iso27701 5.2.1,ISO 27701 5 PIMS Foundation,0,0,0,,,,,framework_catalog_only,,
iso27701,5.2.2,iso27701 5.2.2,ISO 27701 5 PIMS Foundation,0,0,0,,,,,framework_catalog_only,,
iso27701,5.2.3,iso27701 5.2.3,ISO 27701 5 PIMS Foundation,0,0,0,,,,,framework_catalog_only,,
iso27701,5.2.4,iso27701 5.2.4,ISO 27701 5 PIMS Foundation,0,0,0,,,,,framework_catalog_only,,
iso27701,5.4.1.2,iso27701 5.4.1.2,ISO 27701 5 PIMS Foundation,0,0,0,,,,,framework_catalog_only,,
iso27701,5.4.1.3,iso27701 5.4.1.3,ISO 27701 5 PIMS Foundation,0,0,0,,,,,framework_catalog_only,,
iso27701,7.2.6,iso27701 7.2.6,ISO 27701 7 PII Controller Controls,1,0,0,,ISO 27701/privacy-management-evidence,ISO 27701 7.2.8 [sibling_scope/review_hint]; ISO 27701 8.2.1 [processor_dependency/review_hint],,direct_control_only,vendor-dpa-exists,
iso27701,7.2.8,iso27701 7.2.8,ISO 27701 7 PII Controller Controls,2,0,0,,ISO 27701/privacy-management-evidence,,ISO 27701 7.2.6 [sibling_scope/review_hint],direct_control_only,compliance-data-inventory-maintained; compliance-inventory-data-tracking,
iso27701,8.2.1,iso27701 8.2.1,ISO 27701 8 PII Processor Controls,1,0,0,,ISO 27701/privacy-management-evidence,,ISO 27701 7.2.6 [processor_dependency/review_hint],direct_control_only,vendor-dpa-exists,
iso27701,A.7.2.1,iso27701 A.7.2.1,ISO 27701 A.7 PII Controller Controls,0,0,0,,,,,framework_catalog_only,,
iso27701,A.7.2.2,iso27701 A.7.2.2,ISO 27701 A.7 PII Controller Controls,0,0,0,,,,,framework_catalog_only,,
iso27701,A.7.2.3,iso27701 A.7.2.3,ISO 27701 A.7 PII Controller Controls,0,0,0,,,,,framework_catalog_only,,
iso27701,A.7.2.4,iso27701 A.7.2.4,ISO 27701 A.7 PII Controller Controls,0,0,0,,,,,framework_catalog_only,,
iso27701,A.7.2.5,iso27701 A.7.2.5,ISO 27701 A.7 PII Controller Controls,0,0,0,,,,,framework_catalog_only,,
iso27701,A.7.2.6,iso27701 A.7.2.6,ISO 27701 A.7 PII Controller Controls,0,0,0,,,,,framework_catalog_only,,
iso27701,A.7.2.7,iso27701 A.7.2.7,ISO 27701 A.7 PII Controller Controls,0,0,0,,,,,framework_catalog_only,,
iso27701,A.7.2.8,iso27701 A.7.2.8,ISO 27701 A.7 PII Controller Controls,0,0,0,,,,,framework_catalog_only,,
iso27701,A.7.3.1,iso27701 A.7.3.1,ISO 27701 A.7 PII Controller Controls,0,0,0,,,,,framework_catalog_only,,
iso27701,A.7.3.10,iso27701 A.7.3.10,ISO 27701 A.7 PII Controller Controls,0,0,0,,,,,framework_catalog_only,,
iso27701,A.7.3.2,iso27701 A.7.3.2,ISO 27701 A.7 PII Controller Controls,0,0,0,,,,,framework_catalog_only,,
iso27701,A.7.3.3,iso27701 A.7.3.3,ISO 27701 A.7 PII Controller Controls,0,0,0,,,,,framework_catalog_only,,
iso27701,A.7.3.4,iso27701 A.7.3.4,ISO 27701 A.7 PII Controller Controls,0,0,0,,,,,framework_catalog_only,,
iso27701,A.7.3.5,iso27701 A.7.3.5,ISO 27701 A.7 PII Controller Controls,0,0,0,,,,,framework_catalog_only,,
iso27701,A.7.3.6,iso27701 A.7.3.6,ISO 27701 A.7 PII Controller Controls,0,0,0,,,,,framework_catalog_only,,
iso27701,A.7.3.7,iso27701 A.7.3.7,ISO 27701 A.7 PII Controller Controls,0,0,0,,,,,framework_catalog_only,,
iso27701,A.7.3.8,iso27701 A.7.3.8,ISO 27701 A.7 PII Controller Controls,0,0,0,,,,,framework_catalog_only,,
iso27701,A.7.3.9,iso27701 A.7.3.9,ISO 27701 A.7 PII Controller Controls,0,0,0,,,,,framework_catalog_only,,
iso27701,A.7.4.1,iso27701 A.7.4.1,ISO 27701 A.7 PII Controller Controls,0,0,0,,,,,framework_catalog_only,,
iso27701,A.7.4.2,iso27701 A.7.4.2,ISO 27701 A.7 PII Controller Controls,0,0,0,,,,,framework_catalog_only,,
iso27701,A.7.4.3,iso27701 A.7.4.3,ISO 27701 A.7 PII Controller Controls,0,0,0,,,,,framework_catalog_only,,
iso27701,A.7.4.4,iso27701 A.7.4.4,ISO 27701 A.7 PII Controller Controls,0,0,0,,,,,framework_catalog_only,,
iso27701,A.7.4.5,iso27701 A.7.4.5,ISO 27701 A.7 PII Controller Controls,0,0,0,,,,,framework_catalog_only,,
iso27701,A.7.4.6,iso27701 A.7.4.6,ISO 27701 A.7 PII Controller Controls,0,0,0,,,,,framework_catalog_only,,
iso27701,A.7.4.7,iso27701 A.7.4.7,ISO 27701 A.7 PII Controller Controls,0,0,0,,,,,framework_catalog_only,,
iso27701,A.7.4.8,iso27701 A.7.4.8,ISO 27701 A.7 PII Controller Controls,0,0,0,,,,,framework_catalog_only,,
iso27701,A.7.4.9,iso27701 A.7.4.9,ISO 27701 A.7 PII Controller Controls,0,0,0,,,,,framework_catalog_only,,
iso27701,A.7.5.1,iso27701 A.7.5.1,ISO 27701 A.7 PII Controller Controls,0,0,0,,,,,framework_catalog_only,,
iso27701,A.7.5.2,iso27701 A.7.5.2,ISO 27701 A.7 PII Controller Controls,0,0,0,,,,,framework_catalog_only,,
iso27701,A.7.5.3,iso27701 A.7.5.3,ISO 27701 A.7 PII Controller Controls,0,0,0,,,,,framework_catalog_only,,
iso27701,A.7.5.4,iso27701 A.7.5.4,ISO 27701 A.7 PII Controller Controls,0,0,0,,,,,framework_catalog_only,,
iso27701,B.8.2.1,iso27701 B.8.2.1,ISO 27701 B.8 PII Processor Controls,0,0,0,,,,,framework_catalog_only,,
iso27701,B.8.2.2,iso27701 B.8.2.2,ISO 27701 B.8 PII Processor Controls,0,0,0,,,,,framework_catalog_only,,
iso27701,B.8.2.3,iso27701 B.8.2.3,ISO 27701 B.8 PII Processor Controls,0,0,0,,,,,framework_catalog_only,,
iso27701,B.8.2.4,iso27701 B.8.2.4,ISO 27701 B.8 PII Processor Controls,0,0,0,,,,,framework_catalog_only,,
iso27701,B.8.2.5,iso27701 B.8.2.5,ISO 27701 B.8 PII Processor Controls,0,0,0,,,,,framework_catalog_only,,
iso27701,B.8.2.6,iso27701 B.8.2.6,ISO 27701 B.8 PII Processor Controls,0,0,0,,,,,framework_catalog_only,,
iso27701,B.8.3.1,iso27701 B.8.3.1,ISO 27701 B.8 PII Processor Controls,0,0,0,,,,,framework_catalog_only,,
iso27701,B.8.4.1,iso27701 B.8.4.1,ISO 27701 B.8 PII Processor Controls,0,0,0,,,,,framework_catalog_only,,
iso27701,B.8.4.2,iso27701 B.8.4.2,ISO 27701 B.8 PII Processor Controls,0,0,0,,,,,framework_catalog_only,,
iso27701,B.8.4.3,iso27701 B.8.4.3,ISO 27701 B.8 PII Processor Controls,0,0,0,,,,,framework_catalog_only,,
iso27701,B.8.5.1,iso27701 B.8.5.1,ISO 27701 B.8 PII Processor Controls,0,0,0,,,,,framework_catalog_only,,
iso27701,B.8.5.2,iso27701 B.8.5.2,ISO 27701 B.8 PII Processor Controls,0,0,0,,,,,framework_catalog_only,,
iso27701,B.8.5.3,iso27701 B.8.5.3,ISO 27701 B.8 PII Processor Controls,0,0,0,,,,,framework_catalog_only,,
iso27701,B.8.5.4,iso27701 B.8.5.4,ISO 27701 B.8 PII Processor Controls,0,0,0,,,,,framework_catalog_only,,
iso27701,B.8.5.5,iso27701 B.8.5.5,ISO 27701 B.8 PII Processor Controls,0,0,0,,,,,framework_catalog_only,,
iso27701,B.8.5.6,iso27701 B.8.5.6,ISO 27701 B.8 PII Processor Controls,0,0,0,,,,,framework_catalog_only,,
iso27701,B.8.5.7,iso27701 B.8.5.7,ISO 27701 B.8 PII Processor Controls,0,0,0,,,,,framework_catalog_only,,
iso27701,B.8.5.8,iso27701 B.8.5.8,ISO 27701 B.8 PII Processor Controls,0,0,0,,,,,framework_catalog_only,,
iso277012025,A.1.2.2,iso277012025 A.1.2.2,ISO 27701:2025 A.1 A.1 Controls,0,0,0,,,,,framework_catalog_only,,
iso277012025,A.1.2.3,iso277012025 A.1.2.3,ISO 27701:2025 A.1 A.1 Controls,0,0,0,,,,,framework_catalog_only,,
iso277012025,A.1.2.4,iso277012025 A.1.2.4,ISO 27701:2025 A.1 A.1 Controls,0,0,0,,,,,framework_catalog_only,,
iso277012025,A.1.2.5,iso277012025 A.1.2.5,ISO 27701:2025 A.1 A.1 Controls,0,0,0,,,,,framework_catalog_only,,
iso277012025,A.1.2.6,iso277012025 A.1.2.6,ISO 27701:2025 A.1 A.1 Controls,0,0,0,,,,,framework_catalog_only,,
iso277012025,A.1.2.7,iso277012025 A.1.2.7,ISO 27701:2025 A.1 A.1 Controls,0,0,0,,,,,framework_catalog_only,,
iso277012025,A.1.2.8,iso277012025 A.1.2.8,ISO 27701:2025 A.1 A.1 Controls,0,0,0,,,,,framework_catalog_only,,
iso277012025,A.1.2.9,iso277012025 A.1.2.9,ISO 27701:2025 A.1 A.1 Controls,0,0,0,,,,,framework_catalog_only,,
iso277012025,A.1.3.10,iso277012025 A.1.3.10,ISO 27701:2025 A.1 A.1 Controls,0,0,0,,,,,framework_catalog_only,,
iso277012025,A.1.3.11,iso277012025 A.1.3.11,ISO 27701:2025 A.1 A.1 Controls,0,0,0,,,,,framework_catalog_only,,
iso277012025,A.1.3.2,iso277012025 A.1.3.2,ISO 27701:2025 A.1 A.1 Controls,0,0,0,,,,,framework_catalog_only,,
iso277012025,A.1.3.3,iso277012025 A.1.3.3,ISO 27701:2025 A.1 A.1 Controls,0,0,0,,,,,framework_catalog_only,,
iso277012025,A.1.3.4,iso277012025 A.1.3.4,ISO 27701:2025 A.1 A.1 Controls,0,0,0,,,,,framework_catalog_only,,
iso277012025,A.1.3.5,iso277012025 A.1.3.5,ISO 27701:2025 A.1 A.1 Controls,0,0,0,,,,,framework_catalog_only,,
iso277012025,A.1.3.6,iso277012025 A.1.3.6,ISO 27701:2025 A.1 A.1 Controls,0,0,0,,,,,framework_catalog_only,,
iso277012025,A.1.3.7,iso277012025 A.1.3.7,ISO 27701:2025 A.1 A.1 Controls,0,0,0,,,,,framework_catalog_only,,
iso277012025,A.1.3.8,iso277012025 A.1.3.8,ISO 27701:2025 A.1 A.1 Controls,0,0,0,,,,,framework_catalog_only,,
iso277012025,A.1.3.9,iso277012025 A.1.3.9,ISO 27701:2025 A.1 A.1 Controls,0,0,0,,,,,framework_catalog_only,,
iso277012025,A.1.4.10,iso277012025 A.1.4.10,ISO 27701:2025 A.1 A.1 Controls,0,0,0,,,,,framework_catalog_only,,
iso277012025,A.1.4.2,iso277012025 A.1.4.2,ISO 27701:2025 A.1 A.1 Controls,0,0,0,,,,,framework_catalog_only,,
iso277012025,A.1.4.3,iso277012025 A.1.4.3,ISO 27701:2025 A.1 A.1 Controls,0,0,0,,,,,framework_catalog_only,,
iso277012025,A.1.4.4,iso277012025 A.1.4.4,ISO 27701:2025 A.1 A.1 Controls,0,0,0,,,,,framework_catalog_only,,
iso277012025,A.1.4.5,iso277012025 A.1.4.5,ISO 27701:2025 A.1 A.1 Controls,0,0,0,,,,,framework_catalog_only,,
iso277012025,A.1.4.6,iso277012025 A.1.4.6,ISO 27701:2025 A.1 A.1 Controls,0,0,0,,,,,framework_catalog_only,,
iso277012025,A.1.4.7,iso277012025 A.1.4.7,ISO 27701:2025 A.1 A.1 Controls,0,0,0,,,,,framework_catalog_only,,
iso277012025,A.1.4.8,iso277012025 A.1.4.8,ISO 27701:2025 A.1 A.1 Controls,0,0,0,,,,,framework_catalog_only,,
iso277012025,A.1.4.9,iso277012025 A.1.4.9,ISO 27701:2025 A.1 A.1 Controls,0,0,0,,,,,framework_catalog_only,,
iso277012025,A.1.5.2,iso277012025 A.1.5.2,ISO 27701:2025 A.1 A.1 Controls,0,0,0,,,,,framework_catalog_only,,
iso277012025,A.1.5.3,iso277012025 A.1.5.3,ISO 27701:2025 A.1 A.1 Controls,0,0,0,,,,,framework_catalog_only,,
iso277012025,A.1.5.4,iso277012025 A.1.5.4,ISO 27701:2025 A.1 A.1 Controls,0,0,0,,,,,framework_catalog_only,,
iso277012025,A.1.5.5,iso277012025 A.1.5.5,ISO 27701:2025 A.1 A.1 Controls,0,0,0,,,,,framework_catalog_only,,
iso277012025,A.2.2.2,iso277012025 A.2.2.2,ISO 27701:2025 A.2 A.2 Controls,0,0,0,,,,,framework_catalog_only,,
iso277012025,A.2.2.3,iso277012025 A.2.2.3,ISO 27701:2025 A.2 A.2 Controls,0,0,0,,,,,framework_catalog_only,,
iso277012025,A.2.2.4,iso277012025 A.2.2.4,ISO 27701:2025 A.2 A.2 Controls,0,0,0,,,,,framework_catalog_only,,
iso277012025,A.2.2.5,iso277012025 A.2.2.5,ISO 27701:2025 A.2 A.2 Controls,0,0,0,,,,,framework_catalog_only,,
iso277012025,A.2.2.6,iso277012025 A.2.2.6,ISO 27701:2025 A.2 A.2 Controls,0,0,0,,,,,framework_catalog_only,,
iso277012025,A.2.2.7,iso277012025 A.2.2.7,ISO 27701:2025 A.2 A.2 Controls,0,0,0,,,,,framework_catalog_only,,
iso277012025,A.2.3.2,iso277012025 A.2.3.2,ISO 27701:2025 A.2 A.2 Controls,0,0,0,,,,,framework_catalog_only,,
iso277012025,A.2.4.2,iso277012025 A.2.4.2,ISO 27701:2025 A.2 A.2 Controls,0,0,0,,,,,framework_catalog_only,,
iso277012025,A.2.4.3,iso277012025 A.2.4.3,ISO 27701:2025 A.2 A.2 Controls,0,0,0,,,,,framework_catalog_only,,
iso277012025,A.2.4.4,iso277012025 A.2.4.4,ISO 27701:2025 A.2 A.2 Controls,0,0,0,,,,,framework_catalog_only,,
iso277012025,A.2.5.2,iso277012025 A.2.5.2,ISO 27701:2025 A.2 A.2 Controls,0,0,0,,,,,framework_catalog_only,,
iso277012025,A.2.5.3,iso277012025 A.2.5.3,ISO 27701:2025 A.2 A.2 Controls,0,0,0,,,,,framework_catalog_only,,
iso277012025,A.2.5.4,iso277012025 A.2.5.4,ISO 27701:2025 A.2 A.2 Controls,0,0,0,,,,,framework_catalog_only,,
iso277012025,A.2.5.5,iso277012025 A.2.5.5,ISO 27701:2025 A.2 A.2 Controls,0,0,0,,,,,framework_catalog_only,,
iso277012025,A.2.5.6,iso277012025 A.2.5.6,ISO 27701:2025 A.2 A.2 Controls,0,0,0,,,,,framework_catalog_only,,
iso277012025,A.2.5.7,iso277012025 A.2.5.7,ISO 27701:2025 A.2 A.2 Controls,0,0,0,,,,,framework_catalog_only,,
iso277012025,A.2.5.8,iso277012025 A.2.5.8,ISO 27701:2025 A.2 A.2 Controls,0,0,0,,,,,framework_catalog_only,,
iso277012025,A.2.5.9,iso277012025 A.2.5.9,ISO 27701:2025 A.2 A.2 Controls,0,0,0,,,,,framework_catalog_only,,
iso277012025,A.3.10,iso277012025 A.3.10,ISO 27701:2025 A.3 A.3 Controls,0,0,0,,,,,framework_catalog_only,,
iso277012025,A.3.11,iso277012025 A.3.11,ISO 27701:2025 A.3 A.3 Controls,0,0,0,,,,,framework_catalog_only,,
iso277012025,A.3.12,iso277012025 A.3.12,ISO 27701:2025 A.3 A.3 Controls,0,0,0,,,,,framework_catalog_only,,
iso277012025,A.3.13,iso277012025 A.3.13,ISO 27701:2025 A.3 A.3 Controls,0,0,0,,,,,framework_catalog_only,,
iso277012025,A.3.14,iso277012025 A.3.14,ISO 27701:2025 A.3 A.3 Controls,0,0,0,,,,,framework_catalog_only,,
iso277012025,A.3.15,iso277012025 A.3.15,ISO 27701:2025 A.3 A.3 Controls,0,0,0,,,,,framework_catalog_only,,
iso277012025,A.3.16,iso277012025 A.3.16,ISO 27701:2025 A.3 A.3 Controls,0,0,0,,,,,framework_catalog_only,,
iso277012025,A.3.17,iso277012025 A.3.17,ISO 27701:2025 A.3 A.3 Controls,0,0,0,,,,,framework_catalog_only,,
iso277012025,A.3.18,iso277012025 A.3.18,ISO 27701:2025 A.3 A.3 Controls,0,0,0,,,,,framework_catalog_only,,
iso277012025,A.3.19,iso277012025 A.3.19,ISO 27701:2025 A.3 A.3 Controls,0,0,0,,,,,framework_catalog_only,,
iso277012025,A.3.20,iso277012025 A.3.20,ISO 27701:2025 A.3 A.3 Controls,0,0,0,,,,,framework_catalog_only,,
iso277012025,A.3.21,iso277012025 A.3.21,ISO 27701:2025 A.3 A.3 Controls,0,0,0,,,,,framework_catalog_only,,
iso277012025,A.3.22,iso277012025 A.3.22,ISO 27701:2025 A.3 A.3 Controls,0,0,0,,,,,framework_catalog_only,,
iso277012025,A.3.23,iso277012025 A.3.23,ISO 27701:2025 A.3 A.3 Controls,0,0,0,,,,,framework_catalog_only,,
iso277012025,A.3.24,iso277012025 A.3.24,ISO 27701:2025 A.3 A.3 Controls,0,0,0,,,,,framework_catalog_only,,
iso277012025,A.3.25,iso277012025 A.3.25,ISO 27701:2025 A.3 A.3 Controls,0,0,0,,,,,framework_catalog_only,,
iso277012025,A.3.26,iso277012025 A.3.26,ISO 27701:2025 A.3 A.3 Controls,0,0,0,,,,,framework_catalog_only,,
iso277012025,A.3.27,iso277012025 A.3.27,ISO 27701:2025 A.3 A.3 Controls,0,0,0,,,,,framework_catalog_only,,
iso277012025,A.3.28,iso277012025 A.3.28,ISO 27701:2025 A.3 A.3 Controls,0,0,0,,,,,framework_catalog_only,,
iso277012025,A.3.29,iso277012025 A.3.29,ISO 27701:2025 A.3 A.3 Controls,0,0,0,,,,,framework_catalog_only,,
iso277012025,A.3.3,iso277012025 A.3.3,ISO 27701:2025 A.3 A.3 Controls,0,0,0,,,,,framework_catalog_only,,
iso277012025,A.3.30,iso277012025 A.3.30,ISO 27701:2025 A.3 A.3 Controls,0,0,0,,,,,framework_catalog_only,,
iso277012025,A.3.31,iso277012025 A.3.31,ISO 27701:2025 A.3 A.3 Controls,0,0,0,,,,,framework_catalog_only,,
iso277012025,A.3.4,iso277012025 A.3.4,ISO 27701:2025 A.3 A.3 Controls,0,0,0,,,,,framework_catalog_only,,
iso277012025,A.3.5,iso277012025 A.3.5,ISO 27701:2025 A.3 A.3 Controls,0,0,0,,,,,framework_catalog_only,,
iso277012025,A.3.6,iso277012025 A.3.6,ISO 27701:2025 A.3 A.3 Controls,0,0,0,,,,,framework_catalog_only,,
iso277012025,A.3.7,iso277012025 A.3.7,ISO 27701:2025 A.3 A.3 Controls,0,0,0,,,,,framework_catalog_only,,
iso277012025,A.3.8,iso277012025 A.3.8,ISO 27701:2025 A.3 A.3 Controls,0,0,0,,,,,framework_catalog_only,,
iso277012025,A.3.9,iso277012025 A.3.9,ISO 27701:2025 A.3 A.3 Controls,0,0,0,,,,,framework_catalog_only,,
iso277012025,C.10.1,iso277012025 C.10.1,ISO 27701:2025 C.10 Improvement,0,0,0,,,,,framework_catalog_only,,
iso277012025,C.10.2,iso277012025 C.10.2,ISO 27701:2025 C.10 Improvement,0,0,0,,,,,framework_catalog_only,,
iso277012025,C.4.1,iso277012025 C.4.1,ISO 27701:2025 C.4 Context,0,0,0,,,,,framework_catalog_only,,
iso277012025,C.4.2,iso277012025 C.4.2,ISO 27701:2025 C.4 Context,0,0,0,,,,,framework_catalog_only,,
iso277012025,C.4.3,iso277012025 C.4.3,ISO 27701:2025 C.4 Context,0,0,0,,,,,framework_catalog_only,,
iso277012025,C.4.4,iso277012025 C.4.4,ISO 27701:2025 C.4 Context,0,0,0,,,,,framework_catalog_only,,
iso277012025,C.5.1,iso277012025 C.5.1,ISO 27701:2025 C.5 Leadership,0,0,0,,,,,framework_catalog_only,,
iso277012025,C.5.2,iso277012025 C.5.2,ISO 27701:2025 C.5 Leadership,0,0,0,,,,,framework_catalog_only,,
iso277012025,C.5.3,iso277012025 C.5.3,ISO 27701:2025 C.5 Leadership,0,0,0,,,,,framework_catalog_only,,
iso277012025,C.6.1.1,iso277012025 C.6.1.1,ISO 27701:2025 C.6 Planning,0,0,0,,,,,framework_catalog_only,,
iso277012025,C.6.1.2,iso277012025 C.6.1.2,ISO 27701:2025 C.6 Planning,0,0,0,,,,,framework_catalog_only,,
iso277012025,C.6.1.3,iso277012025 C.6.1.3,ISO 27701:2025 C.6 Planning,0,0,0,,,,,framework_catalog_only,,
iso277012025,C.6.2,iso277012025 C.6.2,ISO 27701:2025 C.6 Planning,0,0,0,,,,,framework_catalog_only,,
iso277012025,C.6.3,iso277012025 C.6.3,ISO 27701:2025 C.6 Planning,0,0,0,,,,,framework_catalog_only,,
iso277012025,C.7.1,iso277012025 C.7.1,ISO 27701:2025 C.7 Support,0,0,0,,,,,framework_catalog_only,,
iso277012025,C.7.2,iso277012025 C.7.2,ISO 27701:2025 C.7 Support,0,0,0,,,,,framework_catalog_only,,
iso277012025,C.7.3,iso277012025 C.7.3,ISO 27701:2025 C.7 Support,0,0,0,,,,,framework_catalog_only,,
iso277012025,C.7.4,iso277012025 C.7.4,ISO 27701:2025 C.7 Support,0,0,0,,,,,framework_catalog_only,,
iso277012025,C.7.5.1,iso277012025 C.7.5.1,ISO 27701:2025 C.7 Support,0,0,0,,,,,framework_catalog_only,,
iso277012025,C.7.5.2,iso277012025 C.7.5.2,ISO 27701:2025 C.7 Support,0,0,0,,,,,framework_catalog_only,,
iso277012025,C.7.5.3,iso277012025 C.7.5.3,ISO 27701:2025 C.7 Support,0,0,0,,,,,framework_catalog_only,,
iso277012025,C.8.1,iso277012025 C.8.1,ISO 27701:2025 C.8 Operation,0,0,0,,,,,framework_catalog_only,,
iso277012025,C.8.2,iso277012025 C.8.2,ISO 27701:2025 C.8 Operation,0,0,0,,,,,framework_catalog_only,,
iso277012025,C.8.3,iso277012025 C.8.3,ISO 27701:2025 C.8 Operation,0,0,0,,,,,framework_catalog_only,,
iso277012025,C.9.1,iso277012025 C.9.1,ISO 27701:2025 C.9 Performance Evaluation,0,0,0,,,,,framework_catalog_only,,
iso277012025,C.9.2.1,iso277012025 C.9.2.1,ISO 27701:2025 C.9 Performance Evaluation,0,0,0,,,,,framework_catalog_only,,
iso277012025,C.9.2.2,iso277012025 C.9.2.2,ISO 27701:2025 C.9 Performance Evaluation,0,0,0,,,,,framework_catalog_only,,
iso277012025,C.9.3.1,iso277012025 C.9.3.1,ISO 27701:2025 C.9 Performance Evaluation,0,0,0,,,,,framework_catalog_only,,
iso277012025,C.9.3.2,iso277012025 C.9.3.2,ISO 27701:2025 C.9 Performance Evaluation,0,0,0,,,,,framework_catalog_only,,
iso277012025,C.9.3.3,iso277012025 C.9.3.3,ISO 27701:2025 C.9 Performance Evaluation,0,0,0,,,,,framework_catalog_only,,
iso42001,10.1,iso42001 10.1,ISO 42001 10 Improvement,1,0,0,,ISO 42001/ai-system-operation-monitoring,ISO 42001 10.2 [corrective_action/review_hint],,direct_control_only,ai-incident-response,
iso42001,10.2,iso42001 10.2,ISO 42001 10 Improvement,2,0,0,,ISO 42001/ai-system-operation-monitoring,,ISO 42001 10.1 [corrective_action/review_hint],direct_control_only,ai-data-governance; ai-incident-response,
iso42001,6.1,iso42001 6.1,ISO 42001 6 Planning,3,0,0,,ISO 42001/ai-management-planning,ISO 42001 6.2 [planning_dependency/review_hint],,direct_control_only,ai-bias-testing; ai-risk-assessment; aws-bedrock-model-no-guardrails,
iso42001,6.2,iso42001 6.2,ISO 42001 6 Planning,3,0,0,,ISO 42001/ai-management-planning,,ISO 42001 6.1 [planning_dependency/review_hint],direct_control_only,ai-human-oversight; ai-risk-assessment; aws-bedrock-model-no-guardrails,
iso42001,7.1,iso42001 7.1,ISO 42001 7 Support,1,0,0,,ISO 42001/ai-management-planning,ISO 42001 7.2 [evidence_dependency/review_hint]; ISO 42001 7.3 [evidence_dependency/review_hint],,direct_control_only,ai-model-inventory,
iso42001,7.2,iso42001 7.2,ISO 42001 7 Support,1,0,0,,ISO 42001/ai-management-planning,,ISO 42001 7.1 [evidence_dependency/review_hint],direct_control_only,ai-model-inventory,
iso42001,7.3,iso42001 7.3,ISO 42001 7 Support,1,0,0,,ISO 42001/ai-management-planning,,ISO 42001 7.1 [evidence_dependency/review_hint],direct_control_only,ai-data-governance,
iso42001,8.4,iso42001 8.4,ISO 42001 8 Operation,1,0,0,,ISO 42001/ai-system-operation-monitoring,,,direct_control_only,aws-bedrock-model-no-guardrails,
iso42001,9.1,iso42001 9.1,ISO 42001 9 Performance Evaluation,3,0,0,,ISO 42001/ai-system-operation-monitoring,ISO 42001 9.3 [evidence_dependency/review_hint],,direct_control_only,ai-human-oversight; ai-model-monitoring; aws-bedrock-model-no-guardrails,
iso42001,9.2,iso42001 9.2,ISO 42001 9 Performance Evaluation,1,0,0,,ISO 42001/ai-system-operation-monitoring,,,direct_control_only,ai-bias-testing,
iso42001,9.3,iso42001 9.3,ISO 42001 9 Performance Evaluation,1,0,0,,ISO 42001/ai-system-operation-monitoring,,ISO 42001 9.1 [evidence_dependency/review_hint],direct_control_only,ai-model-monitoring,
iso42001,9.4,iso42001 9.4,ISO 42001 9 Performance Evaluation,1,0,0,,ISO 42001/ai-system-operation-monitoring,,,direct_control_only,ai-explainability,
iso42001,A.10.2,iso42001 A.10.2,ISO 42001 A.10 Third-Party and Customer Relationships,0,0,0,,,,,framework_catalog_only,,
iso42001,A.10.3,iso42001 A.10.3,ISO 42001 A.10 Third-Party and Customer Relationships,0,0,0,,,,,framework_catalog_only,,
iso42001,A.10.4,iso42001 A.10.4,ISO 42001 A.10 Third-Party and Customer Relationships,0,0,0,,,,,framework_catalog_only,,
iso42001,A.2.2,iso42001 A.2.2,ISO 42001 A.2 Policies,30,0,0,,ISO 42001/ai-management-planning,ISO 42001 A.6.2.4 [operating_context/review_hint]; ISO 42001 A.8.2 [operating_context/review_hint],,direct_control_only,ai-agent-human-approval-destructive-actions; ai-agent-secret-redaction; ai-agent-tool-allowlist-required; ai-data-retention-reviewed; ai-embedding-store-encrypted; ai-foundation-model-safety-card-required; ai-genai-secure-development-review; ai-high-risk-use-case-registered; ai-model-evaluation-before-release; ai-model-incident-runbook; ai-model-monitoring-drift-threshold; ai-model-rate-limit-cost-guardrail; ai-model-supply-chain-attestation; ai-prompt-injection-test-coverage; ai-rag-source-citation-required; ai-rag-vector-index-access-control; ai-sensitive-output-filtering; ai-system-owner-assigned; ai-third-party-model-risk-review; ai-training-data-provenance; aws-bedrock-agent-action-group-approval-required; aws-bedrock-guardrail-content-filter-enabled; aws-bedrock-knowledge-base-encrypted; aws-bedrock-model-invocation-logging-enabled; aws-sagemaker-endpoint-network-isolated; ... 5 more,
iso42001,A.2.3,iso42001 A.2.3,ISO 42001 A.2 Policies,0,0,0,,,,,framework_catalog_only,,
iso42001,A.2.4,iso42001 A.2.4,ISO 42001 A.2 Policies,0,0,0,,,,,framework_catalog_only,,
iso42001,A.3.2,iso42001 A.3.2,ISO 42001 A.3 Internal Organization,0,0,0,,,,,framework_catalog_only,,
iso42001,A.3.3,iso42001 A.3.3,ISO 42001 A.3 Internal Organization,0,0,0,,,,,framework_catalog_only,,
iso42001,A.4.2,iso42001 A.4.2,ISO 42001 A.4 Resources,0,0,0,,,,,framework_catalog_only,,
iso42001,A.4.3,iso42001 A.4.3,ISO 42001 A.4 Resources,0,0,0,,,,,framework_catalog_only,,
iso42001,A.4.4,iso42001 A.4.4,ISO 42001 A.4 Resources,0,0,0,,,,,framework_catalog_only,,
iso42001,A.4.5,iso42001 A.4.5,ISO 42001 A.4 Resources,0,0,0,,,,,framework_catalog_only,,
iso42001,A.4.6,iso42001 A.4.6,ISO 42001 A.4 Resources,0,0,0,,,,,framework_catalog_only,,
iso42001,A.5.2,iso42001 A.5.2,ISO 42001 A.5 Impact Assessment,0,0,0,,,,,framework_catalog_only,,
iso42001,A.5.3,iso42001 A.5.3,ISO 42001 A.5 Impact Assessment,0,0,0,,,,,framework_catalog_only,,
iso42001,A.5.4,iso42001 A.5.4,ISO 42001 A.5 Impact Assessment,0,0,0,,,,,framework_catalog_only,,
iso42001,A.5.5,iso42001 A.5.5,ISO 42001 A.5 Impact Assessment,0,0,0,,,,,framework_catalog_only,,
iso42001,A.6.1.2,iso42001 A.6.1.2,ISO 42001 A.6 Lifecycle,0,0,0,,,,,framework_catalog_only,,
iso42001,A.6.1.3,iso42001 A.6.1.3,ISO 42001 A.6 Lifecycle,0,0,0,,,,,framework_catalog_only,,
iso42001,A.6.2.2,iso42001 A.6.2.2,ISO 42001 A.6 Lifecycle,0,0,0,,,,,framework_catalog_only,,
iso42001,A.6.2.3,iso42001 A.6.2.3,ISO 42001 A.6 Lifecycle,0,0,0,,,,,framework_catalog_only,,
iso42001,A.6.2.4,iso42001 A.6.2.4,ISO 42001 A.6 Lifecycle,30,0,0,,ISO 42001/ai-system-operation-monitoring,,ISO 42001 A.2.2 [operating_context/review_hint],direct_control_only,ai-agent-human-approval-destructive-actions; ai-agent-secret-redaction; ai-agent-tool-allowlist-required; ai-data-retention-reviewed; ai-embedding-store-encrypted; ai-foundation-model-safety-card-required; ai-genai-secure-development-review; ai-high-risk-use-case-registered; ai-model-evaluation-before-release; ai-model-incident-runbook; ai-model-monitoring-drift-threshold; ai-model-rate-limit-cost-guardrail; ai-model-supply-chain-attestation; ai-prompt-injection-test-coverage; ai-rag-source-citation-required; ai-rag-vector-index-access-control; ai-sensitive-output-filtering; ai-system-owner-assigned; ai-third-party-model-risk-review; ai-training-data-provenance; aws-bedrock-agent-action-group-approval-required; aws-bedrock-guardrail-content-filter-enabled; aws-bedrock-knowledge-base-encrypted; aws-bedrock-model-invocation-logging-enabled; aws-sagemaker-endpoint-network-isolated; ... 5 more,
iso42001,A.6.2.5,iso42001 A.6.2.5,ISO 42001 A.6 Lifecycle,0,0,0,,,,,framework_catalog_only,,
iso42001,A.6.2.6,iso42001 A.6.2.6,ISO 42001 A.6 Lifecycle,0,0,0,,,,,framework_catalog_only,,
iso42001,A.6.2.7,iso42001 A.6.2.7,ISO 42001 A.6 Lifecycle,0,0,0,,,,,framework_catalog_only,,
iso42001,A.6.2.8,iso42001 A.6.2.8,ISO 42001 A.6 Lifecycle,0,0,0,,,,,framework_catalog_only,,
iso42001,A.7.2,iso42001 A.7.2,ISO 42001 A.7 Data,0,0,0,,,,,framework_catalog_only,,
iso42001,A.7.3,iso42001 A.7.3,ISO 42001 A.7 Data,0,0,0,,,,,framework_catalog_only,,
iso42001,A.7.4,iso42001 A.7.4,ISO 42001 A.7 Data,0,0,0,,,,,framework_catalog_only,,
iso42001,A.7.5,iso42001 A.7.5,ISO 42001 A.7 Data,0,0,0,,,,,framework_catalog_only,,
iso42001,A.7.6,iso42001 A.7.6,ISO 42001 A.7 Data,0,0,0,,,,,framework_catalog_only,,
iso42001,A.8.2,iso42001 A.8.2,ISO 42001 A.8 Information for Interested Parties,30,0,0,,ISO 42001/ai-system-operation-monitoring,,ISO 42001 A.2.2 [operating_context/review_hint],direct_control_only,ai-agent-human-approval-destructive-actions; ai-agent-secret-redaction; ai-agent-tool-allowlist-required; ai-data-retention-reviewed; ai-embedding-store-encrypted; ai-foundation-model-safety-card-required; ai-genai-secure-development-review; ai-high-risk-use-case-registered; ai-model-evaluation-before-release; ai-model-incident-runbook; ai-model-monitoring-drift-threshold; ai-model-rate-limit-cost-guardrail; ai-model-supply-chain-attestation; ai-prompt-injection-test-coverage; ai-rag-source-citation-required; ai-rag-vector-index-access-control; ai-sensitive-output-filtering; ai-system-owner-assigned; ai-third-party-model-risk-review; ai-training-data-provenance; aws-bedrock-agent-action-group-approval-required; aws-bedrock-guardrail-content-filter-enabled; aws-bedrock-knowledge-base-encrypted; aws-bedrock-model-invocation-logging-enabled; aws-sagemaker-endpoint-network-isolated; ... 5 more,
iso42001,A.8.3,iso42001 A.8.3,ISO 42001 A.8 Information for Interested Parties,0,0,0,,,,,framework_catalog_only,,
iso42001,A.8.4,iso42001 A.8.4,ISO 42001 A.8 Information for Interested Parties,0,0,0,,,,,framework_catalog_only,,
iso42001,A.8.5,iso42001 A.8.5,ISO 42001 A.8 Information for Interested Parties,0,0,0,,,,,framework_catalog_only,,
iso42001,A.9.2,iso42001 A.9.2,ISO 42001 A.9 Use of AI Systems,30,0,0,,ISO 42001/ai-system-operation-monitoring,,,direct_control_only,ai-agent-human-approval-destructive-actions; ai-agent-secret-redaction; ai-agent-tool-allowlist-required; ai-data-retention-reviewed; ai-embedding-store-encrypted; ai-foundation-model-safety-card-required; ai-genai-secure-development-review; ai-high-risk-use-case-registered; ai-model-evaluation-before-release; ai-model-incident-runbook; ai-model-monitoring-drift-threshold; ai-model-rate-limit-cost-guardrail; ai-model-supply-chain-attestation; ai-prompt-injection-test-coverage; ai-rag-source-citation-required; ai-rag-vector-index-access-control; ai-sensitive-output-filtering; ai-system-owner-assigned; ai-third-party-model-risk-review; ai-training-data-provenance; aws-bedrock-agent-action-group-approval-required; aws-bedrock-guardrail-content-filter-enabled; aws-bedrock-knowledge-base-encrypted; aws-bedrock-model-invocation-logging-enabled; aws-sagemaker-endpoint-network-isolated; ... 5 more,
iso42001,A.9.3,iso42001 A.9.3,ISO 42001 A.9 Use of AI Systems,0,0,0,,,,,framework_catalog_only,,
iso42001,A.9.4,iso42001 A.9.4,ISO 42001 A.9 Use of AI Systems,0,0,0,,,,,framework_catalog_only,,
iso42001,C.10.1,iso42001 C.10.1,ISO 42001 C.10 Improvement,0,0,0,,,,,framework_catalog_only,,
iso42001,C.10.2,iso42001 C.10.2,ISO 42001 C.10 Improvement,0,0,0,,,,,framework_catalog_only,,
iso42001,C.4.1,iso42001 C.4.1,ISO 42001 C.4 Context,0,0,0,,,,,framework_catalog_only,,
iso42001,C.4.2,iso42001 C.4.2,ISO 42001 C.4 Context,0,0,0,,,,,framework_catalog_only,,
iso42001,C.4.3,iso42001 C.4.3,ISO 42001 C.4 Context,0,0,0,,,,,framework_catalog_only,,
iso42001,C.4.4,iso42001 C.4.4,ISO 42001 C.4 Context,0,0,0,,,,,framework_catalog_only,,
iso42001,C.5.1,iso42001 C.5.1,ISO 42001 C.5 Leadership,0,0,0,,,,,framework_catalog_only,,
iso42001,C.5.2,iso42001 C.5.2,ISO 42001 C.5 Leadership,0,0,0,,,,,framework_catalog_only,,
iso42001,C.5.3,iso42001 C.5.3,ISO 42001 C.5 Leadership,0,0,0,,,,,framework_catalog_only,,
iso42001,C.6.1.1,iso42001 C.6.1.1,ISO 42001 C.6 Planning,0,0,0,,,,,framework_catalog_only,,
iso42001,C.6.1.2,iso42001 C.6.1.2,ISO 42001 C.6 Planning,0,0,0,,,,,framework_catalog_only,,
iso42001,C.6.1.3,iso42001 C.6.1.3,ISO 42001 C.6 Planning,0,0,0,,,,,framework_catalog_only,,
iso42001,C.6.1.4,iso42001 C.6.1.4,ISO 42001 C.6 Planning,0,0,0,,,,,framework_catalog_only,,
iso42001,C.6.2,iso42001 C.6.2,ISO 42001 C.6 Planning,0,0,0,,,,,framework_catalog_only,,
iso42001,C.6.3,iso42001 C.6.3,ISO 42001 C.6 Planning,0,0,0,,,,,framework_catalog_only,,
iso42001,C.7.1,iso42001 C.7.1,ISO 42001 C.7 Support,0,0,0,,,,,framework_catalog_only,,
iso42001,C.7.2,iso42001 C.7.2,ISO 42001 C.7 Support,0,0,0,,,,,framework_catalog_only,,
iso42001,C.7.3,iso42001 C.7.3,ISO 42001 C.7 Support,0,0,0,,,,,framework_catalog_only,,
iso42001,C.7.4,iso42001 C.7.4,ISO 42001 C.7 Support,0,0,0,,,,,framework_catalog_only,,
iso42001,C.7.5.1,iso42001 C.7.5.1,ISO 42001 C.7 Support,0,0,0,,,,,framework_catalog_only,,
iso42001,C.7.5.2,iso42001 C.7.5.2,ISO 42001 C.7 Support,0,0,0,,,,,framework_catalog_only,,
iso42001,C.7.5.3,iso42001 C.7.5.3,ISO 42001 C.7 Support,0,0,0,,,,,framework_catalog_only,,
iso42001,C.8.1,iso42001 C.8.1,ISO 42001 C.8 Operation,0,0,0,,,,,framework_catalog_only,,
iso42001,C.8.2,iso42001 C.8.2,ISO 42001 C.8 Operation,0,0,0,,,,,framework_catalog_only,,
iso42001,C.8.3,iso42001 C.8.3,ISO 42001 C.8 Operation,0,0,0,,,,,framework_catalog_only,,
iso42001,C.8.4,iso42001 C.8.4,ISO 42001 C.8 Operation,0,0,0,,,,,framework_catalog_only,,
iso42001,C.9.1,iso42001 C.9.1,ISO 42001 C.9 Performance Evaluation,0,0,0,,,,,framework_catalog_only,,
iso42001,C.9.2.1,iso42001 C.9.2.1,ISO 42001 C.9 Performance Evaluation,0,0,0,,,,,framework_catalog_only,,
iso42001,C.9.2.2,iso42001 C.9.2.2,ISO 42001 C.9 Performance Evaluation,0,0,0,,,,,framework_catalog_only,,
iso42001,C.9.3.1,iso42001 C.9.3.1,ISO 42001 C.9 Performance Evaluation,0,0,0,,,,,framework_catalog_only,,
iso42001,C.9.3.2,iso42001 C.9.3.2,ISO 42001 C.9 Performance Evaluation,0,0,0,,,,,framework_catalog_only,,
iso42001,C.9.3.3,iso42001 C.9.3.3,ISO 42001 C.9 Performance Evaluation,0,0,0,,,,,framework_catalog_only,,
nis2,ARTICLE20,nis2 ARTICLE20,NIS2 GOV Governance,0,0,0,,,,,framework_catalog_only,,
nis2,ARTICLE21(2)(A),nis2 ARTICLE21(2)(A),NIS2 RM Cybersecurity Risk-Management Measures,0,0,0,,,,,framework_catalog_only,,
nis2,ARTICLE21(2)(B),nis2 ARTICLE21(2)(B),NIS2 RM Cybersecurity Risk-Management Measures,0,0,0,,,,,framework_catalog_only,,
nis2,ARTICLE21(2)(C),nis2 ARTICLE21(2)(C),NIS2 RM Cybersecurity Risk-Management Measures,0,0,0,,,,,framework_catalog_only,,
nis2,ARTICLE21(2)(D),nis2 ARTICLE21(2)(D),NIS2 RM Cybersecurity Risk-Management Measures,0,0,0,,,,,framework_catalog_only,,
nis2,ARTICLE21(2)(E),nis2 ARTICLE21(2)(E),NIS2 RM Cybersecurity Risk-Management Measures,0,0,0,,,,,framework_catalog_only,,
nis2,ARTICLE21(2)(F),nis2 ARTICLE21(2)(F),NIS2 RM Cybersecurity Risk-Management Measures,0,0,0,,,,,framework_catalog_only,,
nis2,ARTICLE21(2)(G),nis2 ARTICLE21(2)(G),NIS2 RM Cybersecurity Risk-Management Measures,0,0,0,,,,,framework_catalog_only,,
nis2,ARTICLE21(2)(H),nis2 ARTICLE21(2)(H),NIS2 RM Cybersecurity Risk-Management Measures,0,0,0,,,,,framework_catalog_only,,
nis2,ARTICLE21(2)(I),nis2 ARTICLE21(2)(I),NIS2 RM Cybersecurity Risk-Management Measures,0,0,0,,,,,framework_catalog_only,,
nis2,ARTICLE21(2)(J),nis2 ARTICLE21(2)(J),NIS2 RM Cybersecurity Risk-Management Measures,0,0,0,,,,,framework_catalog_only,,
nis2,ARTICLE23,nis2 ARTICLE23,NIS2 REPORT Reporting Obligations,0,0,0,,,,,framework_catalog_only,,
nis2,CIR-2024-2690-10.2,nis2 CIR-2024-2690-10.2,NIS2 CIR-2024-2690 Technical and Methodological Requirements,0,0,0,,,,,framework_catalog_only,,
nis2,CIR-2024-2690-11,nis2 CIR-2024-2690-11,NIS2 CIR-2024-2690 Technical and Methodological Requirements,0,0,0,,,,,framework_catalog_only,,
nis2,CIR-2024-2690-12,nis2 CIR-2024-2690-12,NIS2 CIR-2024-2690 Technical and Methodological Requirements,0,0,0,,,,,framework_catalog_only,,
nis2,CIR-2024-2690-3,nis2 CIR-2024-2690-3,NIS2 CIR-2024-2690 Technical and Methodological Requirements,0,0,0,,,,,framework_catalog_only,,
nis2,CIR-2024-2690-4,nis2 CIR-2024-2690-4,NIS2 CIR-2024-2690 Technical and Methodological Requirements,0,0,0,,,,,framework_catalog_only,,
nis2,CIR-2024-2690-5,nis2 CIR-2024-2690-5,NIS2 CIR-2024-2690 Technical and Methodological Requirements,0,0,0,,,,,framework_catalog_only,,
nis2,CIR-2024-2690-6.4,nis2 CIR-2024-2690-6.4,NIS2 CIR-2024-2690 Technical and Methodological Requirements,0,0,0,,,,,framework_catalog_only,,
nis2,CIR-2024-2690-6.6,nis2 CIR-2024-2690-6.6,NIS2 CIR-2024-2690 Technical and Methodological Requirements,0,0,0,,,,,framework_catalog_only,,
nis2,CIR-2024-2690-6.7,nis2 CIR-2024-2690-6.7,NIS2 CIR-2024-2690 Technical and Methodological Requirements,0,0,0,,,,,framework_catalog_only,,
nis2,CIR-2024-2690-8.2,nis2 CIR-2024-2690-8.2,NIS2 CIR-2024-2690 Technical and Methodological Requirements,0,0,0,,,,,framework_catalog_only,,
nist80053r5,AC-1,nist80053r5 AC-1,NIST 800-53 r5 AC Access Control,0,0,0,,,,,framework_catalog_only,,
nist80053r5,AC-11,nist80053r5 AC-11,NIST 800-53 r5 AC Access Control,2,0,0,,,,,direct_control_only,endpoint-jamf-screenlock; endpoint-screenlock-configured,
nist80053r5,AC-12,nist80053r5 AC-12,NIST 800-53 r5 AC Access Control,0,0,0,,,,,framework_catalog_only,,
nist80053r5,AC-14,nist80053r5 AC-14,NIST 800-53 r5 AC Access Control,0,0,0,,,,,framework_catalog_only,,
nist80053r5,AC-17,nist80053r5 AC-17,NIST 800-53 r5 AC Access Control,3,0,0,,,,,direct_control_only,aws-ecs-ssh-denied; iam-unknown-account-trusted; sa-external-principal-assume,
nist80053r5,AC-18,nist80053r5 AC-18,NIST 800-53 r5 AC Access Control,0,0,0,,,,,framework_catalog_only,,
nist80053r5,AC-19,nist80053r5 AC-19,NIST 800-53 r5 AC Access Control,0,0,0,,,,,framework_catalog_only,,
nist80053r5,AC-2,nist80053r5 AC-2,NIST 800-53 r5 AC Access Control,290,23,23,,,,,direct_source_backed,account-lateral-dormant; admin-inactive-keys; admin-keys-unrotated; admin-keys-year-unrotated; ai-agent-lambda-data-access; ai-model-excessive-agency; ai-model-third-party-access; aws-apigateway-public; aws-bedrock-custom-model-public; aws-codebuild-privileged-mode; aws-codebuild-public-logs; aws-ec2-ami-not-public; aws-ec2-ebs-snapshot-not-public; aws-ec2-iam-instance-profile; aws-ec2-instance-profile-attached; aws-ec2-internet-facing-iam; aws-ecr-public-repository; aws-eks-public-endpoint-disabled; aws-iam-access-key-rotation; aws-iam-no-full-admin; aws-iam-no-policies-attached-user; aws-iam-password-policy; aws-iam-policy-no-admin-star; aws-iam-role-confused-deputy-prevention; aws-iam-role-cross-account-admin; ... 265 more,aws-codebuild-privileged-mode; aws-codebuild-public-logs; aws-ec2-instance-profile-attached; aws-iam-access-key-rotation; aws-iam-no-full-admin; aws-iam-password-policy; aws-iam-policy-no-admin-star; aws-iam-role-confused-deputy-prevention; aws-iam-role-trust-any-principal; aws-iam-role-wildcard-trust; aws-iam-root-no-access-keys; aws-iam-service-account-open-assume; aws-iam-single-access-key; aws-iam-support-role; aws-iam-user-console-inactive; aws-iam-user-mfa-enabled; aws-iam-user-multiple-access-keys; aws-iam-user-unused-credentials; aws-rds-iam-authentication; aws-secretsmanager-secret-used; github-oidc-overly-permissive; iam-unknown-account-trusted; okta-admin-dormant
nist80053r5,AC-20,nist80053r5 AC-20,NIST 800-53 r5 AC Access Control,0,0,0,,,,,framework_catalog_only,,
nist80053r5,AC-21,nist80053r5 AC-21,NIST 800-53 r5 AC Access Control,0,0,0,,,,,framework_catalog_only,,
nist80053r5,AC-22,nist80053r5 AC-22,NIST 800-53 r5 AC Access Control,0,0,0,,,,,framework_catalog_only,,
nist80053r5,AC-23,nist80053r5 AC-23,NIST 800-53 r5 AC Access Control,0,0,0,,,,,framework_catalog_only,,
nist80053r5,AC-24,nist80053r5 AC-24,NIST 800-53 r5 AC Access Control,0,0,0,,,,,framework_catalog_only,,
nist80053r5,AC-25,nist80053r5 AC-25,NIST 800-53 r5 AC Access Control,0,0,0,,,,,framework_catalog_only,,
nist80053r5,AC-3,nist80053r5 AC-3,NIST 800-53 r5 AC Access Control,308,168,168,,,,,direct_source_backed,api-admin-function-public; api-cors-wildcard-credentials; api-deprecated-version-public; api-endpoint-no-authentication; api-inventory-owner-missing; api-mtls-required-missing-sensitive-service; api-object-level-authorization-missing; api-rate-limit-missing; api-refresh-token-rotation-disabled; api-schema-validation-missing; api-sensitive-response-field-exposed; api-shadow-endpoint-detected; api-third-party-timeout-missing; api-third-party-tls-validation-disabled; api-token-ttl-too-long; aws-access-analyzer-unused-access-finding; aws-account-alternate-contact-security; aws-account-security-contact-configured; aws-api-gateway-no-authorization; aws-backup-vault-encrypted; aws-backup-vault-locked; aws-bedrock-custom-model-public; aws-cloudformation-stack-drift-detected; aws-cloudformation-stack-termination-protection; aws-cloudfront-origin-access-control-required; ... 283 more,aws-access-analyzer-unused-access-finding; aws-api-gateway-no-authorization; aws-backup-vault-encrypted; aws-backup-vault-locked; aws-bedrock-custom-model-public; aws-cloudfront-origin-access-control-required; aws-cloudfront-response-headers-policy-security; aws-cloudfront-waf-enabled; aws-codebuild-public-trigger; aws-ec2-ami-not-public; aws-ec2-ebs-snapshot-not-public; aws-ec2-internet-facing-iam; aws-ec2-public-ip-rdp; aws-ec2-public-ip-ssh; aws-ec2-public-ports-restricted; aws-ecr-public-repository; aws-ecs-secrets-in-env-vars; aws-ecs-service-public-ip-disabled; aws-ecs-task-definition-no-privileged; aws-ecs-task-definition-nonroot-user; aws-ecs-task-definition-readonly-root; aws-efs-backup-enabled; aws-efs-encrypted; aws-eks-public-endpoint-disabled; aws-elasticache-public; ... 143 more
nist80053r5,AC-4,nist80053r5 AC-4,NIST 800-53 r5 AC Access Control,40,0,0,,,,,direct_control_only,api-admin-function-public; api-cors-wildcard-credentials; api-deprecated-version-public; api-endpoint-no-authentication; api-inventory-owner-missing; api-mtls-required-missing-sensitive-service; api-object-level-authorization-missing; api-rate-limit-missing; api-refresh-token-rotation-disabled; api-schema-validation-missing; api-sensitive-response-field-exposed; api-shadow-endpoint-detected; api-third-party-timeout-missing; api-third-party-tls-validation-disabled; api-token-ttl-too-long; aws-default-sg-no-rules; aws-ec2-public-ports-restricted; aws-ecs-ports-restricted; aws-eks-private-endpoint; aws-elb-target-public-subnet; aws-lambda-in-vpc; aws-nacl-admin-ports-restricted; aws-sagemaker-training-no-vpc; container-host-network; db-public-access; ... 15 more,
nist80053r5,AC-5,nist80053r5 AC-5,NIST 800-53 r5 AC Access Control,0,0,0,,,,,framework_catalog_only,,
nist80053r5,AC-6,nist80053r5 AC-6,NIST 800-53 r5 AC Access Control,238,23,23,,,,,direct_source_backed,account-lateral-dormant; admin-inactive-keys; admin-keys-unrotated; admin-keys-year-unrotated; ai-agent-lambda-data-access; ai-model-excessive-agency; ai-model-third-party-access; aws-apigateway-public; aws-bedrock-custom-model-public; aws-codebuild-privileged-mode; aws-codebuild-public-logs; aws-ec2-ami-not-public; aws-ec2-ebs-snapshot-not-public; aws-ec2-instance-profile-attached; aws-ec2-internet-facing-iam; aws-ecr-public-repository; aws-eks-public-endpoint-disabled; aws-iam-access-analyzer-enabled; aws-iam-access-key-rotation; aws-iam-no-full-admin; aws-iam-no-policies-attached-user; aws-iam-password-policy; aws-iam-policy-no-admin-star; aws-iam-role-confused-deputy-prevention; aws-iam-role-cross-account-admin; ... 213 more,aws-codebuild-privileged-mode; aws-codebuild-public-logs; aws-ec2-instance-profile-attached; aws-iam-access-analyzer-enabled; aws-iam-access-key-rotation; aws-iam-no-full-admin; aws-iam-password-policy; aws-iam-policy-no-admin-star; aws-iam-role-confused-deputy-prevention; aws-iam-role-trust-any-principal; aws-iam-role-wildcard-trust; aws-iam-root-no-access-keys; aws-iam-service-account-open-assume; aws-iam-support-role; aws-iam-user-console-inactive; aws-iam-user-mfa-enabled; aws-iam-user-multiple-access-keys; aws-iam-user-unused-credentials; aws-rds-iam-authentication; aws-secretsmanager-secret-used; github-oidc-overly-permissive; iam-unknown-account-trusted; okta-admin-dormant
nist80053r5,AC-7,nist80053r5 AC-7,NIST 800-53 r5 AC Access Control,0,0,0,,,,,framework_catalog_only,,
nist80053r5,AC-8,nist80053r5 AC-8,NIST 800-53 r5 AC Access Control,0,0,0,,,,,framework_catalog_only,,
nist80053r5,AT-1,nist80053r5 AT-1,NIST 800-53 r5 AT Awareness and Training,0,0,0,,,,,framework_catalog_only,,
nist80053r5,AT-2,nist80053r5 AT-2,NIST 800-53 r5 AT Awareness and Training,1,0,0,,,,,direct_control_only,compliance-security-training,
nist80053r5,AT-3,nist80053r5 AT-3,NIST 800-53 r5 AT Awareness and Training,0,0,0,,,,,framework_catalog_only,,
nist80053r5,AT-4,nist80053r5 AT-4,NIST 800-53 r5 AT Awareness and Training,0,0,0,,,,,framework_catalog_only,,
nist80053r5,AT-5,nist80053r5 AT-5,NIST 800-53 r5 AT Awareness and Training,0,0,0,,,,,framework_catalog_only,,
nist80053r5,AT-6,nist80053r5 AT-6,NIST 800-53 r5 AT Awareness and Training,0,0,0,,,,,framework_catalog_only,,
nist80053r5,AU-1,nist80053r5 AU-1,NIST 800-53 r5 AU Audit and Accountability,0,0,0,,,,,framework_catalog_only,,
nist80053r5,AU-10,nist80053r5 AU-10,NIST 800-53 r5 AU Audit and Accountability,0,0,0,,,,,framework_catalog_only,,
nist80053r5,AU-11,nist80053r5 AU-11,NIST 800-53 r5 AU Audit and Accountability,0,0,0,,,,,framework_catalog_only,,
nist80053r5,AU-12,nist80053r5 AU-12,NIST 800-53 r5 AU Audit and Accountability,31,0,0,,,,,direct_control_only,aws-cloudtrail-enabled; aws-cloudtrail-s3-data-events; aws-cloudwatch-alarm-missing; aws-cloudwatch-log-group-encrypted; aws-cloudwatch-log-group-retention; aws-codebuild-public-logs; aws-config-enabled-all-regions; aws-ec2-detailed-monitoring-enabled; aws-eks-control-plane-logging; aws-logs-retention-365; aws-rds-logging-enabled; aws-s3-bucket-logging-enabled; aws-vpc-flow-logs-enabled; azure-keyvault-logging; azure-sql-auditing-enabled; db-audit-logging; endpoint-malware-detection; endpoint-sentinelone-active; gcp-audit-logging-enabled; gcp-log-sink-access; gcp-logging-disabled; github-repo-secrets-exposure; ml-model-registry-no-versioning; network-ids-coverage; pci-audit-retention; ... 6 more,
nist80053r5,AU-13,nist80053r5 AU-13,NIST 800-53 r5 AU Audit and Accountability,0,0,0,,,,,framework_catalog_only,,
nist80053r5,AU-14,nist80053r5 AU-14,NIST 800-53 r5 AU Audit and Accountability,0,0,0,,,,,framework_catalog_only,,
nist80053r5,AU-16,nist80053r5 AU-16,NIST 800-53 r5 AU Audit and Accountability,0,0,0,,,,,framework_catalog_only,,
nist80053r5,AU-2,nist80053r5 AU-2,NIST 800-53 r5 AU Audit and Accountability,171,136,136,,,,,direct_source_backed,aws-cloudtrail-enabled; aws-cloudtrail-s3-data-events; aws-cloudwatch-alarm-missing; aws-cloudwatch-log-group-encrypted; aws-cloudwatch-log-group-retention; aws-codebuild-public-logs; aws-config-enabled-all-regions; aws-ec2-detailed-monitoring-enabled; aws-eks-control-plane-logging; aws-logs-retention-365; aws-rds-logging-enabled; aws-s3-bucket-logging-enabled; aws-vpc-flow-logs-enabled; azure-keyvault-logging; azure-sql-auditing-enabled; db-audit-logging; endpoint-malware-detection; endpoint-sentinelone-active; gcp-audit-logging-enabled; gcp-log-sink-access; gcp-logging-disabled; github-repo-secrets-exposure; github-secops-app-installation-all-repos-event-check-run; github-secops-app-installation-all-repos-event-check-suite; github-secops-app-installation-all-repos-event-code-scanning-alert; ... 146 more,aws-cloudtrail-enabled; aws-cloudtrail-s3-data-events; aws-cloudwatch-alarm-missing; gcp-audit-logging-enabled; gcp-log-sink-access; gcp-logging-disabled; github-repo-secrets-exposure; github-secops-app-installation-all-repos-event-check-run; github-secops-app-installation-all-repos-event-check-suite; github-secops-app-installation-all-repos-event-code-scanning-alert; github-secops-app-installation-all-repos-event-create; github-secops-app-installation-all-repos-event-delete; github-secops-app-installation-all-repos-event-deployment; github-secops-app-installation-all-repos-event-deployment-status; github-secops-app-installation-all-repos-event-member; github-secops-app-installation-all-repos-event-membership; github-secops-app-installation-all-repos-event-organization; github-secops-app-installation-all-repos-event-repository; github-secops-app-installation-all-repos-event-secret-scanning-alert; github-secops-app-installation-all-repos-event-workflow-job; github-secops-app-installation-all-repos-event-workflow-run; github-secops-repo-internal-all-push-protection-disabled; github-secops-repo-internal-all-secret-scanning-disabled; github-secops-repo-internal-fork-push-protection-disabled; github-secops-repo-internal-fork-secret-scanning-disabled; ... 111 more
nist80053r5,AU-3,nist80053r5 AU-3,NIST 800-53 r5 AU Audit and Accountability,1,0,0,,,,,direct_control_only,vpc-no-dns-resolver-logging,
nist80053r5,AU-4,nist80053r5 AU-4,NIST 800-53 r5 AU Audit and Accountability,0,0,0,,,,,framework_catalog_only,,
nist80053r5,AU-5,nist80053r5 AU-5,NIST 800-53 r5 AU Audit and Accountability,0,0,0,,,,,framework_catalog_only,,
nist80053r5,AU-6,nist80053r5 AU-6,NIST 800-53 r5 AU Audit and Accountability,137,129,129,,,,,direct_source_backed,github-secops-app-installation-all-repos-event-check-run; github-secops-app-installation-all-repos-event-check-suite; github-secops-app-installation-all-repos-event-code-scanning-alert; github-secops-app-installation-all-repos-event-create; github-secops-app-installation-all-repos-event-delete; github-secops-app-installation-all-repos-event-deployment; github-secops-app-installation-all-repos-event-deployment-status; github-secops-app-installation-all-repos-event-member; github-secops-app-installation-all-repos-event-membership; github-secops-app-installation-all-repos-event-organization; github-secops-app-installation-all-repos-event-repository; github-secops-app-installation-all-repos-event-secret-scanning-alert; github-secops-app-installation-all-repos-event-workflow-job; github-secops-app-installation-all-repos-event-workflow-run; github-secops-repo-internal-all-push-protection-disabled; github-secops-repo-internal-all-secret-scanning-disabled; github-secops-repo-internal-fork-push-protection-disabled; github-secops-repo-internal-fork-secret-scanning-disabled; github-secops-repo-internal-primary-push-protection-disabled; github-secops-repo-internal-primary-secret-scanning-disabled; github-secops-repo-private-all-push-protection-disabled; github-secops-repo-private-all-secret-scanning-disabled; github-secops-repo-private-fork-push-protection-disabled; github-secops-repo-private-fork-secret-scanning-disabled; github-secops-repo-private-primary-push-protection-disabled; ... 112 more,github-secops-app-installation-all-repos-event-check-run; github-secops-app-installation-all-repos-event-check-suite; github-secops-app-installation-all-repos-event-code-scanning-alert; github-secops-app-installation-all-repos-event-create; github-secops-app-installation-all-repos-event-delete; github-secops-app-installation-all-repos-event-deployment; github-secops-app-installation-all-repos-event-deployment-status; github-secops-app-installation-all-repos-event-member; github-secops-app-installation-all-repos-event-membership; github-secops-app-installation-all-repos-event-organization; github-secops-app-installation-all-repos-event-repository; github-secops-app-installation-all-repos-event-secret-scanning-alert; github-secops-app-installation-all-repos-event-workflow-job; github-secops-app-installation-all-repos-event-workflow-run; github-secops-repo-internal-all-push-protection-disabled; github-secops-repo-internal-all-secret-scanning-disabled; github-secops-repo-internal-fork-push-protection-disabled; github-secops-repo-internal-fork-secret-scanning-disabled; github-secops-repo-internal-primary-push-protection-disabled; github-secops-repo-internal-primary-secret-scanning-disabled; github-secops-repo-private-all-push-protection-disabled; github-secops-repo-private-all-secret-scanning-disabled; github-secops-repo-private-fork-push-protection-disabled; github-secops-repo-private-fork-secret-scanning-disabled; github-secops-repo-private-primary-push-protection-disabled; ... 104 more
nist80053r5,AU-7,nist80053r5 AU-7,NIST 800-53 r5 AU Audit and Accountability,0,0,0,,,,,framework_catalog_only,,
nist80053r5,AU-8,nist80053r5 AU-8,NIST 800-53 r5 AU Audit and Accountability,0,0,0,,,,,framework_catalog_only,,
nist80053r5,AU-9,nist80053r5 AU-9,NIST 800-53 r5 AU Audit and Accountability,2,0,0,,,,,direct_control_only,aws-cloudtrail-kms-encryption; aws-cloudtrail-log-integrity,
nist80053r5,CA-1,nist80053r5 CA-1,"NIST 800-53 r5 CA Assessment, Authorization, and Monitoring",0,0,0,,,,,framework_catalog_only,,
nist80053r5,CA-2,nist80053r5 CA-2,"NIST 800-53 r5 CA Assessment, Authorization, and Monitoring",0,0,0,,,,,framework_catalog_only,,
nist80053r5,CA-3,nist80053r5 CA-3,"NIST 800-53 r5 CA Assessment, Authorization, and Monitoring",0,0,0,,,,,framework_catalog_only,,
nist80053r5,CA-5,nist80053r5 CA-5,"NIST 800-53 r5 CA Assessment, Authorization, and Monitoring",0,0,0,,,,,framework_catalog_only,,
nist80053r5,CA-6,nist80053r5 CA-6,"NIST 800-53 r5 CA Assessment, Authorization, and Monitoring",0,0,0,,,,,framework_catalog_only,,
nist80053r5,CA-7,nist80053r5 CA-7,"NIST 800-53 r5 CA Assessment, Authorization, and Monitoring",2,0,0,,,,,direct_control_only,aws-iam-access-analyzer-enabled; aws-security-hub-enabled,
nist80053r5,CA-8,nist80053r5 CA-8,"NIST 800-53 r5 CA Assessment, Authorization, and Monitoring",0,0,0,,,,,framework_catalog_only,,
nist80053r5,CA-9,nist80053r5 CA-9,"NIST 800-53 r5 CA Assessment, Authorization, and Monitoring",0,0,0,,,,,framework_catalog_only,,
nist80053r5,CM-1,nist80053r5 CM-1,NIST 800-53 r5 CM Configuration Management,0,0,0,,,,,framework_catalog_only,,
nist80053r5,CM-10,nist80053r5 CM-10,NIST 800-53 r5 CM Configuration Management,0,0,0,,,,,framework_catalog_only,,
nist80053r5,CM-11,nist80053r5 CM-11,NIST 800-53 r5 CM Configuration Management,0,0,0,,,,,framework_catalog_only,,
nist80053r5,CM-12,nist80053r5 CM-12,NIST 800-53 r5 CM Configuration Management,0,0,0,,,,,framework_catalog_only,,
nist80053r5,CM-13,nist80053r5 CM-13,NIST 800-53 r5 CM Configuration Management,0,0,0,,,,,framework_catalog_only,,
nist80053r5,CM-14,nist80053r5 CM-14,NIST 800-53 r5 CM Configuration Management,0,0,0,,,,,framework_catalog_only,,
nist80053r5,CM-2,nist80053r5 CM-2,NIST 800-53 r5 CM Configuration Management,0,0,0,,,,,framework_catalog_only,,
nist80053r5,CM-3,nist80053r5 CM-3,NIST 800-53 r5 CM Configuration Management,4,3,3,,,,,direct_source_backed,aws-rds-auto-minor-upgrade; github-automated-checks; github-branch-protection-admin; github-repo-branch-protection,github-automated-checks; github-branch-protection-admin; github-repo-branch-protection
nist80053r5,CM-4,nist80053r5 CM-4,NIST 800-53 r5 CM Configuration Management,0,0,0,,,,,framework_catalog_only,,
nist80053r5,CM-5,nist80053r5 CM-5,NIST 800-53 r5 CM Configuration Management,29,0,0,,,,,direct_control_only,aws-ecr-immutable-tags; github-automated-checks; github-branch-protection-admin; github-repo-branch-protection; github-secops-audit-repo-advanced-security-disabled; github-secops-audit-repo-artifact-attestation-missing; github-secops-audit-repo-branch-deletions-allowed; github-secops-audit-repo-branch-force-pushes-allowed; github-secops-audit-repo-branch-policy-override; github-secops-audit-repo-code-security-disabled; github-secops-audit-repo-dependabot-alerts-disabled; github-secops-audit-repo-oidc-subject-too-broad; github-secops-audit-repo-push-protection-disabled-audit; github-secops-audit-repo-required-review-removed; github-secops-audit-repo-required-status-check-removed; github-secops-audit-repo-ruleset-bypass-actor-added; github-secops-audit-repo-ruleset-destroyed; github-secops-audit-repo-ruleset-disabled; github-secops-audit-repo-secret-scanning-disabled-audit; github-secops-audit-repo-vulnerability-alerts-disabled; github-secops-audit-repo-webhook-insecure-ssl; github-secops-audit-repo-webhook-non-allowlisted-destination; github-secops-audit-repo-webhook-url-non-allowlisted; github-secops-pull-request-closed-tracked; github-secops-pull-request-open-tracked; ... 4 more,
nist80053r5,CM-6,nist80053r5 CM-6,NIST 800-53 r5 CM Configuration Management,123,68,68,,,,,direct_source_backed,aws-access-analyzer-unused-access-finding; aws-account-alternate-contact-security; aws-account-security-contact-configured; aws-backup-vault-encrypted; aws-backup-vault-locked; aws-cloudformation-stack-drift-detected; aws-cloudformation-stack-termination-protection; aws-cloudfront-origin-access-control-required; aws-cloudfront-response-headers-policy-security; aws-cloudfront-waf-enabled; aws-ecs-service-public-ip-disabled; aws-ecs-task-definition-no-privileged; aws-ecs-task-definition-nonroot-user; aws-ecs-task-definition-readonly-root; aws-efs-backup-enabled; aws-efs-encrypted; aws-eventbridge-rule-cross-account-target; aws-kms-key-deletion-scheduled; aws-kms-key-policy-public; aws-organizations-policy-detached; aws-organizations-scp-root-guardrail; aws-route53-resolver-query-logging; aws-secretsmanager-secret-replicated-critical; aws-ssm-document-public; azure-activity-log-alert-policy-missing; ... 98 more,aws-access-analyzer-unused-access-finding; aws-backup-vault-encrypted; aws-backup-vault-locked; aws-cloudfront-origin-access-control-required; aws-cloudfront-response-headers-policy-security; aws-cloudfront-waf-enabled; aws-ecs-service-public-ip-disabled; aws-ecs-task-definition-no-privileged; aws-ecs-task-definition-nonroot-user; aws-ecs-task-definition-readonly-root; aws-efs-backup-enabled; aws-efs-encrypted; aws-eventbridge-rule-cross-account-target; aws-organizations-policy-detached; aws-organizations-scp-root-guardrail; aws-route53-resolver-query-logging; aws-ssm-document-public; azure-activity-log-alert-policy-missing; azure-activity-log-export-missing; azure-defender-for-cloud-standard-missing; azure-entra-break-glass-account-missing; azure-keyvault-secret-expiry-missing; azure-security-contact-missing; azure-service-principal-owner-missing; azure-service-principal-secret-no-expiry; ... 43 more
nist80053r5,CM-7,nist80053r5 CM-7,NIST 800-53 r5 CM Configuration Management,12,0,0,,,,,direct_control_only,aws-ecr-immutable-tags; azure-vm-approved-extensions-only; gcp-gke-dashboard-disabled; gitlab-runner-unprotected-tags; k8s-missing-pss; k8s-namespace-missing-pss-label; k8s-pod-image-pinned-by-digest; k8s-pod-image-tag-not-latest; k8s-pod-no-hostpath-volumes; k8s-pod-no-privilege-escalation; k8s-pod-seccomp-runtime-default; ml-model-untrusted-source,
nist80053r5,CM-8,nist80053r5 CM-8,NIST 800-53 r5 CM Configuration Management,9,2,2,,,,,direct_source_backed,compliance-data-inventory-maintained; compliance-inventory-data-tracking; compliance-inventory-owners; endpoint-intune-noncompliant; endpoint-kandji-password-manager; endpoint-malware-detection; endpoint-mdm-enrolled; endpoint-password-manager; endpoint-sentinelone-active,endpoint-kandji-password-manager; endpoint-sentinelone-active
nist80053r5,CM-9,nist80053r5 CM-9,NIST 800-53 r5 CM Configuration Management,0,0,0,,,,,framework_catalog_only,,
nist80053r5,CP-1,nist80053r5 CP-1,NIST 800-53 r5 CP Contingency Planning,0,0,0,,,,,framework_catalog_only,,
nist80053r5,CP-10,nist80053r5 CP-10,NIST 800-53 r5 CP Contingency Planning,16,0,0,,,,,direct_control_only,aws-dynamodb-pitr; aws-logs-retention-365; aws-rds-backup-enabled; aws-rds-deletion-protection; aws-s3-bucket-versioning-enabled; aws-s3-cross-region-replication; backup-encryption; backup-offsite; backup-retention; backup-rpo-compliance; backup-testing; cert-expiry-30-days; db-backup-enabled; db-multi-az; gcp-sql-backup-enabled; pci-audit-retention,
nist80053r5,CP-11,nist80053r5 CP-11,NIST 800-53 r5 CP Contingency Planning,0,0,0,,,,,framework_catalog_only,,
nist80053r5,CP-12,nist80053r5 CP-12,NIST 800-53 r5 CP Contingency Planning,0,0,0,,,,,framework_catalog_only,,
nist80053r5,CP-13,nist80053r5 CP-13,NIST 800-53 r5 CP Contingency Planning,0,0,0,,,,,framework_catalog_only,,
nist80053r5,CP-2,nist80053r5 CP-2,NIST 800-53 r5 CP Contingency Planning,21,0,0,,,,,direct_control_only,aws-dynamodb-pitr; aws-logs-retention-365; aws-rds-backup-enabled; aws-rds-deletion-protection; aws-rds-multi-az-enabled; aws-s3-bucket-versioning-enabled; backup-encryption; backup-offsite; backup-retention; backup-rpo-compliance; backup-testing; cert-expiry-30-days; compliance-bcdr-plan-exists; db-backup-enabled; db-multi-az; gcp-sql-backup-enabled; k8s-deployment-multiple-replicas; k8s-pod-liveness-probe-required; k8s-pod-readiness-probe-required; k8s-pod-resource-limits; pci-audit-retention,
nist80053r5,CP-3,nist80053r5 CP-3,NIST 800-53 r5 CP Contingency Planning,0,0,0,,,,,framework_catalog_only,,
nist80053r5,CP-4,nist80053r5 CP-4,NIST 800-53 r5 CP Contingency Planning,21,0,0,,,,,direct_control_only,aws-dynamodb-pitr; aws-logs-retention-365; aws-rds-backup-enabled; aws-rds-deletion-protection; aws-rds-multi-az-enabled; aws-s3-bucket-versioning-enabled; backup-encryption; backup-offsite; backup-retention; backup-rpo-compliance; backup-testing; cert-expiry-30-days; compliance-bcdr-plan-exists; db-backup-enabled; db-multi-az; gcp-sql-backup-enabled; k8s-deployment-multiple-replicas; k8s-pod-liveness-probe-required; k8s-pod-readiness-probe-required; k8s-pod-resource-limits; pci-audit-retention,
nist80053r5,CP-6,nist80053r5 CP-6,NIST 800-53 r5 CP Contingency Planning,0,0,0,,,,,framework_catalog_only,,
nist80053r5,CP-7,nist80053r5 CP-7,NIST 800-53 r5 CP Contingency Planning,0,0,0,,,,,framework_catalog_only,,
nist80053r5,CP-8,nist80053r5 CP-8,NIST 800-53 r5 CP Contingency Planning,0,0,0,,,,,framework_catalog_only,,
nist80053r5,CP-9,nist80053r5 CP-9,NIST 800-53 r5 CP Contingency Planning,17,0,0,,,,,direct_control_only,aws-dynamodb-pitr; aws-logs-retention-365; aws-rds-backup-enabled; aws-rds-deletion-protection; aws-s3-bucket-versioning-enabled; aws-s3-cross-region-replication; backup-encryption; backup-offsite; backup-retention; backup-rpo-compliance; backup-testing; bucket-sensitive-no-lock; cert-expiry-30-days; db-backup-enabled; db-multi-az; gcp-sql-backup-enabled; pci-audit-retention,
nist80053r5,IA-1,nist80053r5 IA-1,NIST 800-53 r5 IA Identification and Authentication,0,0,0,,,,,framework_catalog_only,,
nist80053r5,IA-10,nist80053r5 IA-10,NIST 800-53 r5 IA Identification and Authentication,0,0,0,,,,,framework_catalog_only,,
nist80053r5,IA-11,nist80053r5 IA-11,NIST 800-53 r5 IA Identification and Authentication,0,0,0,,,,,framework_catalog_only,,
nist80053r5,IA-12,nist80053r5 IA-12,NIST 800-53 r5 IA Identification and Authentication,0,0,0,,,,,framework_catalog_only,,
nist80053r5,IA-2,nist80053r5 IA-2,NIST 800-53 r5 IA Identification and Authentication,107,0,0,,,,,direct_control_only,aws-alb-no-authentication; aws-api-gateway-no-authorization; aws-appsync-no-authorization; aws-ec2-iam-instance-profile; aws-iam-password-policy; aws-iam-root-mfa-enabled; aws-iam-user-mfa-enabled; aws-iam-user-unused-credentials; aws-rds-iam-authentication; aws-s3-bucket-mfa-delete; aws-user-data-no-mfa; aws-user-inactive-admin-no-mfa; aws-user-inactive-data-no-mfa; azure-function-anonymous-access; azure-function-public; azure-sql-azure-ad-admin; azure-user-mfa-disabled; cross-provider-privileged-access-no-mfa; endpoint-kandji-password-manager; endpoint-password-manager; gcp-cloud-run-allow-unauthenticated; gcp-gke-metadata-server; github-admin-without-2fa; github-org-2fa-disabled; github-secops-app-installation-all-repos-actions-read; ... 82 more,
nist80053r5,IA-3,nist80053r5 IA-3,NIST 800-53 r5 IA Identification and Authentication,0,0,0,,,,,framework_catalog_only,,
nist80053r5,IA-4,nist80053r5 IA-4,NIST 800-53 r5 IA Identification and Authentication,0,0,0,,,,,framework_catalog_only,,
nist80053r5,IA-5,nist80053r5 IA-5,NIST 800-53 r5 IA Identification and Authentication,118,14,14,,,,,direct_source_backed,admin-inactive-keys; admin-keys-unrotated; admin-keys-year-unrotated; aws-alb-no-authentication; aws-api-gateway-no-authorization; aws-appsync-no-authorization; aws-codebuild-plaintext-secrets; aws-codebuild-secrets-in-env-vars; aws-codebuild-source-credential; aws-dynamodb-encryption; aws-ec2-instance-profile-attached; aws-ecs-secrets-in-env-vars; aws-eks-secrets-encryption; aws-iam-access-key-rotation; aws-iam-expired-certificates; aws-iam-password-policy; aws-iam-root-mfa-enabled; aws-iam-root-no-access-keys; aws-iam-single-access-key; aws-iam-user-mfa-enabled; aws-iam-user-multiple-access-keys; aws-iam-user-unused-credentials; aws-kms-key-rotation-enabled; aws-lambda-no-env-secrets; aws-lambda-secrets-in-env-vars; ... 93 more,aws-codebuild-plaintext-secrets; aws-ec2-instance-profile-attached; aws-iam-access-key-rotation; aws-iam-expired-certificates; aws-iam-password-policy; aws-iam-root-no-access-keys; aws-iam-single-access-key; aws-iam-user-mfa-enabled; aws-iam-user-multiple-access-keys; aws-iam-user-unused-credentials; aws-rds-iam-authentication; aws-secretsmanager-rotation-enabled; aws-secretsmanager-secret-used; okta-user-mfa-disabled
nist80053r5,IA-6,nist80053r5 IA-6,NIST 800-53 r5 IA Identification and Authentication,0,0,0,,,,,framework_catalog_only,,
nist80053r5,IA-7,nist80053r5 IA-7,NIST 800-53 r5 IA Identification and Authentication,0,0,0,,,,,framework_catalog_only,,
nist80053r5,IA-8,nist80053r5 IA-8,NIST 800-53 r5 IA Identification and Authentication,0,0,0,,,,,framework_catalog_only,,
nist80053r5,IA-9,nist80053r5 IA-9,NIST 800-53 r5 IA Identification and Authentication,0,0,0,,,,,framework_catalog_only,,
nist80053r5,IR-1,nist80053r5 IR-1,NIST 800-53 r5 IR Incident Response,1,0,0,,,,,direct_control_only,compliance-ir-plan-exists,
nist80053r5,IR-2,nist80053r5 IR-2,NIST 800-53 r5 IR Incident Response,0,0,0,,,,,framework_catalog_only,,
nist80053r5,IR-3,nist80053r5 IR-3,NIST 800-53 r5 IR Incident Response,0,0,0,,,,,framework_catalog_only,,
nist80053r5,IR-4,nist80053r5 IR-4,NIST 800-53 r5 IR Incident Response,23,4,4,,,,,direct_source_backed,aws-guardduty-c2-traffic; aws-guardduty-crypto-mining; aws-guardduty-malware-finding; aws-guardduty-notifications; azure-defender-storage; compliance-p1-security-issues; compliance-p2-security-issues; container-runtime-exec-detected; gcp-cloud-ids-notifications; okta-suspicious-login; runtime-c2-connection-critical-asset; runtime-cloudtrail-disabled-event; runtime-dns-newly-registered-domain; runtime-edr-disabled-after-alert; runtime-guardduty-finding-high-open; runtime-identity-provider-risky-session; runtime-impossible-travel-admin; runtime-k8s-exec-privileged-pod; runtime-k8s-serviceaccount-token-access; runtime-malware-not-contained; sentinelone-threat-detected; threat-intel-malicious-domain-resolution; threat-intel-malicious-ip-connection,aws-guardduty-c2-traffic; aws-guardduty-crypto-mining; aws-guardduty-malware-finding; runtime-guardduty-finding-high-open
nist80053r5,IR-5,nist80053r5 IR-5,NIST 800-53 r5 IR Incident Response,8,0,0,,,,,direct_control_only,aws-guardduty-c2-traffic; aws-guardduty-crypto-mining; aws-guardduty-malware-finding; compliance-p1-security-issues; container-runtime-exec-detected; sentinelone-threat-detected; threat-intel-malicious-domain-resolution; threat-intel-malicious-ip-connection,
nist80053r5,IR-6,nist80053r5 IR-6,NIST 800-53 r5 IR Incident Response,0,0,0,,,,,framework_catalog_only,,
nist80053r5,IR-7,nist80053r5 IR-7,NIST 800-53 r5 IR Incident Response,0,0,0,,,,,framework_catalog_only,,
nist80053r5,IR-8,nist80053r5 IR-8,NIST 800-53 r5 IR Incident Response,8,0,0,,,,,direct_control_only,aws-guardduty-c2-traffic; aws-guardduty-crypto-mining; aws-guardduty-malware-finding; compliance-ir-plan-exists; container-runtime-exec-detected; sentinelone-threat-detected; threat-intel-malicious-domain-resolution; threat-intel-malicious-ip-connection,
nist80053r5,IR-9,nist80053r5 IR-9,NIST 800-53 r5 IR Incident Response,0,0,0,,,,,framework_catalog_only,,
nist80053r5,MA-1,nist80053r5 MA-1,NIST 800-53 r5 MA Maintenance,0,0,0,,,,,framework_catalog_only,,
nist80053r5,MA-2,nist80053r5 MA-2,NIST 800-53 r5 MA Maintenance,0,0,0,,,,,framework_catalog_only,,
nist80053r5,MA-3,nist80053r5 MA-3,NIST 800-53 r5 MA Maintenance,0,0,0,,,,,framework_catalog_only,,
nist80053r5,MA-4,nist80053r5 MA-4,NIST 800-53 r5 MA Maintenance,0,0,0,,,,,framework_catalog_only,,
nist80053r5,MA-5,nist80053r5 MA-5,NIST 800-53 r5 MA Maintenance,0,0,0,,,,,framework_catalog_only,,
nist80053r5,MA-6,nist80053r5 MA-6,NIST 800-53 r5 MA Maintenance,0,0,0,,,,,framework_catalog_only,,
nist80053r5,MP-1,nist80053r5 MP-1,NIST 800-53 r5 MP Media Protection,0,0,0,,,,,framework_catalog_only,,
nist80053r5,MP-2,nist80053r5 MP-2,NIST 800-53 r5 MP Media Protection,0,0,0,,,,,framework_catalog_only,,
nist80053r5,MP-3,nist80053r5 MP-3,NIST 800-53 r5 MP Media Protection,0,0,0,,,,,framework_catalog_only,,
nist80053r5,MP-4,nist80053r5 MP-4,NIST 800-53 r5 MP Media Protection,1,0,0,,,,,direct_control_only,m365-sensitivity-labels-missing,
nist80053r5,MP-5,nist80053r5 MP-5,NIST 800-53 r5 MP Media Protection,0,0,0,,,,,framework_catalog_only,,
nist80053r5,MP-6,nist80053r5 MP-6,NIST 800-53 r5 MP Media Protection,0,0,0,,,,,framework_catalog_only,,
nist80053r5,MP-7,nist80053r5 MP-7,NIST 800-53 r5 MP Media Protection,0,0,0,,,,,framework_catalog_only,,
nist80053r5,MP-8,nist80053r5 MP-8,NIST 800-53 r5 MP Media Protection,0,0,0,,,,,framework_catalog_only,,
nist80053r5,PE-1,nist80053r5 PE-1,NIST 800-53 r5 PE Physical and Environmental Protection,0,0,0,,,,,framework_catalog_only,,
nist80053r5,PE-10,nist80053r5 PE-10,NIST 800-53 r5 PE Physical and Environmental Protection,0,0,0,,,,,framework_catalog_only,,
nist80053r5,PE-11,nist80053r5 PE-11,NIST 800-53 r5 PE Physical and Environmental Protection,0,0,0,,,,,framework_catalog_only,,
nist80053r5,PE-12,nist80053r5 PE-12,NIST 800-53 r5 PE Physical and Environmental Protection,0,0,0,,,,,framework_catalog_only,,
nist80053r5,PE-13,nist80053r5 PE-13,NIST 800-53 r5 PE Physical and Environmental Protection,0,0,0,,,,,framework_catalog_only,,
nist80053r5,PE-14,nist80053r5 PE-14,NIST 800-53 r5 PE Physical and Environmental Protection,0,0,0,,,,,framework_catalog_only,,
nist80053r5,PE-15,nist80053r5 PE-15,NIST 800-53 r5 PE Physical and Environmental Protection,0,0,0,,,,,framework_catalog_only,,
nist80053r5,PE-16,nist80053r5 PE-16,NIST 800-53 r5 PE Physical and Environmental Protection,0,0,0,,,,,framework_catalog_only,,
nist80053r5,PE-17,nist80053r5 PE-17,NIST 800-53 r5 PE Physical and Environmental Protection,0,0,0,,,,,framework_catalog_only,,
nist80053r5,PE-18,nist80053r5 PE-18,NIST 800-53 r5 PE Physical and Environmental Protection,0,0,0,,,,,framework_catalog_only,,
nist80053r5,PE-19,nist80053r5 PE-19,NIST 800-53 r5 PE Physical and Environmental Protection,0,0,0,,,,,framework_catalog_only,,
nist80053r5,PE-2,nist80053r5 PE-2,NIST 800-53 r5 PE Physical and Environmental Protection,0,0,0,,,,,framework_catalog_only,,
nist80053r5,PE-20,nist80053r5 PE-20,NIST 800-53 r5 PE Physical and Environmental Protection,0,0,0,,,,,framework_catalog_only,,
nist80053r5,PE-21,nist80053r5 PE-21,NIST 800-53 r5 PE Physical and Environmental Protection,0,0,0,,,,,framework_catalog_only,,
nist80053r5,PE-22,nist80053r5 PE-22,NIST 800-53 r5 PE Physical and Environmental Protection,0,0,0,,,,,framework_catalog_only,,
nist80053r5,PE-23,nist80053r5 PE-23,NIST 800-53 r5 PE Physical and Environmental Protection,0,0,0,,,,,framework_catalog_only,,
nist80053r5,PE-3,nist80053r5 PE-3,NIST 800-53 r5 PE Physical and Environmental Protection,0,0,0,,,,,framework_catalog_only,,
nist80053r5,PE-4,nist80053r5 PE-4,NIST 800-53 r5 PE Physical and Environmental Protection,0,0,0,,,,,framework_catalog_only,,
nist80053r5,PE-5,nist80053r5 PE-5,NIST 800-53 r5 PE Physical and Environmental Protection,0,0,0,,,,,framework_catalog_only,,
nist80053r5,PE-6,nist80053r5 PE-6,NIST 800-53 r5 PE Physical and Environmental Protection,0,0,0,,,,,framework_catalog_only,,
nist80053r5,PE-8,nist80053r5 PE-8,NIST 800-53 r5 PE Physical and Environmental Protection,0,0,0,,,,,framework_catalog_only,,
nist80053r5,PE-9,nist80053r5 PE-9,NIST 800-53 r5 PE Physical and Environmental Protection,0,0,0,,,,,framework_catalog_only,,
nist80053r5,PL-1,nist80053r5 PL-1,NIST 800-53 r5 PL Planning,0,0,0,,,,,framework_catalog_only,,
nist80053r5,PL-10,nist80053r5 PL-10,NIST 800-53 r5 PL Planning,0,0,0,,,,,framework_catalog_only,,
nist80053r5,PL-11,nist80053r5 PL-11,NIST 800-53 r5 PL Planning,0,0,0,,,,,framework_catalog_only,,
nist80053r5,PL-2,nist80053r5 PL-2,NIST 800-53 r5 PL Planning,0,0,0,,,,,framework_catalog_only,,
nist80053r5,PL-4,nist80053r5 PL-4,NIST 800-53 r5 PL Planning,0,0,0,,,,,framework_catalog_only,,
nist80053r5,PL-7,nist80053r5 PL-7,NIST 800-53 r5 PL Planning,0,0,0,,,,,framework_catalog_only,,
nist80053r5,PL-8,nist80053r5 PL-8,NIST 800-53 r5 PL Planning,0,0,0,,,,,framework_catalog_only,,
nist80053r5,PL-9,nist80053r5 PL-9,NIST 800-53 r5 PL Planning,0,0,0,,,,,framework_catalog_only,,
nist80053r5,PM-1,nist80053r5 PM-1,NIST 800-53 r5 PM Program Management,0,0,0,,,,,framework_catalog_only,,
nist80053r5,PM-10,nist80053r5 PM-10,NIST 800-53 r5 PM Program Management,0,0,0,,,,,framework_catalog_only,,
nist80053r5,PM-11,nist80053r5 PM-11,NIST 800-53 r5 PM Program Management,0,0,0,,,,,framework_catalog_only,,
nist80053r5,PM-12,nist80053r5 PM-12,NIST 800-53 r5 PM Program Management,0,0,0,,,,,framework_catalog_only,,
nist80053r5,PM-13,nist80053r5 PM-13,NIST 800-53 r5 PM Program Management,0,0,0,,,,,framework_catalog_only,,
nist80053r5,PM-14,nist80053r5 PM-14,NIST 800-53 r5 PM Program Management,0,0,0,,,,,framework_catalog_only,,
nist80053r5,PM-15,nist80053r5 PM-15,NIST 800-53 r5 PM Program Management,0,0,0,,,,,framework_catalog_only,,
nist80053r5,PM-16,nist80053r5 PM-16,NIST 800-53 r5 PM Program Management,0,0,0,,,,,framework_catalog_only,,
nist80053r5,PM-17,nist80053r5 PM-17,NIST 800-53 r5 PM Program Management,0,0,0,,,,,framework_catalog_only,,
nist80053r5,PM-18,nist80053r5 PM-18,NIST 800-53 r5 PM Program Management,0,0,0,,,,,framework_catalog_only,,
nist80053r5,PM-19,nist80053r5 PM-19,NIST 800-53 r5 PM Program Management,0,0,0,,,,,framework_catalog_only,,
nist80053r5,PM-2,nist80053r5 PM-2,NIST 800-53 r5 PM Program Management,0,0,0,,,,,framework_catalog_only,,
nist80053r5,PM-20,nist80053r5 PM-20,NIST 800-53 r5 PM Program Management,0,0,0,,,,,framework_catalog_only,,
nist80053r5,PM-21,nist80053r5 PM-21,NIST 800-53 r5 PM Program Management,0,0,0,,,,,framework_catalog_only,,
nist80053r5,PM-22,nist80053r5 PM-22,NIST 800-53 r5 PM Program Management,0,0,0,,,,,framework_catalog_only,,
nist80053r5,PM-23,nist80053r5 PM-23,NIST 800-53 r5 PM Program Management,0,0,0,,,,,framework_catalog_only,,
nist80053r5,PM-24,nist80053r5 PM-24,NIST 800-53 r5 PM Program Management,0,0,0,,,,,framework_catalog_only,,
nist80053r5,PM-25,nist80053r5 PM-25,NIST 800-53 r5 PM Program Management,0,0,0,,,,,framework_catalog_only,,
nist80053r5,PM-26,nist80053r5 PM-26,NIST 800-53 r5 PM Program Management,0,0,0,,,,,framework_catalog_only,,
nist80053r5,PM-27,nist80053r5 PM-27,NIST 800-53 r5 PM Program Management,0,0,0,,,,,framework_catalog_only,,
nist80053r5,PM-28,nist80053r5 PM-28,NIST 800-53 r5 PM Program Management,0,0,0,,,,,framework_catalog_only,,
nist80053r5,PM-29,nist80053r5 PM-29,NIST 800-53 r5 PM Program Management,0,0,0,,,,,framework_catalog_only,,
nist80053r5,PM-3,nist80053r5 PM-3,NIST 800-53 r5 PM Program Management,0,0,0,,,,,framework_catalog_only,,
nist80053r5,PM-30,nist80053r5 PM-30,NIST 800-53 r5 PM Program Management,0,0,0,,,,,framework_catalog_only,,
nist80053r5,PM-31,nist80053r5 PM-31,NIST 800-53 r5 PM Program Management,0,0,0,,,,,framework_catalog_only,,
nist80053r5,PM-32,nist80053r5 PM-32,NIST 800-53 r5 PM Program Management,0,0,0,,,,,framework_catalog_only,,
nist80053r5,PM-4,nist80053r5 PM-4,NIST 800-53 r5 PM Program Management,0,0,0,,,,,framework_catalog_only,,
nist80053r5,PM-5,nist80053r5 PM-5,NIST 800-53 r5 PM Program Management,0,0,0,,,,,framework_catalog_only,,
nist80053r5,PM-6,nist80053r5 PM-6,NIST 800-53 r5 PM Program Management,0,0,0,,,,,framework_catalog_only,,
nist80053r5,PM-7,nist80053r5 PM-7,NIST 800-53 r5 PM Program Management,0,0,0,,,,,framework_catalog_only,,
nist80053r5,PM-8,nist80053r5 PM-8,NIST 800-53 r5 PM Program Management,0,0,0,,,,,framework_catalog_only,,
nist80053r5,PM-9,nist80053r5 PM-9,NIST 800-53 r5 PM Program Management,0,0,0,,,,,framework_catalog_only,,
nist80053r5,PS-1,nist80053r5 PS-1,NIST 800-53 r5 PS Personnel Security,0,0,0,,,,,framework_catalog_only,,
nist80053r5,PS-2,nist80053r5 PS-2,NIST 800-53 r5 PS Personnel Security,0,0,0,,,,,framework_catalog_only,,
nist80053r5,PS-3,nist80053r5 PS-3,NIST 800-53 r5 PS Personnel Security,1,0,0,,,,,direct_control_only,compliance-background-checks,
nist80053r5,PS-4,nist80053r5 PS-4,NIST 800-53 r5 PS Personnel Security,15,0,0,,,,,direct_control_only,identity-account-deprovision; identity-cyberark-deprovision; identity-duo-deprovision; identity-forgerock-deprovision; identity-github-deprovision; identity-jumpcloud-deprovision; identity-offboarding-sla; identity-office365-deprovision; identity-oracle-idcs-deprovision; identity-pingidentity-deprovision; identity-sailpoint-deprovision; identity-saviynt-deprovision; identity-slack-deprovision; identity-tailscale-deprovision; m365-terminated-users-active,
nist80053r5,PS-5,nist80053r5 PS-5,NIST 800-53 r5 PS Personnel Security,0,0,0,,,,,framework_catalog_only,,
nist80053r5,PS-6,nist80053r5 PS-6,NIST 800-53 r5 PS Personnel Security,0,0,0,,,,,framework_catalog_only,,
nist80053r5,PS-7,nist80053r5 PS-7,NIST 800-53 r5 PS Personnel Security,0,0,0,,,,,framework_catalog_only,,
nist80053r5,PS-8,nist80053r5 PS-8,NIST 800-53 r5 PS Personnel Security,0,0,0,,,,,framework_catalog_only,,
nist80053r5,PS-9,nist80053r5 PS-9,NIST 800-53 r5 PS Personnel Security,0,0,0,,,,,framework_catalog_only,,
nist80053r5,PT-1,nist80053r5 PT-1,NIST 800-53 r5 PT PII Processing and Transparency,0,0,0,,,,,framework_catalog_only,,
nist80053r5,PT-2,nist80053r5 PT-2,NIST 800-53 r5 PT PII Processing and Transparency,0,0,0,,,,,framework_catalog_only,,
nist80053r5,PT-3,nist80053r5 PT-3,NIST 800-53 r5 PT PII Processing and Transparency,0,0,0,,,,,framework_catalog_only,,
nist80053r5,PT-4,nist80053r5 PT-4,NIST 800-53 r5 PT PII Processing and Transparency,0,0,0,,,,,framework_catalog_only,,
nist80053r5,PT-5,nist80053r5 PT-5,NIST 800-53 r5 PT PII Processing and Transparency,0,0,0,,,,,framework_catalog_only,,
nist80053r5,PT-6,nist80053r5 PT-6,NIST 800-53 r5 PT PII Processing and Transparency,0,0,0,,,,,framework_catalog_only,,
nist80053r5,PT-7,nist80053r5 PT-7,NIST 800-53 r5 PT PII Processing and Transparency,0,0,0,,,,,framework_catalog_only,,
nist80053r5,PT-8,nist80053r5 PT-8,NIST 800-53 r5 PT PII Processing and Transparency,0,0,0,,,,,framework_catalog_only,,
nist80053r5,RA-1,nist80053r5 RA-1,NIST 800-53 r5 RA Risk Assessment,0,0,0,,,,,framework_catalog_only,,
nist80053r5,RA-10,nist80053r5 RA-10,NIST 800-53 r5 RA Risk Assessment,0,0,0,,,,,framework_catalog_only,,
nist80053r5,RA-2,nist80053r5 RA-2,NIST 800-53 r5 RA Risk Assessment,2,0,0,,,,,direct_control_only,compliance-data-inventory-maintained; compliance-inventory-data-tracking,
nist80053r5,RA-3,nist80053r5 RA-3,NIST 800-53 r5 RA Risk Assessment,2,0,0,,,,,direct_control_only,compliance-risk-assessment-annual; vendor-risk-assessed,
nist80053r5,RA-5,nist80053r5 RA-5,NIST 800-53 r5 RA Risk Assessment,179,100,100,,,,,direct_source_backed,aws-ecr-scan-on-push; aws-lambda-runtime-supported; cisa-kev-vulnerability-present; container-eol-writable; container-image-scan; container-openssl-vuln; cve-2021-45046; cve-2021-45105; cve-2023-20867; cve-2023-4863; cve-2024-21626; cve-2024-6387; dirty-pipe-privileged; gcp-container-vuln-critical; gcp-container-vuln-high; gcp-container-vuln-low; gcp-container-vuln-medium; gcr-unscanned; github-code-scanning-critical; github-dependabot-critical-alert; github-dependabot-high-alert; github-secops-dependabot-cargo-critical-dismissed; github-secops-dependabot-cargo-critical-open; github-secops-dependabot-cargo-critical-runtime-no-patch; github-secops-dependabot-cargo-high-dismissed; ... 154 more,github-dependabot-critical-alert; github-dependabot-high-alert; github-secops-dependabot-cargo-critical-dismissed; github-secops-dependabot-cargo-critical-open; github-secops-dependabot-cargo-critical-runtime-no-patch; github-secops-dependabot-cargo-high-dismissed; github-secops-dependabot-cargo-high-open; github-secops-dependabot-cargo-high-runtime-no-patch; github-secops-dependabot-cargo-low-open; github-secops-dependabot-cargo-medium-open; github-secops-dependabot-composer-critical-dismissed; github-secops-dependabot-composer-critical-open; github-secops-dependabot-composer-critical-runtime-no-patch; github-secops-dependabot-composer-high-dismissed; github-secops-dependabot-composer-high-open; github-secops-dependabot-composer-high-runtime-no-patch; github-secops-dependabot-composer-low-open; github-secops-dependabot-composer-medium-open; github-secops-dependabot-docker-critical-dismissed; github-secops-dependabot-docker-critical-open; github-secops-dependabot-docker-critical-runtime-no-patch; github-secops-dependabot-docker-high-dismissed; github-secops-dependabot-docker-high-open; github-secops-dependabot-docker-high-runtime-no-patch; github-secops-dependabot-docker-low-open; ... 75 more
nist80053r5,RA-7,nist80053r5 RA-7,NIST 800-53 r5 RA Risk Assessment,0,0,0,,,,,framework_catalog_only,,
nist80053r5,RA-8,nist80053r5 RA-8,NIST 800-53 r5 RA Risk Assessment,0,0,0,,,,,framework_catalog_only,,
nist80053r5,RA-9,nist80053r5 RA-9,NIST 800-53 r5 RA Risk Assessment,0,0,0,,,,,framework_catalog_only,,
nist80053r5,SA-1,nist80053r5 SA-1,NIST 800-53 r5 SA System and Services Acquisition,0,0,0,,,,,framework_catalog_only,,
nist80053r5,SA-10,nist80053r5 SA-10,NIST 800-53 r5 SA System and Services Acquisition,139,0,0,,,,,direct_control_only,cicd-artifact-signature-required; cicd-build-logs-public; cicd-build-provenance-required; cicd-build-provenance-verified; cicd-dependency-review-required; cicd-iac-plan-approval-required; cicd-release-separation-of-duties; cicd-secret-scanning-blocking-required; cicd-slsa-build-level-below-2; cicd-slsa-build-level-below-3-critical-service; cicd-unpinned-third-party-action; cicd-untrusted-fork-write-token; github-actions-artifact-attestation-missing; github-actions-oidc-subject-too-broad; github-branch-requires-linear-history; github-branch-requires-signed-commits; github-codeowners-missing; github-dependabot-security-updates-disabled; github-repo-webhook-insecure-ssl; github-ruleset-bypass-unrestricted; github-ruleset-required; github-secops-dependabot-cargo-critical-dismissed; github-secops-dependabot-cargo-critical-open; github-secops-dependabot-cargo-critical-runtime-no-patch; github-secops-dependabot-cargo-high-dismissed; ... 114 more,
nist80053r5,SA-11,nist80053r5 SA-11,NIST 800-53 r5 SA System and Services Acquisition,0,0,0,,,,,framework_catalog_only,,
nist80053r5,SA-15,nist80053r5 SA-15,NIST 800-53 r5 SA System and Services Acquisition,12,0,0,,,,,direct_control_only,cicd-artifact-signature-required; cicd-build-logs-public; cicd-build-provenance-required; cicd-build-provenance-verified; cicd-dependency-review-required; cicd-iac-plan-approval-required; cicd-release-separation-of-duties; cicd-secret-scanning-blocking-required; cicd-slsa-build-level-below-2; cicd-slsa-build-level-below-3-critical-service; cicd-unpinned-third-party-action; cicd-untrusted-fork-write-token,
nist80053r5,SA-16,nist80053r5 SA-16,NIST 800-53 r5 SA System and Services Acquisition,0,0,0,,,,,framework_catalog_only,,
nist80053r5,SA-17,nist80053r5 SA-17,NIST 800-53 r5 SA System and Services Acquisition,0,0,0,,,,,framework_catalog_only,,
nist80053r5,SA-2,nist80053r5 SA-2,NIST 800-53 r5 SA System and Services Acquisition,0,0,0,,,,,framework_catalog_only,,
nist80053r5,SA-20,nist80053r5 SA-20,NIST 800-53 r5 SA System and Services Acquisition,0,0,0,,,,,framework_catalog_only,,
nist80053r5,SA-21,nist80053r5 SA-21,NIST 800-53 r5 SA System and Services Acquisition,0,0,0,,,,,framework_catalog_only,,
nist80053r5,SA-22,nist80053r5 SA-22,NIST 800-53 r5 SA System and Services Acquisition,0,0,0,,,,,framework_catalog_only,,
nist80053r5,SA-23,nist80053r5 SA-23,NIST 800-53 r5 SA System and Services Acquisition,0,0,0,,,,,framework_catalog_only,,
nist80053r5,SA-3,nist80053r5 SA-3,NIST 800-53 r5 SA System and Services Acquisition,0,0,0,,,,,framework_catalog_only,,
nist80053r5,SA-4,nist80053r5 SA-4,NIST 800-53 r5 SA System and Services Acquisition,0,0,0,,,,,framework_catalog_only,,
nist80053r5,SA-5,nist80053r5 SA-5,NIST 800-53 r5 SA System and Services Acquisition,0,0,0,,,,,framework_catalog_only,,
nist80053r5,SA-8,nist80053r5 SA-8,NIST 800-53 r5 SA System and Services Acquisition,0,0,0,,,,,framework_catalog_only,,
nist80053r5,SA-9,nist80053r5 SA-9,NIST 800-53 r5 SA System and Services Acquisition,4,0,0,,,,,direct_control_only,vendor-auth-method; vendor-pci-compliance; vendor-risk-assessed; vendor-security-review-complete,
nist80053r5,SC-1,nist80053r5 SC-1,NIST 800-53 r5 SC System and Communications Protection,0,0,0,,,,,framework_catalog_only,,
nist80053r5,SC-10,nist80053r5 SC-10,NIST 800-53 r5 SC System and Communications Protection,0,0,0,,,,,framework_catalog_only,,
nist80053r5,SC-12,nist80053r5 SC-12,NIST 800-53 r5 SC System and Communications Protection,115,8,8,,,,,direct_source_backed,admin-inactive-keys; admin-keys-unrotated; admin-keys-year-unrotated; aws-alb-http-to-https; aws-cloudfront-http; aws-cloudwatch-log-group-encrypted; aws-codebuild-plaintext-secrets; aws-codebuild-secrets-in-env-vars; aws-codebuild-source-credential; aws-dynamodb-encryption; aws-ebs-encryption-default; aws-ec2-ebs-volume-encrypted; aws-ec2-instance-profile-attached; aws-ecs-secrets-in-env-vars; aws-eks-secrets-encryption; aws-elb-certificate-expiry; aws-elb-https-only; aws-elb-tls-version; aws-iam-access-key-rotation; aws-iam-root-no-access-keys; aws-iam-user-multiple-access-keys; aws-iam-user-unused-credentials; aws-kms-key-rotation-enabled; aws-lambda-no-env-secrets; aws-lambda-secrets-in-env-vars; ... 90 more,aws-codebuild-plaintext-secrets; aws-dynamodb-encryption; aws-kms-key-rotation-enabled; aws-s3-bucket-cleartext-key; aws-s3-bucket-encryption-enabled; aws-s3-bucket-ssl-only; aws-secretsmanager-rotation-enabled; aws-secretsmanager-secret-used
nist80053r5,SC-13,nist80053r5 SC-13,NIST 800-53 r5 SC System and Communications Protection,44,4,4,,,,,direct_source_backed,aws-alb-http-to-https; aws-cloudfront-http; aws-cloudwatch-log-group-encrypted; aws-dynamodb-encryption; aws-ebs-encryption-default; aws-ec2-ebs-volume-encrypted; aws-eks-secrets-encryption; aws-elb-certificate-expiry; aws-elb-https-only; aws-elb-tls-version; aws-kms-key-rotation-enabled; aws-rds-encryption-enabled; aws-redshift-no-encryption; aws-s3-bucket-encryption-enabled; aws-s3-bucket-ssl-only; aws-sagemaker-endpoint-no-encryption; aws-sagemaker-training-unencrypted; aws-sns-topic-encrypted; aws-sqs-queue-encrypted; azure-appservice-https; azure-postgresql-ssl; azure-sql-transparent-data-encryption; azure-storage-https-only; azure-storage-minimum-tls-1-2; azure-vm-disk-encryption; ... 19 more,aws-dynamodb-encryption; aws-kms-key-rotation-enabled; aws-s3-bucket-encryption-enabled; aws-s3-bucket-ssl-only
nist80053r5,SC-15,nist80053r5 SC-15,NIST 800-53 r5 SC System and Communications Protection,0,0,0,,,,,framework_catalog_only,,
nist80053r5,SC-16,nist80053r5 SC-16,NIST 800-53 r5 SC System and Communications Protection,0,0,0,,,,,framework_catalog_only,,
nist80053r5,SC-17,nist80053r5 SC-17,NIST 800-53 r5 SC System and Communications Protection,1,0,0,,,,,direct_control_only,aws-iam-expired-certificates,
nist80053r5,SC-18,nist80053r5 SC-18,NIST 800-53 r5 SC System and Communications Protection,0,0,0,,,,,framework_catalog_only,,
nist80053r5,SC-2,nist80053r5 SC-2,NIST 800-53 r5 SC System and Communications Protection,0,0,0,,,,,framework_catalog_only,,
nist80053r5,SC-20,nist80053r5 SC-20,NIST 800-53 r5 SC System and Communications Protection,1,0,0,,,,,direct_control_only,gcp-dns-dnssec,
nist80053r5,SC-21,nist80053r5 SC-21,NIST 800-53 r5 SC System and Communications Protection,1,0,0,,,,,direct_control_only,gcp-dns-dnssec,
nist80053r5,SC-22,nist80053r5 SC-22,NIST 800-53 r5 SC System and Communications Protection,0,0,0,,,,,framework_catalog_only,,
nist80053r5,SC-23,nist80053r5 SC-23,NIST 800-53 r5 SC System and Communications Protection,11,0,0,,,,,direct_control_only,aws-alb-http-to-https; aws-s3-https-only; cert-expired; cert-expiry-30-days; cert-self-signed; cert-weak-key; cert-weak-signature; db-ssl-connections; pci-transmission-encrypted; tls-version-outdated; tls-weak-ciphers,
nist80053r5,SC-24,nist80053r5 SC-24,NIST 800-53 r5 SC System and Communications Protection,0,0,0,,,,,framework_catalog_only,,
nist80053r5,SC-28,nist80053r5 SC-28,NIST 800-53 r5 SC System and Communications Protection,55,5,5,,,,,direct_source_backed,aws-alb-http-to-https; aws-cloudfront-http; aws-cloudtrail-kms-encryption; aws-cloudwatch-log-group-encrypted; aws-dynamodb-encryption; aws-ebs-encryption-default; aws-ec2-ebs-volume-encrypted; aws-eks-secrets-encryption; aws-elb-certificate-expiry; aws-elb-https-only; aws-elb-tls-version; aws-kms-key-rotation-enabled; aws-rds-encryption-enabled; aws-redshift-no-encryption; aws-s3-bucket-encryption-enabled; aws-s3-bucket-ssl-only; aws-sagemaker-endpoint-no-encryption; aws-sagemaker-training-unencrypted; aws-sns-topic-encrypted; aws-sqs-queue-encrypted; azure-appservice-https; azure-postgresql-ssl; azure-sql-transparent-data-encryption; azure-storage-https-only; azure-storage-minimum-tls-1-2; ... 30 more,aws-cloudtrail-kms-encryption; aws-dynamodb-encryption; aws-kms-key-rotation-enabled; aws-s3-bucket-encryption-enabled; aws-s3-bucket-ssl-only
nist80053r5,SC-3,nist80053r5 SC-3,NIST 800-53 r5 SC System and Communications Protection,0,0,0,,,,,framework_catalog_only,,
nist80053r5,SC-39,nist80053r5 SC-39,NIST 800-53 r5 SC System and Communications Protection,0,0,0,,,,,framework_catalog_only,,
nist80053r5,SC-4,nist80053r5 SC-4,NIST 800-53 r5 SC System and Communications Protection,0,0,0,,,,,framework_catalog_only,,
nist80053r5,SC-40,nist80053r5 SC-40,NIST 800-53 r5 SC System and Communications Protection,0,0,0,,,,,framework_catalog_only,,
nist80053r5,SC-41,nist80053r5 SC-41,NIST 800-53 r5 SC System and Communications Protection,0,0,0,,,,,framework_catalog_only,,
nist80053r5,SC-43,nist80053r5 SC-43,NIST 800-53 r5 SC System and Communications Protection,0,0,0,,,,,framework_catalog_only,,
nist80053r5,SC-44,nist80053r5 SC-44,NIST 800-53 r5 SC System and Communications Protection,0,0,0,,,,,framework_catalog_only,,
nist80053r5,SC-45,nist80053r5 SC-45,NIST 800-53 r5 SC System and Communications Protection,0,0,0,,,,,framework_catalog_only,,
nist80053r5,SC-46,nist80053r5 SC-46,NIST 800-53 r5 SC System and Communications Protection,0,0,0,,,,,framework_catalog_only,,
nist80053r5,SC-47,nist80053r5 SC-47,NIST 800-53 r5 SC System and Communications Protection,0,0,0,,,,,framework_catalog_only,,
nist80053r5,SC-48,nist80053r5 SC-48,NIST 800-53 r5 SC System and Communications Protection,0,0,0,,,,,framework_catalog_only,,
nist80053r5,SC-49,nist80053r5 SC-49,NIST 800-53 r5 SC System and Communications Protection,0,0,0,,,,,framework_catalog_only,,
nist80053r5,SC-5,nist80053r5 SC-5,NIST 800-53 r5 SC System and Communications Protection,0,0,0,,,,,framework_catalog_only,,
nist80053r5,SC-50,nist80053r5 SC-50,NIST 800-53 r5 SC System and Communications Protection,0,0,0,,,,,framework_catalog_only,,
nist80053r5,SC-51,nist80053r5 SC-51,NIST 800-53 r5 SC System and Communications Protection,0,0,0,,,,,framework_catalog_only,,
nist80053r5,SC-7,nist80053r5 SC-7,NIST 800-53 r5 SC System and Communications Protection,159,10,10,,,,,direct_source_backed,api-admin-function-public; api-cors-wildcard-credentials; api-deprecated-version-public; api-endpoint-no-authentication; api-inventory-owner-missing; api-mtls-required-missing-sensitive-service; api-object-level-authorization-missing; api-rate-limit-missing; api-refresh-token-rotation-disabled; api-schema-validation-missing; api-sensitive-response-field-exposed; api-shadow-endpoint-detected; api-third-party-timeout-missing; api-third-party-tls-validation-disabled; api-token-ttl-too-long; aws-api-gateway-no-authorization; aws-bedrock-custom-model-public; aws-codebuild-public-trigger; aws-default-sg-no-rules; aws-ec2-ami-not-public; aws-ec2-ebs-snapshot-not-public; aws-ec2-internet-facing-iam; aws-ec2-public-ip-rdp; aws-ec2-public-ip-ssh; aws-ec2-public-ports-restricted; ... 134 more,aws-bedrock-custom-model-public; aws-default-sg-no-rules; aws-ec2-public-ports-restricted; aws-ec2-sg-no-all-traffic-ingress; aws-eks-public-endpoint-disabled; aws-s3-bucket-cleartext-key; aws-s3-bucket-no-public-access; aws-s3-bucket-policy-public; aws-s3-public-write; aws-sagemaker-model-artifact-public
nist80053r5,SC-8,nist80053r5 SC-8,NIST 800-53 r5 SC System and Communications Protection,11,0,0,,,,,direct_control_only,aws-alb-http-to-https; aws-s3-https-only; cert-expired; cert-expiry-30-days; cert-self-signed; cert-weak-key; cert-weak-signature; db-ssl-connections; pci-transmission-encrypted; tls-version-outdated; tls-weak-ciphers,
nist80053r5,SI-1,nist80053r5 SI-1,NIST 800-53 r5 SI System and Information Integrity,0,0,0,,,,,framework_catalog_only,,
nist80053r5,SI-10,nist80053r5 SI-10,NIST 800-53 r5 SI System and Information Integrity,0,0,0,,,,,framework_catalog_only,,
nist80053r5,SI-11,nist80053r5 SI-11,NIST 800-53 r5 SI System and Information Integrity,0,0,0,,,,,framework_catalog_only,,
nist80053r5,SI-12,nist80053r5 SI-12,NIST 800-53 r5 SI System and Information Integrity,0,0,0,,,,,framework_catalog_only,,
nist80053r5,SI-13,nist80053r5 SI-13,NIST 800-53 r5 SI System and Information Integrity,0,0,0,,,,,framework_catalog_only,,
nist80053r5,SI-16,nist80053r5 SI-16,NIST 800-53 r5 SI System and Information Integrity,0,0,0,,,,,framework_catalog_only,,
nist80053r5,SI-17,nist80053r5 SI-17,NIST 800-53 r5 SI System and Information Integrity,0,0,0,,,,,framework_catalog_only,,
nist80053r5,SI-18,nist80053r5 SI-18,NIST 800-53 r5 SI System and Information Integrity,0,0,0,,,,,framework_catalog_only,,
nist80053r5,SI-19,nist80053r5 SI-19,NIST 800-53 r5 SI System and Information Integrity,0,0,0,,,,,framework_catalog_only,,
nist80053r5,SI-2,nist80053r5 SI-2,NIST 800-53 r5 SI System and Information Integrity,198,99,99,,,,,direct_source_backed,aws-ecr-scan-on-push; aws-lambda-runtime-supported; aws-rds-auto-minor-upgrade; cisa-kev-vulnerability-present; container-admission-policy-missing; container-base-image-eol; container-eol-writable; container-image-critical-vulnerability; container-image-no-sbom; container-image-not-signed; container-image-scan; container-openssl-vuln; container-registry-immutable-tags-disabled; container-registry-public; container-runtime-default-seccomp-missing; cve-2021-45046; cve-2021-45105; cve-2023-20867; cve-2023-4863; cve-2024-21626; cve-2024-6387; dirty-pipe-privileged; gcp-container-vuln-critical; gcp-container-vuln-high; gcp-container-vuln-medium; ... 173 more,github-dependabot-critical-alert; github-dependabot-high-alert; github-secops-app-installation-all-repos-event-secret-scanning-alert; github-secops-secret-anthropic-admin-api-key-open; github-secops-secret-anthropic-admin-api-key-push-protection-bypassed; github-secops-secret-anthropic-admin-api-key-resolution-false-positive; github-secops-secret-anthropic-admin-api-key-resolution-used-in-tests; github-secops-secret-anthropic-admin-api-key-resolution-wont-fix; github-secops-secret-aws-access-key-id-open; github-secops-secret-aws-access-key-id-push-protection-bypassed; github-secops-secret-aws-access-key-id-resolution-false-positive; github-secops-secret-aws-access-key-id-resolution-used-in-tests; github-secops-secret-aws-access-key-id-resolution-wont-fix; github-secops-secret-azure-storage-account-key-open; github-secops-secret-azure-storage-account-key-push-protection-bypassed; github-secops-secret-azure-storage-account-key-resolution-false-positive; github-secops-secret-azure-storage-account-key-resolution-used-in-tests; github-secops-secret-azure-storage-account-key-resolution-wont-fix; github-secops-secret-cloudflare-api-token-open; github-secops-secret-cloudflare-api-token-push-protection-bypassed; github-secops-secret-cloudflare-api-token-resolution-false-positive; github-secops-secret-cloudflare-api-token-resolution-used-in-tests; github-secops-secret-cloudflare-api-token-resolution-wont-fix; github-secops-secret-datadog-api-key-open; github-secops-secret-datadog-api-key-push-protection-bypassed; ... 74 more
nist80053r5,SI-20,nist80053r5 SI-20,NIST 800-53 r5 SI System and Information Integrity,0,0,0,,,,,framework_catalog_only,,
nist80053r5,SI-21,nist80053r5 SI-21,NIST 800-53 r5 SI System and Information Integrity,0,0,0,,,,,framework_catalog_only,,
nist80053r5,SI-22,nist80053r5 SI-22,NIST 800-53 r5 SI System and Information Integrity,0,0,0,,,,,framework_catalog_only,,
nist80053r5,SI-23,nist80053r5 SI-23,NIST 800-53 r5 SI System and Information Integrity,0,0,0,,,,,framework_catalog_only,,
nist80053r5,SI-3,nist80053r5 SI-3,NIST 800-53 r5 SI System and Information Integrity,12,0,0,,,,,direct_control_only,endpoint-edr-installed; endpoint-edr-reporting; endpoint-intune-noncompliant; endpoint-kandji-edr-installed; endpoint-kandji-password-manager; endpoint-malware-detection; endpoint-mdm-enrolled; endpoint-password-manager; endpoint-sentinelone-active; pci-antivirus-enabled; sentinelone-command-control; sentinelone-malware,
nist80053r5,SI-4,nist80053r5 SI-4,NIST 800-53 r5 SI System and Information Integrity,119,30,30,,,,,direct_source_backed,aws-access-analyzer-unused-access-finding; aws-account-alternate-contact-security; aws-account-security-contact-configured; aws-backup-vault-encrypted; aws-backup-vault-locked; aws-cloudformation-stack-drift-detected; aws-cloudformation-stack-termination-protection; aws-cloudfront-origin-access-control-required; aws-cloudfront-response-headers-policy-security; aws-cloudfront-waf-enabled; aws-ecs-service-public-ip-disabled; aws-ecs-task-definition-no-privileged; aws-ecs-task-definition-nonroot-user; aws-ecs-task-definition-readonly-root; aws-efs-backup-enabled; aws-efs-encrypted; aws-eventbridge-rule-cross-account-target; aws-guardduty-c2-traffic; aws-guardduty-crypto-mining; aws-guardduty-disabled; aws-guardduty-malware-finding; aws-guardduty-notifications; aws-kms-key-deletion-scheduled; aws-kms-key-policy-public; aws-organizations-policy-detached; ... 94 more,aws-guardduty-c2-traffic; aws-guardduty-crypto-mining; aws-guardduty-malware-finding; azure-activity-log-alert-policy-missing; azure-activity-log-export-missing; gcp-bigquery-dataset-no-default-cmek; gcp-bigquery-table-public; gcp-cloud-ids-notifications; gcp-cloudrun-ingress-all; gcp-cloudrun-service-account-default; gcp-gke-binary-authorization-disabled; gcp-gke-master-authorized-networks-disabled; gcp-gke-workload-identity-disabled; gcp-kms-key-rotation-period-too-long; gcp-logging-sink-missing-security; gcp-organization-policy-disable-service-account-key-creation; gcp-organization-policy-restrict-public-ip-cloudsql; gcp-organization-policy-restrict-vm-external-ip; gcp-organization-policy-uniform-bucket-level-access; gcp-project-audit-logs-data-access; gcp-project-essential-contacts-security; gcp-scc-event-threat-detection-enabled; gcp-scc-security-health-analytics-enabled; gcp-secret-manager-secret-public; gcp-secret-manager-secret-unreplicated; ... 5 more
nist80053r5,SI-5,nist80053r5 SI-5,NIST 800-53 r5 SI System and Information Integrity,0,0,0,,,,,framework_catalog_only,,
nist80053r5,SI-6,nist80053r5 SI-6,NIST 800-53 r5 SI System and Information Integrity,0,0,0,,,,,framework_catalog_only,,
nist80053r5,SI-7,nist80053r5 SI-7,NIST 800-53 r5 SI System and Information Integrity,39,0,0,,,,,direct_control_only,aws-cloudtrail-log-integrity; aws-ecr-immutable-tags; azure-vm-approved-extensions-only; container-admission-policy-missing; container-base-image-eol; container-image-critical-vulnerability; container-image-no-sbom; container-image-not-signed; container-registry-immutable-tags-disabled; container-registry-public; container-runtime-default-seccomp-missing; gcp-compute-shielded-vm; gcp-gke-shielded-nodes; github-automated-checks; github-branch-protection-admin; gitlab-runner-unprotected-tags; k8s-admission-controller-policy-missing; k8s-audit-logging-disabled; k8s-etcd-encryption-disabled; k8s-image-pull-policy-always-missing-for-latest; k8s-ingress-tls-missing; k8s-mutating-webhook-failure-policy-ignore; k8s-namespace-pss-audit-missing; k8s-namespace-pss-enforce-not-restricted; k8s-namespace-pss-warn-missing; ... 14 more,
nist80053r5,SI-8,nist80053r5 SI-8,NIST 800-53 r5 SI System and Information Integrity,1,0,0,,,,,direct_control_only,m365-email-security-baseline,
nist80053r5,SR-1,nist80053r5 SR-1,NIST 800-53 r5 SR Supply Chain Risk Management,0,0,0,,,,,framework_catalog_only,,
nist80053r5,SR-10,nist80053r5 SR-10,NIST 800-53 r5 SR Supply Chain Risk Management,0,0,0,,,,,framework_catalog_only,,
nist80053r5,SR-11,nist80053r5 SR-11,NIST 800-53 r5 SR Supply Chain Risk Management,7,0,0,,,,,direct_control_only,aws-ecr-immutable-tags; github-automated-checks; github-branch-protection-admin; gitlab-runner-unprotected-tags; k8s-pod-image-pinned-by-digest; k8s-pod-image-tag-not-latest; ml-model-untrusted-source,
nist80053r5,SR-12,nist80053r5 SR-12,NIST 800-53 r5 SR Supply Chain Risk Management,0,0,0,,,,,framework_catalog_only,,
nist80053r5,SR-2,nist80053r5 SR-2,NIST 800-53 r5 SR Supply Chain Risk Management,0,0,0,,,,,framework_catalog_only,,
nist80053r5,SR-3,nist80053r5 SR-3,NIST 800-53 r5 SR Supply Chain Risk Management,2,0,0,,,,,direct_control_only,vendor-auth-method; vendor-pci-compliance,
nist80053r5,SR-4,nist80053r5 SR-4,NIST 800-53 r5 SR Supply Chain Risk Management,139,0,0,,,,,direct_control_only,cicd-artifact-signature-required; cicd-build-logs-public; cicd-build-provenance-required; cicd-build-provenance-verified; cicd-dependency-review-required; cicd-iac-plan-approval-required; cicd-release-separation-of-duties; cicd-secret-scanning-blocking-required; cicd-slsa-build-level-below-2; cicd-slsa-build-level-below-3-critical-service; cicd-unpinned-third-party-action; cicd-untrusted-fork-write-token; github-actions-artifact-attestation-missing; github-actions-oidc-subject-too-broad; github-branch-requires-linear-history; github-branch-requires-signed-commits; github-codeowners-missing; github-dependabot-security-updates-disabled; github-repo-webhook-insecure-ssl; github-ruleset-bypass-unrestricted; github-ruleset-required; github-secops-dependabot-cargo-critical-dismissed; github-secops-dependabot-cargo-critical-open; github-secops-dependabot-cargo-critical-runtime-no-patch; github-secops-dependabot-cargo-high-dismissed; ... 114 more,
nist80053r5,SR-5,nist80053r5 SR-5,NIST 800-53 r5 SR Supply Chain Risk Management,0,0,0,,,,,framework_catalog_only,,
nist80053r5,SR-6,nist80053r5 SR-6,NIST 800-53 r5 SR Supply Chain Risk Management,1,0,0,,,,,direct_control_only,vendor-security-review-complete,
nist80053r5,SR-7,nist80053r5 SR-7,NIST 800-53 r5 SR Supply Chain Risk Management,0,0,0,,,,,framework_catalog_only,,
nist80053r5,SR-8,nist80053r5 SR-8,NIST 800-53 r5 SR Supply Chain Risk Management,0,0,0,,,,,framework_catalog_only,,
nist80053r5,SR-9,nist80053r5 SR-9,NIST 800-53 r5 SR Supply Chain Risk Management,0,0,0,,,,,framework_catalog_only,,
nistcsf20,DE.AE,nistcsf20 DE.AE,NIST CSF 2.0 DE Detect,0,0,0,,,,,framework_catalog_only,,
nistcsf20,DE.AE-02,nistcsf20 DE.AE-02,NIST CSF 2.0 DE Detect,0,0,0,,,,,framework_catalog_only,,
nistcsf20,DE.CM,nistcsf20 DE.CM,NIST CSF 2.0 DE Detect,0,0,0,,,,,framework_catalog_only,,
nistcsf20,DE.CM-01,nistcsf20 DE.CM-01,NIST CSF 2.0 DE Detect,0,0,0,,,,,framework_catalog_only,,
nistcsf20,DE.CM-03,nistcsf20 DE.CM-03,NIST CSF 2.0 DE Detect,0,0,0,,,,,framework_catalog_only,,
nistcsf20,DE.CM-09,nistcsf20 DE.CM-09,NIST CSF 2.0 DE Detect,0,0,0,,,,,framework_catalog_only,,
nistcsf20,GV.OC,nistcsf20 GV.OC,NIST CSF 2.0 GV Govern,0,0,0,,,,,framework_catalog_only,,
nistcsf20,GV.OC-03,nistcsf20 GV.OC-03,NIST CSF 2.0 GV Govern,0,0,0,,,,,framework_catalog_only,,
nistcsf20,GV.OV,nistcsf20 GV.OV,NIST CSF 2.0 GV Govern,0,0,0,,,,,framework_catalog_only,,
nistcsf20,GV.OV-01,nistcsf20 GV.OV-01,NIST CSF 2.0 GV Govern,0,0,0,,,,,framework_catalog_only,,
nistcsf20,GV.PO,nistcsf20 GV.PO,NIST CSF 2.0 GV Govern,0,0,0,,,,,framework_catalog_only,,
nistcsf20,GV.PO-01,nistcsf20 GV.PO-01,NIST CSF 2.0 GV Govern,0,0,0,,,,,framework_catalog_only,,
nistcsf20,GV.RM,nistcsf20 GV.RM,NIST CSF 2.0 GV Govern,0,0,0,,,,,framework_catalog_only,,
nistcsf20,GV.RM-01,nistcsf20 GV.RM-01,NIST CSF 2.0 GV Govern,0,0,0,,,,,framework_catalog_only,,
nistcsf20,GV.RR,nistcsf20 GV.RR,NIST CSF 2.0 GV Govern,0,0,0,,,,,framework_catalog_only,,
nistcsf20,GV.RR-02,nistcsf20 GV.RR-02,NIST CSF 2.0 GV Govern,0,0,0,,,,,framework_catalog_only,,
nistcsf20,GV.SC,nistcsf20 GV.SC,NIST CSF 2.0 GV Govern,0,0,0,,,,,framework_catalog_only,,
nistcsf20,GV.SC-05,nistcsf20 GV.SC-05,NIST CSF 2.0 GV Govern,0,0,0,,,,,framework_catalog_only,,
nistcsf20,GV.SC-07,nistcsf20 GV.SC-07,NIST CSF 2.0 GV Govern,0,0,0,,,,,framework_catalog_only,,
nistcsf20,ID.AM,nistcsf20 ID.AM,NIST CSF 2.0 ID Identify,0,0,0,,,,,framework_catalog_only,,
nistcsf20,ID.AM-01,nistcsf20 ID.AM-01,NIST CSF 2.0 ID Identify,0,0,0,,,,,framework_catalog_only,,
nistcsf20,ID.AM-02,nistcsf20 ID.AM-02,NIST CSF 2.0 ID Identify,0,0,0,,,,,framework_catalog_only,,
nistcsf20,ID.AM-04,nistcsf20 ID.AM-04,NIST CSF 2.0 ID Identify,0,0,0,,,,,framework_catalog_only,,
nistcsf20,ID.IM,nistcsf20 ID.IM,NIST CSF 2.0 ID Identify,0,0,0,,,,,framework_catalog_only,,
nistcsf20,ID.IM-01,nistcsf20 ID.IM-01,NIST CSF 2.0 ID Identify,0,0,0,,,,,framework_catalog_only,,
nistcsf20,ID.RA,nistcsf20 ID.RA,NIST CSF 2.0 ID Identify,0,0,0,,,,,framework_catalog_only,,
nistcsf20,ID.RA-01,nistcsf20 ID.RA-01,NIST CSF 2.0 ID Identify,0,0,0,,,,,framework_catalog_only,,
nistcsf20,ID.RA-05,nistcsf20 ID.RA-05,NIST CSF 2.0 ID Identify,0,0,0,,,,,framework_catalog_only,,
nistcsf20,PR.AA,nistcsf20 PR.AA,NIST CSF 2.0 PR Protect,0,0,0,,,,,framework_catalog_only,,
nistcsf20,PR.AA-01,nistcsf20 PR.AA-01,NIST CSF 2.0 PR Protect,0,0,0,,,,,framework_catalog_only,,
nistcsf20,PR.AA-05,nistcsf20 PR.AA-05,NIST CSF 2.0 PR Protect,0,0,0,,,,,framework_catalog_only,,
nistcsf20,PR.AT,nistcsf20 PR.AT,NIST CSF 2.0 PR Protect,0,0,0,,,,,framework_catalog_only,,
nistcsf20,PR.AT-01,nistcsf20 PR.AT-01,NIST CSF 2.0 PR Protect,0,0,0,,,,,framework_catalog_only,,
nistcsf20,PR.DS,nistcsf20 PR.DS,NIST CSF 2.0 PR Protect,0,0,0,,,,,framework_catalog_only,,
nistcsf20,PR.DS-01,nistcsf20 PR.DS-01,NIST CSF 2.0 PR Protect,0,0,0,,,,,framework_catalog_only,,
nistcsf20,PR.DS-02,nistcsf20 PR.DS-02,NIST CSF 2.0 PR Protect,0,0,0,,,,,framework_catalog_only,,
nistcsf20,PR.IR,nistcsf20 PR.IR,NIST CSF 2.0 PR Protect,0,0,0,,,,,framework_catalog_only,,
nistcsf20,PR.IR-03,nistcsf20 PR.IR-03,NIST CSF 2.0 PR Protect,0,0,0,,,,,framework_catalog_only,,
nistcsf20,PR.PS,nistcsf20 PR.PS,NIST CSF 2.0 PR Protect,0,0,0,,,,,framework_catalog_only,,
nistcsf20,PR.PS-01,nistcsf20 PR.PS-01,NIST CSF 2.0 PR Protect,0,0,0,,,,,framework_catalog_only,,
nistcsf20,PR.PS-02,nistcsf20 PR.PS-02,NIST CSF 2.0 PR Protect,0,0,0,,,,,framework_catalog_only,,
nistcsf20,RC.CO,nistcsf20 RC.CO,NIST CSF 2.0 RC Recover,0,0,0,,,,,framework_catalog_only,,
nistcsf20,RC.CO-03,nistcsf20 RC.CO-03,NIST CSF 2.0 RC Recover,0,0,0,,,,,framework_catalog_only,,
nistcsf20,RC.RP,nistcsf20 RC.RP,NIST CSF 2.0 RC Recover,0,0,0,,,,,framework_catalog_only,,
nistcsf20,RC.RP-01,nistcsf20 RC.RP-01,NIST CSF 2.0 RC Recover,0,0,0,,,,,framework_catalog_only,,
nistcsf20,RS.AN,nistcsf20 RS.AN,NIST CSF 2.0 RS Respond,0,0,0,,,,,framework_catalog_only,,
nistcsf20,RS.CO,nistcsf20 RS.CO,NIST CSF 2.0 RS Respond,0,0,0,,,,,framework_catalog_only,,
nistcsf20,RS.CO-02,nistcsf20 RS.CO-02,NIST CSF 2.0 RS Respond,0,0,0,,,,,framework_catalog_only,,
nistcsf20,RS.MA,nistcsf20 RS.MA,NIST CSF 2.0 RS Respond,0,0,0,,,,,framework_catalog_only,,
nistcsf20,RS.MA-01,nistcsf20 RS.MA-01,NIST CSF 2.0 RS Respond,0,0,0,,,,,framework_catalog_only,,
nistcsf20,RS.MA-02,nistcsf20 RS.MA-02,NIST CSF 2.0 RS Respond,0,0,0,,,,,framework_catalog_only,,
nistcsf20,RS.MI,nistcsf20 RS.MI,NIST CSF 2.0 RS Respond,0,0,0,,,,,framework_catalog_only,,
nistcsf20,RS.MI-01,nistcsf20 RS.MI-01,NIST CSF 2.0 RS Respond,0,0,0,,,,,framework_catalog_only,,
nistsp800177,TLS-MAIL,nistsp800177 TLS-MAIL,NIST SP 800-177 TLS-MAIL TLS-MAIL Controls,1,0,0,,,,,direct_control_only,email-domain-authentication-misconfigured,
pcidssv40,1.1,pcidssv40 1.1,PCI DSS v4.0 1 Network Security Controls,0,0,0,,,,,framework_catalog_only,,
pcidssv40,1.2,pcidssv40 1.2,PCI DSS v4.0 1 Network Security Controls,0,0,0,,,,,framework_catalog_only,,
pcidssv40,1.3,pcidssv40 1.3,PCI DSS v4.0 1 Network Security Controls,0,0,0,,,,,framework_catalog_only,,
pcidssv40,1.3.1,pcidssv40 1.3.1,PCI DSS v4.0 1 Network Security Controls,0,0,0,,,,,framework_catalog_only,,
pcidssv40,1.3.2,pcidssv40 1.3.2,PCI DSS v4.0 1 Network Security Controls,0,0,0,,,,,framework_catalog_only,,
pcidssv40,1.4,pcidssv40 1.4,PCI DSS v4.0 1 Network Security Controls,0,0,0,,,,,framework_catalog_only,,
pcidssv40,1.5,pcidssv40 1.5,PCI DSS v4.0 1 Network Security Controls,0,0,0,,,,,framework_catalog_only,,
pcidssv40,10.1,pcidssv40 10.1,PCI DSS v4.0 10 Logging and Monitoring,0,0,0,,,,,framework_catalog_only,,
pcidssv40,10.2,pcidssv40 10.2,PCI DSS v4.0 10 Logging and Monitoring,0,0,0,,,,,framework_catalog_only,,
pcidssv40,10.3,pcidssv40 10.3,PCI DSS v4.0 10 Logging and Monitoring,0,0,0,,,,,framework_catalog_only,,
pcidssv40,10.4,pcidssv40 10.4,PCI DSS v4.0 10 Logging and Monitoring,0,0,0,,,,,framework_catalog_only,,
pcidssv40,10.5,pcidssv40 10.5,PCI DSS v4.0 10 Logging and Monitoring,0,0,0,,,,,framework_catalog_only,,
pcidssv40,10.6,pcidssv40 10.6,PCI DSS v4.0 10 Logging and Monitoring,0,0,0,,,,,framework_catalog_only,,
pcidssv40,10.7,pcidssv40 10.7,PCI DSS v4.0 10 Logging and Monitoring,0,0,0,,,,,framework_catalog_only,,
pcidssv40,11.1,pcidssv40 11.1,PCI DSS v4.0 11 Security Testing,0,0,0,,,,,framework_catalog_only,,
pcidssv40,11.2,pcidssv40 11.2,PCI DSS v4.0 11 Security Testing,0,0,0,,,,,framework_catalog_only,,
pcidssv40,11.3,pcidssv40 11.3,PCI DSS v4.0 11 Security Testing,0,0,0,,,,,framework_catalog_only,,
pcidssv40,11.3.1,pcidssv40 11.3.1,PCI DSS v4.0 11 Security Testing,0,0,0,,,,,framework_catalog_only,,
pcidssv40,11.4,pcidssv40 11.4,PCI DSS v4.0 11 Security Testing,0,0,0,,,,,framework_catalog_only,,
pcidssv40,11.5,pcidssv40 11.5,PCI DSS v4.0 11 Security Testing,0,0,0,,,,,framework_catalog_only,,
pcidssv40,11.6,pcidssv40 11.6,PCI DSS v4.0 11 Security Testing,0,0,0,,,,,framework_catalog_only,,
pcidssv40,12.1,pcidssv40 12.1,PCI DSS v4.0 12 Security Program,0,0,0,,,,,framework_catalog_only,,
pcidssv40,12.10,pcidssv40 12.10,PCI DSS v4.0 12 Security Program,0,0,0,,,,,framework_catalog_only,,
pcidssv40,12.2,pcidssv40 12.2,PCI DSS v4.0 12 Security Program,0,0,0,,,,,framework_catalog_only,,
pcidssv40,12.3,pcidssv40 12.3,PCI DSS v4.0 12 Security Program,0,0,0,,,,,framework_catalog_only,,
pcidssv40,12.4,pcidssv40 12.4,PCI DSS v4.0 12 Security Program,0,0,0,,,,,framework_catalog_only,,
pcidssv40,12.5,pcidssv40 12.5,PCI DSS v4.0 12 Security Program,0,0,0,,,,,framework_catalog_only,,
pcidssv40,12.6,pcidssv40 12.6,PCI DSS v4.0 12 Security Program,0,0,0,,,,,framework_catalog_only,,
pcidssv40,12.7,pcidssv40 12.7,PCI DSS v4.0 12 Security Program,0,0,0,,,,,framework_catalog_only,,
pcidssv40,12.8,pcidssv40 12.8,PCI DSS v4.0 12 Security Program,0,0,0,,,,,framework_catalog_only,,
pcidssv40,12.9,pcidssv40 12.9,PCI DSS v4.0 12 Security Program,0,0,0,,,,,framework_catalog_only,,
pcidssv40,2.1,pcidssv40 2.1,PCI DSS v4.0 2 Secure Configurations,0,0,0,,,,,framework_catalog_only,,
pcidssv40,2.2,pcidssv40 2.2,PCI DSS v4.0 2 Secure Configurations,0,0,0,,,,,framework_catalog_only,,
pcidssv40,2.3,pcidssv40 2.3,PCI DSS v4.0 2 Secure Configurations,0,0,0,,,,,framework_catalog_only,,
pcidssv40,3.1,pcidssv40 3.1,PCI DSS v4.0 3 Account Data Protection,0,0,0,,,,,framework_catalog_only,,
pcidssv40,3.2,pcidssv40 3.2,PCI DSS v4.0 3 Account Data Protection,0,0,0,,,,,framework_catalog_only,,
pcidssv40,3.3,pcidssv40 3.3,PCI DSS v4.0 3 Account Data Protection,0,0,0,,,,,framework_catalog_only,,
pcidssv40,3.4,pcidssv40 3.4,PCI DSS v4.0 3 Account Data Protection,0,0,0,,,,,framework_catalog_only,,
pcidssv40,3.5,pcidssv40 3.5,PCI DSS v4.0 3 Account Data Protection,0,0,0,,,,,framework_catalog_only,,
pcidssv40,3.6,pcidssv40 3.6,PCI DSS v4.0 3 Account Data Protection,0,0,0,,,,,framework_catalog_only,,
pcidssv40,3.7,pcidssv40 3.7,PCI DSS v4.0 3 Account Data Protection,0,0,0,,,,,framework_catalog_only,,
pcidssv40,4.1,pcidssv40 4.1,PCI DSS v4.0 4 Transmission Protection,0,0,0,,,,,framework_catalog_only,,
pcidssv40,4.2,pcidssv40 4.2,PCI DSS v4.0 4 Transmission Protection,0,0,0,,,,,framework_catalog_only,,
pcidssv40,5.1,pcidssv40 5.1,PCI DSS v4.0 5 Malware Protection,0,0,0,,,,,framework_catalog_only,,
pcidssv40,5.2,pcidssv40 5.2,PCI DSS v4.0 5 Malware Protection,0,0,0,,,,,framework_catalog_only,,
pcidssv40,5.3,pcidssv40 5.3,PCI DSS v4.0 5 Malware Protection,0,0,0,,,,,framework_catalog_only,,
pcidssv40,5.4,pcidssv40 5.4,PCI DSS v4.0 5 Malware Protection,0,0,0,,,,,framework_catalog_only,,
pcidssv40,6.1,pcidssv40 6.1,PCI DSS v4.0 6 Secure Systems and Software,0,0,0,,,,,framework_catalog_only,,
pcidssv40,6.2,pcidssv40 6.2,PCI DSS v4.0 6 Secure Systems and Software,0,0,0,,,,,framework_catalog_only,,
pcidssv40,6.3,pcidssv40 6.3,PCI DSS v4.0 6 Secure Systems and Software,0,0,0,,,,,framework_catalog_only,,
pcidssv40,6.3.1,pcidssv40 6.3.1,PCI DSS v4.0 6 Secure Systems and Software,0,0,0,,,,,framework_catalog_only,,
pcidssv40,6.4,pcidssv40 6.4,PCI DSS v4.0 6 Secure Systems and Software,0,0,0,,,,,framework_catalog_only,,
pcidssv40,6.5,pcidssv40 6.5,PCI DSS v4.0 6 Secure Systems and Software,0,0,0,,,,,framework_catalog_only,,
pcidssv40,7.1,pcidssv40 7.1,PCI DSS v4.0 7 Need-to-Know Access,0,0,0,,,,,framework_catalog_only,,
pcidssv40,7.2,pcidssv40 7.2,PCI DSS v4.0 7 Need-to-Know Access,0,0,0,,,,,framework_catalog_only,,
pcidssv40,7.3,pcidssv40 7.3,PCI DSS v4.0 7 Need-to-Know Access,0,0,0,,,,,framework_catalog_only,,
pcidssv40,8.1,pcidssv40 8.1,PCI DSS v4.0 8 Identity and Authentication,0,0,0,,,,,framework_catalog_only,,
pcidssv40,8.2,pcidssv40 8.2,PCI DSS v4.0 8 Identity and Authentication,0,0,0,,,,,framework_catalog_only,,
pcidssv40,8.3,pcidssv40 8.3,PCI DSS v4.0 8 Identity and Authentication,0,0,0,,,,,framework_catalog_only,,
pcidssv40,8.4,pcidssv40 8.4,PCI DSS v4.0 8 Identity and Authentication,0,0,0,,,,,framework_catalog_only,,
pcidssv40,8.5,pcidssv40 8.5,PCI DSS v4.0 8 Identity and Authentication,0,0,0,,,,,framework_catalog_only,,
pcidssv40,8.6,pcidssv40 8.6,PCI DSS v4.0 8 Identity and Authentication,0,0,0,,,,,framework_catalog_only,,
pcidssv40,9.1,pcidssv40 9.1,PCI DSS v4.0 9 Physical Access,0,0,0,,,,,framework_catalog_only,,
pcidssv40,9.2,pcidssv40 9.2,PCI DSS v4.0 9 Physical Access,0,0,0,,,,,framework_catalog_only,,
pcidssv40,9.3,pcidssv40 9.3,PCI DSS v4.0 9 Physical Access,0,0,0,,,,,framework_catalog_only,,
pcidssv40,9.4,pcidssv40 9.4,PCI DSS v4.0 9 Physical Access,0,0,0,,,,,framework_catalog_only,,
pcidssv40,9.5,pcidssv40 9.5,PCI DSS v4.0 9 Physical Access,0,0,0,,,,,framework_catalog_only,,
pcidssv40,APPENDIXA-1.1,pcidssv40 APPENDIXA-1.1,PCI DSS v4.0 Appendix Appendix Controls,0,0,0,,,,,framework_catalog_only,,
pcidssv40,APPENDIXA-1.2,pcidssv40 APPENDIXA-1.2,PCI DSS v4.0 Appendix Appendix Controls,0,0,0,,,,,framework_catalog_only,,
pcidssv40,APPENDIXA2.1,pcidssv40 APPENDIXA2.1,PCI DSS v4.0 Appendix Appendix Controls,0,0,0,,,,,framework_catalog_only,,
pcidssv401,1.1,pcidssv401 1.1,PCI DSS v4.0.1 1 Network Security Controls,0,0,0,,,,,framework_catalog_only,,
pcidssv401,1.2,pcidssv401 1.2,PCI DSS v4.0.1 1 Network Security Controls,0,0,0,,,,,framework_catalog_only,,
pcidssv401,1.3,pcidssv401 1.3,PCI DSS v4.0.1 1 Network Security Controls,112,9,9,,PCI DSS v4.0.1/network-exposure,PCI DSS v4.0.1 1.3.1 [child_requirement/review_hint],,direct_source_backed,aws-api-gateway-no-authorization; aws-bedrock-custom-model-public; aws-codebuild-public-trigger; aws-ec2-ami-not-public; aws-ec2-ebs-snapshot-not-public; aws-ec2-internet-facing-iam; aws-ec2-public-ip-rdp; aws-ec2-public-ip-ssh; aws-ec2-public-ports-restricted; aws-ec2-sg-no-all-traffic-ingress; aws-ecr-public-repository; aws-ecs-secrets-in-env-vars; aws-eks-public-endpoint-disabled; aws-elasticache-public; aws-elb-internet-facing-no-waf; aws-lambda-not-publicly-accessible; aws-lambda-secrets-in-env-vars; aws-opensearch-public; aws-rds-no-public-access; aws-rds-public-snapshot; aws-redshift-public; aws-s3-bucket-cleartext-key; aws-s3-bucket-no-public-access; aws-s3-bucket-policy-public; aws-s3-public-write; ... 87 more,aws-bedrock-custom-model-public; aws-ec2-public-ports-restricted; aws-ec2-sg-no-all-traffic-ingress; aws-eks-public-endpoint-disabled; aws-s3-bucket-cleartext-key; aws-s3-bucket-no-public-access; aws-s3-bucket-policy-public; aws-s3-public-write; aws-sagemaker-model-artifact-public
pcidssv401,1.3.1,pcidssv401 1.3.1,PCI DSS v4.0.1 1 Network Security Controls,11,0,0,,PCI DSS v4.0.1/network-exposure,,PCI DSS v4.0.1 1.3 [child_requirement/review_hint],direct_control_only,aws-ecs-ports-restricted; aws-elb-target-public-subnet; aws-lambda-in-vpc; aws-nacl-admin-ports-restricted; aws-sagemaker-training-no-vpc; k8s-ingress-no-wildcard-host; k8s-network-policy-selector-present; k8s-service-loadbalancer-internal; k8s-service-no-nodeport; k8s-workload-not-default-namespace; vpc-external-peering,
pcidssv401,1.4,pcidssv401 1.4,PCI DSS v4.0.1 1 Network Security Controls,113,9,9,,PCI DSS v4.0.1/network-exposure,,,direct_source_backed,aws-api-gateway-no-authorization; aws-bedrock-custom-model-public; aws-codebuild-public-trigger; aws-ec2-ami-not-public; aws-ec2-ebs-snapshot-not-public; aws-ec2-internet-facing-iam; aws-ec2-public-ip-rdp; aws-ec2-public-ip-ssh; aws-ec2-public-ports-restricted; aws-ec2-sg-no-all-traffic-ingress; aws-ecr-public-repository; aws-ecs-secrets-in-env-vars; aws-eks-public-endpoint-disabled; aws-elasticache-public; aws-elb-internet-facing-no-waf; aws-lambda-not-publicly-accessible; aws-lambda-secrets-in-env-vars; aws-opensearch-public; aws-rds-no-public-access; aws-rds-public-snapshot; aws-redshift-public; aws-s3-bucket-cleartext-key; aws-s3-bucket-no-public-access; aws-s3-bucket-policy-public; aws-s3-public-write; ... 88 more,aws-bedrock-custom-model-public; aws-ec2-public-ports-restricted; aws-ec2-sg-no-all-traffic-ingress; aws-eks-public-endpoint-disabled; aws-s3-bucket-cleartext-key; aws-s3-bucket-no-public-access; aws-s3-bucket-policy-public; aws-s3-public-write; aws-sagemaker-model-artifact-public
pcidssv401,1.5,pcidssv401 1.5,PCI DSS v4.0.1 1 Network Security Controls,0,0,0,,,,,framework_catalog_only,,
pcidssv401,10.1,pcidssv401 10.1,PCI DSS v4.0.1 10 Logging and Monitoring,0,0,0,,,,,framework_catalog_only,,
pcidssv401,10.2,pcidssv401 10.2,PCI DSS v4.0.1 10 Logging and Monitoring,31,0,0,,PCI DSS v4.0.1/logging-testing-response,PCI DSS v4.0.1 10.2.1 [child_requirement/review_hint],PCI DSS v4.0.1 12.10.1 [evidence_dependency/review_hint],direct_control_only,aws-cloudtrail-enabled; aws-cloudwatch-alarm-missing; aws-cloudwatch-log-group-encrypted; aws-cloudwatch-log-group-retention; aws-codebuild-public-logs; aws-config-enabled-all-regions; aws-ec2-detailed-monitoring-enabled; aws-eks-control-plane-logging; aws-logs-retention-365; aws-rds-logging-enabled; aws-s3-bucket-logging-enabled; aws-vpc-flow-logs-enabled; azure-keyvault-logging; azure-sql-auditing-enabled; db-audit-logging; endpoint-malware-detection; endpoint-sentinelone-active; gcp-audit-logging-enabled; gcp-log-sink-access; gcp-logging-disabled; github-repo-secrets-exposure; m365-risky-users; ml-model-registry-no-versioning; network-ids-coverage; pci-audit-retention; ... 6 more,
pcidssv401,10.2.1,pcidssv401 10.2.1,PCI DSS v4.0.1 10 Logging and Monitoring,1,0,0,,PCI DSS v4.0.1/logging-testing-response,,PCI DSS v4.0.1 10.2 [child_requirement/review_hint],direct_control_only,aws-cloudtrail-s3-data-events,
pcidssv401,10.3,pcidssv401 10.3,PCI DSS v4.0.1 10 Logging and Monitoring,30,0,0,,PCI DSS v4.0.1/logging-testing-response,,,direct_control_only,aws-cloudtrail-enabled; aws-cloudwatch-alarm-missing; aws-cloudwatch-log-group-encrypted; aws-cloudwatch-log-group-retention; aws-codebuild-public-logs; aws-config-enabled-all-regions; aws-ec2-detailed-monitoring-enabled; aws-eks-control-plane-logging; aws-logs-retention-365; aws-rds-logging-enabled; aws-s3-bucket-logging-enabled; aws-vpc-flow-logs-enabled; azure-keyvault-logging; azure-sql-auditing-enabled; db-audit-logging; endpoint-malware-detection; endpoint-sentinelone-active; gcp-audit-logging-enabled; gcp-log-sink-access; gcp-logging-disabled; github-repo-secrets-exposure; ml-model-registry-no-versioning; network-ids-coverage; pci-audit-retention; pci-audit-trail-enabled; ... 5 more,
pcidssv401,10.4,pcidssv401 10.4,PCI DSS v4.0.1 10 Logging and Monitoring,0,0,0,,,,,framework_catalog_only,,
pcidssv401,10.5,pcidssv401 10.5,PCI DSS v4.0.1 10 Logging and Monitoring,0,0,0,,,,,framework_catalog_only,,
pcidssv401,10.6,pcidssv401 10.6,PCI DSS v4.0.1 10 Logging and Monitoring,0,0,0,,,,,framework_catalog_only,,
pcidssv401,10.7,pcidssv401 10.7,PCI DSS v4.0.1 10 Logging and Monitoring,0,0,0,,,,,framework_catalog_only,,
pcidssv401,11.1,pcidssv401 11.1,PCI DSS v4.0.1 11 Security Testing,0,0,0,,,,,framework_catalog_only,,
pcidssv401,11.2,pcidssv401 11.2,PCI DSS v4.0.1 11 Security Testing,0,0,0,,,,,framework_catalog_only,,
pcidssv401,11.3,pcidssv401 11.3,PCI DSS v4.0.1 11 Security Testing,49,3,3,,PCI DSS v4.0.1/logging-testing-response,,,direct_source_backed,aws-ecr-scan-on-push; aws-lambda-runtime-supported; cisa-kev-vulnerability-present; container-eol-writable; container-image-scan; container-openssl-vuln; cve-2021-45046; cve-2021-45105; cve-2023-20867; cve-2023-4863; cve-2024-21626; cve-2024-6387; dirty-pipe-privileged; gcp-container-vuln-critical; gcp-container-vuln-high; gcr-unscanned; github-code-scanning-critical; github-dependabot-critical-alert; github-dependabot-high-alert; github-vuln-medium; k8s-cluster-unsupported-version; k8s-resource-no-deprecated-api; k8s-service-external-ip; log4shell-privileged; log4shell-public; ... 24 more,github-dependabot-critical-alert; github-dependabot-high-alert; github-vuln-medium
pcidssv401,11.4,pcidssv401 11.4,PCI DSS v4.0.1 11 Security Testing,0,0,0,,,,,framework_catalog_only,,
pcidssv401,11.5,pcidssv401 11.5,PCI DSS v4.0.1 11 Security Testing,0,0,0,,,,,framework_catalog_only,,
pcidssv401,11.6,pcidssv401 11.6,PCI DSS v4.0.1 11 Security Testing,0,0,0,,,,,framework_catalog_only,,
pcidssv401,12.1,pcidssv401 12.1,PCI DSS v4.0.1 12 Security Program,0,0,0,,,,,framework_catalog_only,,
pcidssv401,12.10,pcidssv401 12.10,PCI DSS v4.0.1 12 Security Program,0,0,0,,,,,framework_catalog_only,,
pcidssv401,12.10.1,pcidssv401 12.10.1,PCI DSS v4.0.1 12 Security Program,1,0,0,,PCI DSS v4.0.1/logging-testing-response,PCI DSS v4.0.1 10.2 [evidence_dependency/review_hint],,direct_control_only,compliance-ir-plan-exists,
pcidssv401,12.2,pcidssv401 12.2,PCI DSS v4.0.1 12 Security Program,0,0,0,,,,,framework_catalog_only,,
pcidssv401,12.3,pcidssv401 12.3,PCI DSS v4.0.1 12 Security Program,0,0,0,,,,,framework_catalog_only,,
pcidssv401,12.4,pcidssv401 12.4,PCI DSS v4.0.1 12 Security Program,0,0,0,,,,,framework_catalog_only,,
pcidssv401,12.5,pcidssv401 12.5,PCI DSS v4.0.1 12 Security Program,0,0,0,,,,,framework_catalog_only,,
pcidssv401,12.6,pcidssv401 12.6,PCI DSS v4.0.1 12 Security Program,1,0,0,,,,,direct_control_only,compliance-security-training,
pcidssv401,12.7,pcidssv401 12.7,PCI DSS v4.0.1 12 Security Program,1,0,0,,,,,direct_control_only,compliance-background-checks,
pcidssv401,12.8,pcidssv401 12.8,PCI DSS v4.0.1 12 Security Program,2,0,0,,,,,direct_control_only,vendor-auth-method; vendor-pci-compliance,
pcidssv401,12.9,pcidssv401 12.9,PCI DSS v4.0.1 12 Security Program,0,0,0,,,,,framework_catalog_only,,
pcidssv401,2.1,pcidssv401 2.1,PCI DSS v4.0.1 2 Secure Configurations,0,0,0,,,,,framework_catalog_only,,
pcidssv401,2.2,pcidssv401 2.2,PCI DSS v4.0.1 2 Secure Configurations,6,0,0,,,,,direct_control_only,container-host-network; container-image-scan; container-privileged; container-readonly-fs; container-resource-limits; container-root-user,
pcidssv401,2.3,pcidssv401 2.3,PCI DSS v4.0.1 2 Secure Configurations,0,0,0,,,,,framework_catalog_only,,
pcidssv401,3.1,pcidssv401 3.1,PCI DSS v4.0.1 3 Account Data Protection,0,0,0,,,,,framework_catalog_only,,
pcidssv401,3.2,pcidssv401 3.2,PCI DSS v4.0.1 3 Account Data Protection,0,0,0,,,,,framework_catalog_only,,
pcidssv401,3.3,pcidssv401 3.3,PCI DSS v4.0.1 3 Account Data Protection,1,0,0,,PCI DSS v4.0.1/account-data-secret-protection,,,direct_control_only,bucket-public-sensitive,
pcidssv401,3.4,pcidssv401 3.4,PCI DSS v4.0.1 3 Account Data Protection,0,0,0,,,,,framework_catalog_only,,
pcidssv401,3.5,pcidssv401 3.5,PCI DSS v4.0.1 3 Account Data Protection,107,8,8,,PCI DSS v4.0.1/account-data-secret-protection,PCI DSS v4.0.1 3.5.1 [child_requirement/review_hint],,direct_source_backed,admin-inactive-keys; admin-keys-unrotated; admin-keys-year-unrotated; aws-cloudfront-http; aws-cloudwatch-log-group-encrypted; aws-codebuild-plaintext-secrets; aws-codebuild-secrets-in-env-vars; aws-codebuild-source-credential; aws-dynamodb-encryption; aws-ebs-encryption-default; aws-ec2-ebs-volume-encrypted; aws-ec2-instance-profile-attached; aws-ecs-secrets-in-env-vars; aws-eks-secrets-encryption; aws-elb-certificate-expiry; aws-elb-https-only; aws-elb-tls-version; aws-iam-access-key-rotation; aws-iam-root-no-access-keys; aws-iam-user-multiple-access-keys; aws-iam-user-unused-credentials; aws-kms-key-rotation-enabled; aws-lambda-no-env-secrets; aws-lambda-secrets-in-env-vars; aws-rds-encryption-enabled; ... 82 more,aws-codebuild-plaintext-secrets; aws-dynamodb-encryption; aws-kms-key-rotation-enabled; aws-s3-bucket-cleartext-key; aws-s3-bucket-encryption-enabled; aws-s3-bucket-ssl-only; aws-secretsmanager-rotation-enabled; aws-secretsmanager-secret-used
pcidssv401,3.5.1,pcidssv401 3.5.1,PCI DSS v4.0.1 3 Account Data Protection,5,0,0,,PCI DSS v4.0.1/account-data-secret-protection,,PCI DSS v4.0.1 3.5 [child_requirement/review_hint],direct_control_only,endpoint-disk-encryption; endpoint-intune-disk-encryption; endpoint-jamf-disk-encryption; endpoint-kandji-disk-encryption; gcp-gke-secrets-kms-encryption,
pcidssv401,3.6,pcidssv401 3.6,PCI DSS v4.0.1 3 Account Data Protection,0,0,0,,,,,framework_catalog_only,,
pcidssv401,3.7,pcidssv401 3.7,PCI DSS v4.0.1 3 Account Data Protection,0,0,0,,,,,framework_catalog_only,,
pcidssv401,4.1,pcidssv401 4.1,PCI DSS v4.0.1 4 Transmission Protection,0,0,0,,,,,framework_catalog_only,,
pcidssv401,4.2,pcidssv401 4.2,PCI DSS v4.0.1 4 Transmission Protection,44,0,0,,PCI DSS v4.0.1/network-exposure,PCI DSS v4.0.1 4.2.1 [child_requirement/review_hint],,direct_control_only,aws-alb-http-to-https; aws-cloudfront-http; aws-cloudwatch-log-group-encrypted; aws-dynamodb-encryption; aws-ebs-encryption-default; aws-ec2-ebs-volume-encrypted; aws-eks-secrets-encryption; aws-elb-certificate-expiry; aws-elb-https-only; aws-elb-tls-version; aws-kms-key-rotation-enabled; aws-rds-encryption-enabled; aws-redshift-no-encryption; aws-s3-bucket-encryption-enabled; aws-s3-bucket-ssl-only; aws-sagemaker-endpoint-no-encryption; aws-sagemaker-training-unencrypted; aws-sns-topic-encrypted; aws-sqs-queue-encrypted; azure-appservice-https; azure-postgresql-ssl; azure-sql-transparent-data-encryption; azure-storage-https-only; azure-storage-minimum-tls-1-2; azure-vm-disk-encryption; ... 19 more,
pcidssv401,4.2.1,pcidssv401 4.2.1,PCI DSS v4.0.1 4 Transmission Protection,1,0,0,,PCI DSS v4.0.1/network-exposure,,PCI DSS v4.0.1 4.2 [child_requirement/review_hint],direct_control_only,aws-s3-https-only,
pcidssv401,5.1,pcidssv401 5.1,PCI DSS v4.0.1 5 Malware Protection,0,0,0,,,,,framework_catalog_only,,
pcidssv401,5.2,pcidssv401 5.2,PCI DSS v4.0.1 5 Malware Protection,7,0,0,,,,,direct_control_only,endpoint-intune-noncompliant; endpoint-kandji-password-manager; endpoint-malware-detection; endpoint-mdm-enrolled; endpoint-password-manager; endpoint-sentinelone-active; pci-antivirus-enabled,
pcidssv401,5.3,pcidssv401 5.3,PCI DSS v4.0.1 5 Malware Protection,7,0,0,,,,,direct_control_only,endpoint-intune-noncompliant; endpoint-kandji-password-manager; endpoint-malware-detection; endpoint-mdm-enrolled; endpoint-password-manager; endpoint-sentinelone-active; pci-antivirus-enabled,
pcidssv401,5.4,pcidssv401 5.4,PCI DSS v4.0.1 5 Malware Protection,0,0,0,,,,,framework_catalog_only,,
pcidssv401,6.1,pcidssv401 6.1,PCI DSS v4.0.1 6 Secure Systems and Software,0,0,0,,,,,framework_catalog_only,,
pcidssv401,6.2,pcidssv401 6.2,PCI DSS v4.0.1 6 Secure Systems and Software,0,0,0,,,,,framework_catalog_only,,
pcidssv401,6.3,pcidssv401 6.3,PCI DSS v4.0.1 6 Secure Systems and Software,56,6,6,,,,,direct_source_backed,aws-ecr-immutable-tags; aws-ecr-scan-on-push; aws-lambda-runtime-supported; cisa-kev-vulnerability-present; container-eol-writable; container-image-scan; container-openssl-vuln; cve-2021-45046; cve-2021-45105; cve-2023-20867; cve-2023-4863; cve-2024-21626; cve-2024-6387; dirty-pipe-privileged; gcp-container-vuln-critical; gcp-container-vuln-high; gcr-unscanned; github-automated-checks; github-branch-protection-admin; github-code-scanning-critical; github-dependabot-critical-alert; github-dependabot-high-alert; github-vuln-medium; gitlab-runner-unprotected-tags; k8s-cluster-unsupported-version; ... 31 more,github-automated-checks; github-branch-protection-admin; github-code-scanning-critical; github-dependabot-critical-alert; github-dependabot-high-alert; github-vuln-medium
pcidssv401,6.4,pcidssv401 6.4,PCI DSS v4.0.1 6 Secure Systems and Software,0,0,0,,,,,framework_catalog_only,,
pcidssv401,6.5,pcidssv401 6.5,PCI DSS v4.0.1 6 Secure Systems and Software,7,0,0,,,,,direct_control_only,aws-ecr-immutable-tags; github-automated-checks; github-branch-protection-admin; gitlab-runner-unprotected-tags; k8s-pod-image-pinned-by-digest; k8s-pod-image-tag-not-latest; ml-model-untrusted-source,
pcidssv401,7.1,pcidssv401 7.1,PCI DSS v4.0.1 7 Need-to-Know Access,0,0,0,,,,,framework_catalog_only,,
pcidssv401,7.2,pcidssv401 7.2,PCI DSS v4.0.1 7 Need-to-Know Access,197,20,20,,PCI DSS v4.0.1/access-authentication,,,direct_source_backed,account-lateral-dormant; admin-inactive-keys; admin-keys-unrotated; admin-keys-year-unrotated; ai-agent-lambda-data-access; ai-model-excessive-agency; ai-model-third-party-access; aws-apigateway-public; aws-bedrock-custom-model-public; aws-codebuild-privileged-mode; aws-codebuild-public-logs; aws-ec2-ami-not-public; aws-ec2-ebs-snapshot-not-public; aws-ec2-instance-profile-attached; aws-ec2-internet-facing-iam; aws-ecr-public-repository; aws-eks-public-endpoint-disabled; aws-iam-access-key-rotation; aws-iam-no-full-admin; aws-iam-no-policies-attached-user; aws-iam-password-policy; aws-iam-policy-no-admin-star; aws-iam-role-confused-deputy-prevention; aws-iam-role-cross-account-admin; aws-iam-role-trust-any-principal; ... 172 more,aws-codebuild-privileged-mode; aws-codebuild-public-logs; aws-ec2-instance-profile-attached; aws-iam-access-key-rotation; aws-iam-no-full-admin; aws-iam-password-policy; aws-iam-policy-no-admin-star; aws-iam-role-confused-deputy-prevention; aws-iam-role-trust-any-principal; aws-iam-role-wildcard-trust; aws-iam-root-no-access-keys; aws-iam-service-account-open-assume; aws-iam-user-console-inactive; aws-iam-user-mfa-enabled; aws-iam-user-multiple-access-keys; aws-iam-user-unused-credentials; aws-rds-iam-authentication; aws-secretsmanager-secret-used; github-oidc-overly-permissive; okta-admin-dormant
pcidssv401,7.3,pcidssv401 7.3,PCI DSS v4.0.1 7 Need-to-Know Access,0,0,0,,,,,framework_catalog_only,,
pcidssv401,8.1,pcidssv401 8.1,PCI DSS v4.0.1 8 Identity and Authentication,0,0,0,,,,,framework_catalog_only,,
pcidssv401,8.1.3,pcidssv401 8.1.3,PCI DSS v4.0.1 8 Identity and Authentication,14,0,0,,PCI DSS v4.0.1/access-authentication,,,direct_control_only,identity-account-deprovision; identity-cyberark-deprovision; identity-duo-deprovision; identity-forgerock-deprovision; identity-github-deprovision; identity-jumpcloud-deprovision; identity-office365-deprovision; identity-oracle-idcs-deprovision; identity-pingidentity-deprovision; identity-sailpoint-deprovision; identity-saviynt-deprovision; identity-slack-deprovision; identity-tailscale-deprovision; m365-terminated-users-active,
pcidssv401,8.2,pcidssv401 8.2,PCI DSS v4.0.1 8 Identity and Authentication,0,0,0,,,,,framework_catalog_only,,
pcidssv401,8.3,pcidssv401 8.3,PCI DSS v4.0.1 8 Identity and Authentication,41,5,5,,PCI DSS v4.0.1/access-authentication,PCI DSS v4.0.1 8.3.6 [child_requirement/review_hint]; PCI DSS v4.0.1 8.3.7 [child_requirement/review_hint],,direct_source_backed,aws-alb-no-authentication; aws-api-gateway-no-authorization; aws-appsync-no-authorization; aws-iam-password-policy; aws-iam-root-mfa-enabled; aws-iam-user-mfa-enabled; aws-iam-user-unused-credentials; aws-rds-iam-authentication; aws-s3-bucket-mfa-delete; aws-user-data-no-mfa; aws-user-inactive-admin-no-mfa; aws-user-inactive-data-no-mfa; azure-function-anonymous-access; azure-function-public; azure-sql-azure-ad-admin; azure-user-mfa-disabled; cross-provider-privileged-access-no-mfa; endpoint-kandji-password-manager; endpoint-password-manager; gcp-cloud-run-allow-unauthenticated; github-admin-without-2fa; github-org-2fa-disabled; k8s-ingress-no-authentication; k8s-ingress-public; m365-conditional-access-disabled; ... 16 more,aws-iam-password-policy; aws-iam-user-mfa-enabled; aws-iam-user-unused-credentials; aws-rds-iam-authentication; okta-user-mfa-disabled
pcidssv401,8.3.6,pcidssv401 8.3.6,PCI DSS v4.0.1 8 Identity and Authentication,1,0,0,,PCI DSS v4.0.1/access-authentication,,PCI DSS v4.0.1 8.3 [child_requirement/review_hint],direct_control_only,aws-password-policy-minimum-length,
pcidssv401,8.3.7,pcidssv401 8.3.7,PCI DSS v4.0.1 8 Identity and Authentication,1,0,0,,PCI DSS v4.0.1/access-authentication,,PCI DSS v4.0.1 8.3 [child_requirement/review_hint],direct_control_only,aws-password-policy-no-reuse,
pcidssv401,8.4,pcidssv401 8.4,PCI DSS v4.0.1 8 Identity and Authentication,41,0,0,,PCI DSS v4.0.1/access-authentication,PCI DSS v4.0.1 8.4.2 [child_requirement/review_hint],,direct_control_only,aws-alb-no-authentication; aws-api-gateway-no-authorization; aws-appsync-no-authorization; aws-iam-password-policy; aws-iam-root-mfa-enabled; aws-iam-user-mfa-enabled; aws-iam-user-unused-credentials; aws-rds-iam-authentication; aws-s3-bucket-mfa-delete; aws-user-data-no-mfa; aws-user-inactive-admin-no-mfa; aws-user-inactive-data-no-mfa; azure-function-anonymous-access; azure-function-public; azure-sql-azure-ad-admin; azure-user-mfa-disabled; cross-provider-privileged-access-no-mfa; endpoint-kandji-password-manager; endpoint-password-manager; gcp-cloud-run-allow-unauthenticated; github-admin-without-2fa; github-org-2fa-disabled; k8s-ingress-no-authentication; k8s-ingress-public; m365-conditional-access-disabled; ... 16 more,
pcidssv401,8.4.2,pcidssv401 8.4.2,PCI DSS v4.0.1 8 Identity and Authentication,1,0,0,,PCI DSS v4.0.1/access-authentication,,PCI DSS v4.0.1 8.4 [child_requirement/review_hint],direct_control_only,identity-saas-mfa-enforced,
pcidssv401,8.5,pcidssv401 8.5,PCI DSS v4.0.1 8 Identity and Authentication,0,0,0,,,,,framework_catalog_only,,
pcidssv401,8.6,pcidssv401 8.6,PCI DSS v4.0.1 8 Identity and Authentication,73,0,0,,PCI DSS v4.0.1/account-data-secret-protection,,,direct_control_only,admin-inactive-keys; admin-keys-unrotated; admin-keys-year-unrotated; aws-codebuild-plaintext-secrets; aws-codebuild-secrets-in-env-vars; aws-codebuild-source-credential; aws-dynamodb-encryption; aws-ec2-instance-profile-attached; aws-ecs-secrets-in-env-vars; aws-eks-secrets-encryption; aws-iam-access-key-rotation; aws-iam-root-no-access-keys; aws-iam-user-multiple-access-keys; aws-iam-user-unused-credentials; aws-kms-key-rotation-enabled; aws-lambda-no-env-secrets; aws-lambda-secrets-in-env-vars; aws-s3-bucket-cleartext-key; aws-secretsmanager-rotation-enabled; aws-secretsmanager-secret-used; azure-keyvault-key-expiry-set; azure-keyvault-logging; azure-keyvault-purge-protection; azure-keyvault-soft-delete-enabled; azure-sp-credential-expiring; ... 48 more,
pcidssv401,9.1,pcidssv401 9.1,PCI DSS v4.0.1 9 Physical Access,0,0,0,,,,,framework_catalog_only,,
pcidssv401,9.2,pcidssv401 9.2,PCI DSS v4.0.1 9 Physical Access,0,0,0,,,,,framework_catalog_only,,
pcidssv401,9.3,pcidssv401 9.3,PCI DSS v4.0.1 9 Physical Access,0,0,0,,,,,framework_catalog_only,,
pcidssv401,9.4,pcidssv401 9.4,PCI DSS v4.0.1 9 Physical Access,0,0,0,,,,,framework_catalog_only,,
pcidssv401,9.5,pcidssv401 9.5,PCI DSS v4.0.1 9 Physical Access,0,0,0,,,,,framework_catalog_only,,
pcidssv401,APPENDIXA-1.1,pcidssv401 APPENDIXA-1.1,PCI DSS v4.0.1 Appendix Appendix Controls,0,0,0,,,,,framework_catalog_only,,
pcidssv401,APPENDIXA-1.2,pcidssv401 APPENDIXA-1.2,PCI DSS v4.0.1 Appendix Appendix Controls,0,0,0,,,,,framework_catalog_only,,
pcidssv401,APPENDIXA2.1,pcidssv401 APPENDIXA2.1,PCI DSS v4.0.1 Appendix Appendix Controls,0,0,0,,,,,framework_catalog_only,,
pcisaqdsp,1.1.1,pcisaqdsp 1.1.1,PCI SAQ D-SP 1 1 Controls,0,0,0,,,,,framework_catalog_only,,
pcisaqdsp,1.1.2.A,pcisaqdsp 1.1.2.A,PCI SAQ D-SP 1 1 Controls,0,0,0,,,,,framework_catalog_only,,
pcisaqdsp,1.1.2.B,pcisaqdsp 1.1.2.B,PCI SAQ D-SP 1 1 Controls,0,0,0,,,,,framework_catalog_only,,
pcisaqdsp,1.1.3.A,pcisaqdsp 1.1.3.A,PCI SAQ D-SP 1 1 Controls,0,0,0,,,,,framework_catalog_only,,
pcisaqdsp,1.1.3.B,pcisaqdsp 1.1.3.B,PCI SAQ D-SP 1 1 Controls,0,0,0,,,,,framework_catalog_only,,
pcisaqdsp,1.1.4.A,pcisaqdsp 1.1.4.A,PCI SAQ D-SP 1 1 Controls,0,0,0,,,,,framework_catalog_only,,
pcisaqdsp,1.1.4.B,pcisaqdsp 1.1.4.B,PCI SAQ D-SP 1 1 Controls,0,0,0,,,,,framework_catalog_only,,
pcisaqdsp,1.1.5,pcisaqdsp 1.1.5,PCI SAQ D-SP 1 1 Controls,0,0,0,,,,,framework_catalog_only,,
pcisaqdsp,1.1.6.A,pcisaqdsp 1.1.6.A,PCI SAQ D-SP 1 1 Controls,0,0,0,,,,,framework_catalog_only,,
pcisaqdsp,1.1.6.B,pcisaqdsp 1.1.6.B,PCI SAQ D-SP 1 1 Controls,0,0,0,,,,,framework_catalog_only,,
pcisaqdsp,1.1.7.A,pcisaqdsp 1.1.7.A,PCI SAQ D-SP 1 1 Controls,0,0,0,,,,,framework_catalog_only,,
pcisaqdsp,1.1.7.B,pcisaqdsp 1.1.7.B,PCI SAQ D-SP 1 1 Controls,0,0,0,,,,,framework_catalog_only,,
pcisaqdsp,1.2.1.A,pcisaqdsp 1.2.1.A,PCI SAQ D-SP 1 1 Controls,0,0,0,,,,,framework_catalog_only,,
pcisaqdsp,1.2.1.B,pcisaqdsp 1.2.1.B,PCI SAQ D-SP 1 1 Controls,0,0,0,,,,,framework_catalog_only,,
pcisaqdsp,1.2.2,pcisaqdsp 1.2.2,PCI SAQ D-SP 1 1 Controls,0,0,0,,,,,framework_catalog_only,,
pcisaqdsp,1.2.3,pcisaqdsp 1.2.3,PCI SAQ D-SP 1 1 Controls,0,0,0,,,,,framework_catalog_only,,
pcisaqdsp,1.3.1,pcisaqdsp 1.3.1,PCI SAQ D-SP 1 1 Controls,0,0,0,,,,,framework_catalog_only,,
pcisaqdsp,1.3.2,pcisaqdsp 1.3.2,PCI SAQ D-SP 1 1 Controls,0,0,0,,,,,framework_catalog_only,,
pcisaqdsp,1.3.3,pcisaqdsp 1.3.3,PCI SAQ D-SP 1 1 Controls,0,0,0,,,,,framework_catalog_only,,
pcisaqdsp,1.3.4,pcisaqdsp 1.3.4,PCI SAQ D-SP 1 1 Controls,0,0,0,,,,,framework_catalog_only,,
pcisaqdsp,1.3.5,pcisaqdsp 1.3.5,PCI SAQ D-SP 1 1 Controls,0,0,0,,,,,framework_catalog_only,,
pcisaqdsp,1.3.6,pcisaqdsp 1.3.6,PCI SAQ D-SP 1 1 Controls,0,0,0,,,,,framework_catalog_only,,
pcisaqdsp,1.3.7.A,pcisaqdsp 1.3.7.A,PCI SAQ D-SP 1 1 Controls,0,0,0,,,,,framework_catalog_only,,
pcisaqdsp,1.3.7.B,pcisaqdsp 1.3.7.B,PCI SAQ D-SP 1 1 Controls,0,0,0,,,,,framework_catalog_only,,
pcisaqdsp,1.4.A,pcisaqdsp 1.4.A,PCI SAQ D-SP 1 1 Controls,0,0,0,,,,,framework_catalog_only,,
pcisaqdsp,1.4.B,pcisaqdsp 1.4.B,PCI SAQ D-SP 1 1 Controls,0,0,0,,,,,framework_catalog_only,,
pcisaqdsp,1.5,pcisaqdsp 1.5,PCI SAQ D-SP 1 1 Controls,0,0,0,,,,,framework_catalog_only,,
pcisaqdsp,10.1.A,pcisaqdsp 10.1.A,PCI SAQ D-SP 10 10 Controls,0,0,0,,,,,framework_catalog_only,,
pcisaqdsp,10.1.B,pcisaqdsp 10.1.B,PCI SAQ D-SP 10 10 Controls,0,0,0,,,,,framework_catalog_only,,
pcisaqdsp,10.2.1,pcisaqdsp 10.2.1,PCI SAQ D-SP 10 10 Controls,0,0,0,,,,,framework_catalog_only,,
pcisaqdsp,10.2.2,pcisaqdsp 10.2.2,PCI SAQ D-SP 10 10 Controls,0,0,0,,,,,framework_catalog_only,,
pcisaqdsp,10.2.3,pcisaqdsp 10.2.3,PCI SAQ D-SP 10 10 Controls,0,0,0,,,,,framework_catalog_only,,
pcisaqdsp,10.2.4,pcisaqdsp 10.2.4,PCI SAQ D-SP 10 10 Controls,0,0,0,,,,,framework_catalog_only,,
pcisaqdsp,10.2.5,pcisaqdsp 10.2.5,PCI SAQ D-SP 10 10 Controls,0,0,0,,,,,framework_catalog_only,,
pcisaqdsp,10.2.6,pcisaqdsp 10.2.6,PCI SAQ D-SP 10 10 Controls,0,0,0,,,,,framework_catalog_only,,
pcisaqdsp,10.2.7,pcisaqdsp 10.2.7,PCI SAQ D-SP 10 10 Controls,0,0,0,,,,,framework_catalog_only,,
pcisaqdsp,10.3.1,pcisaqdsp 10.3.1,PCI SAQ D-SP 10 10 Controls,0,0,0,,,,,framework_catalog_only,,
pcisaqdsp,10.3.2,pcisaqdsp 10.3.2,PCI SAQ D-SP 10 10 Controls,0,0,0,,,,,framework_catalog_only,,
pcisaqdsp,10.3.3,pcisaqdsp 10.3.3,PCI SAQ D-SP 10 10 Controls,0,0,0,,,,,framework_catalog_only,,
pcisaqdsp,10.3.4,pcisaqdsp 10.3.4,PCI SAQ D-SP 10 10 Controls,0,0,0,,,,,framework_catalog_only,,
pcisaqdsp,10.3.5,pcisaqdsp 10.3.5,PCI SAQ D-SP 10 10 Controls,0,0,0,,,,,framework_catalog_only,,
pcisaqdsp,10.3.6,pcisaqdsp 10.3.6,PCI SAQ D-SP 10 10 Controls,0,0,0,,,,,framework_catalog_only,,
pcisaqdsp,10.4,pcisaqdsp 10.4,PCI SAQ D-SP 10 10 Controls,0,0,0,,,,,framework_catalog_only,,
pcisaqdsp,10.4.1.A,pcisaqdsp 10.4.1.A,PCI SAQ D-SP 10 10 Controls,0,0,0,,,,,framework_catalog_only,,
pcisaqdsp,10.4.1.B,pcisaqdsp 10.4.1.B,PCI SAQ D-SP 10 10 Controls,0,0,0,,,,,framework_catalog_only,,
pcisaqdsp,10.4.1.C,pcisaqdsp 10.4.1.C,PCI SAQ D-SP 10 10 Controls,0,0,0,,,,,framework_catalog_only,,
pcisaqdsp,10.4.2.A,pcisaqdsp 10.4.2.A,PCI SAQ D-SP 10 10 Controls,0,0,0,,,,,framework_catalog_only,,
pcisaqdsp,10.4.2.B,pcisaqdsp 10.4.2.B,PCI SAQ D-SP 10 10 Controls,0,0,0,,,,,framework_catalog_only,,
pcisaqdsp,10.4.3,pcisaqdsp 10.4.3,PCI SAQ D-SP 10 10 Controls,0,0,0,,,,,framework_catalog_only,,
pcisaqdsp,10.5.1,pcisaqdsp 10.5.1,PCI SAQ D-SP 10 10 Controls,0,0,0,,,,,framework_catalog_only,,
pcisaqdsp,10.5.2,pcisaqdsp 10.5.2,PCI SAQ D-SP 10 10 Controls,0,0,0,,,,,framework_catalog_only,,
pcisaqdsp,10.5.3,pcisaqdsp 10.5.3,PCI SAQ D-SP 10 10 Controls,0,0,0,,,,,framework_catalog_only,,
pcisaqdsp,10.5.4,pcisaqdsp 10.5.4,PCI SAQ D-SP 10 10 Controls,0,0,0,,,,,framework_catalog_only,,
pcisaqdsp,10.5.5,pcisaqdsp 10.5.5,PCI SAQ D-SP 10 10 Controls,0,0,0,,,,,framework_catalog_only,,
pcisaqdsp,10.6.1.A,pcisaqdsp 10.6.1.A,PCI SAQ D-SP 10 10 Controls,0,0,0,,,,,framework_catalog_only,,
pcisaqdsp,10.6.1.B,pcisaqdsp 10.6.1.B,PCI SAQ D-SP 10 10 Controls,0,0,0,,,,,framework_catalog_only,,
pcisaqdsp,10.6.2.A,pcisaqdsp 10.6.2.A,PCI SAQ D-SP 10 10 Controls,0,0,0,,,,,framework_catalog_only,,
pcisaqdsp,10.6.2.B,pcisaqdsp 10.6.2.B,PCI SAQ D-SP 10 10 Controls,0,0,0,,,,,framework_catalog_only,,
pcisaqdsp,10.6.3.A,pcisaqdsp 10.6.3.A,PCI SAQ D-SP 10 10 Controls,0,0,0,,,,,framework_catalog_only,,
pcisaqdsp,10.6.3.B,pcisaqdsp 10.6.3.B,PCI SAQ D-SP 10 10 Controls,0,0,0,,,,,framework_catalog_only,,
pcisaqdsp,10.7.A,pcisaqdsp 10.7.A,PCI SAQ D-SP 10 10 Controls,0,0,0,,,,,framework_catalog_only,,
pcisaqdsp,10.7.B,pcisaqdsp 10.7.B,PCI SAQ D-SP 10 10 Controls,0,0,0,,,,,framework_catalog_only,,
pcisaqdsp,10.7.C,pcisaqdsp 10.7.C,PCI SAQ D-SP 10 10 Controls,0,0,0,,,,,framework_catalog_only,,
pcisaqdsp,10.8.A,pcisaqdsp 10.8.A,PCI SAQ D-SP 10 10 Controls,0,0,0,,,,,framework_catalog_only,,
pcisaqdsp,10.8.B,pcisaqdsp 10.8.B,PCI SAQ D-SP 10 10 Controls,0,0,0,,,,,framework_catalog_only,,
pcisaqdsp,10.9,pcisaqdsp 10.9,PCI SAQ D-SP 10 10 Controls,0,0,0,,,,,framework_catalog_only,,
pcisaqdsp,11.1.1,pcisaqdsp 11.1.1,PCI SAQ D-SP 11 11 Controls,0,0,0,,,,,framework_catalog_only,,
pcisaqdsp,11.1.2.A,pcisaqdsp 11.1.2.A,PCI SAQ D-SP 11 11 Controls,0,0,0,,,,,framework_catalog_only,,
pcisaqdsp,11.1.2.B,pcisaqdsp 11.1.2.B,PCI SAQ D-SP 11 11 Controls,0,0,0,,,,,framework_catalog_only,,
pcisaqdsp,11.1.A,pcisaqdsp 11.1.A,PCI SAQ D-SP 11 11 Controls,0,0,0,,,,,framework_catalog_only,,
pcisaqdsp,11.1.B,pcisaqdsp 11.1.B,PCI SAQ D-SP 11 11 Controls,0,0,0,,,,,framework_catalog_only,,
pcisaqdsp,11.1.C,pcisaqdsp 11.1.C,PCI SAQ D-SP 11 11 Controls,0,0,0,,,,,framework_catalog_only,,
pcisaqdsp,11.1.D,pcisaqdsp 11.1.D,PCI SAQ D-SP 11 11 Controls,0,0,0,,,,,framework_catalog_only,,
pcisaqdsp,11.2.1.A,pcisaqdsp 11.2.1.A,PCI SAQ D-SP 11 11 Controls,0,0,0,,,,,framework_catalog_only,,
pcisaqdsp,11.2.1.B,pcisaqdsp 11.2.1.B,PCI SAQ D-SP 11 11 Controls,0,0,0,,,,,framework_catalog_only,,
pcisaqdsp,11.2.1.C,pcisaqdsp 11.2.1.C,PCI SAQ D-SP 11 11 Controls,0,0,0,,,,,framework_catalog_only,,
pcisaqdsp,11.2.2.A,pcisaqdsp 11.2.2.A,PCI SAQ D-SP 11 11 Controls,0,0,0,,,,,framework_catalog_only,,
pcisaqdsp,11.2.2.B,pcisaqdsp 11.2.2.B,PCI SAQ D-SP 11 11 Controls,0,0,0,,,,,framework_catalog_only,,
pcisaqdsp,11.2.2.C,pcisaqdsp 11.2.2.C,PCI SAQ D-SP 11 11 Controls,0,0,0,,,,,framework_catalog_only,,
pcisaqdsp,11.2.3.A,pcisaqdsp 11.2.3.A,PCI SAQ D-SP 11 11 Controls,0,0,0,,,,,framework_catalog_only,,
pcisaqdsp,11.2.3.B,pcisaqdsp 11.2.3.B,PCI SAQ D-SP 11 11 Controls,0,0,0,,,,,framework_catalog_only,,
pcisaqdsp,11.2.3.C,pcisaqdsp 11.2.3.C,PCI SAQ D-SP 11 11 Controls,0,0,0,,,,,framework_catalog_only,,
pcisaqdsp,11.3,pcisaqdsp 11.3,PCI SAQ D-SP 11 11 Controls,0,0,0,,,,,framework_catalog_only,,
pcisaqdsp,11.3.1.A,pcisaqdsp 11.3.1.A,PCI SAQ D-SP 11 11 Controls,0,0,0,,,,,framework_catalog_only,,
pcisaqdsp,11.3.1.B,pcisaqdsp 11.3.1.B,PCI SAQ D-SP 11 11 Controls,0,0,0,,,,,framework_catalog_only,,
pcisaqdsp,11.3.2.A,pcisaqdsp 11.3.2.A,PCI SAQ D-SP 11 11 Controls,0,0,0,,,,,framework_catalog_only,,
pcisaqdsp,11.3.2.B,pcisaqdsp 11.3.2.B,PCI SAQ D-SP 11 11 Controls,0,0,0,,,,,framework_catalog_only,,
pcisaqdsp,11.3.3,pcisaqdsp 11.3.3,PCI SAQ D-SP 11 11 Controls,0,0,0,,,,,framework_catalog_only,,
pcisaqdsp,11.3.4.1.A,pcisaqdsp 11.3.4.1.A,PCI SAQ D-SP 11 11 Controls,0,0,0,,,,,framework_catalog_only,,
pcisaqdsp,11.3.4.1.B,pcisaqdsp 11.3.4.1.B,PCI SAQ D-SP 11 11 Controls,0,0,0,,,,,framework_catalog_only,,
pcisaqdsp,11.3.4.1.C,pcisaqdsp 11.3.4.1.C,PCI SAQ D-SP 11 11 Controls,0,0,0,,,,,framework_catalog_only,,
pcisaqdsp,11.3.4.1.D,pcisaqdsp 11.3.4.1.D,PCI SAQ D-SP 11 11 Controls,0,0,0,,,,,framework_catalog_only,,
pcisaqdsp,11.3.4.A,pcisaqdsp 11.3.4.A,PCI SAQ D-SP 11 11 Controls,0,0,0,,,,,framework_catalog_only,,
pcisaqdsp,11.3.4.B,pcisaqdsp 11.3.4.B,PCI SAQ D-SP 11 11 Controls,0,0,0,,,,,framework_catalog_only,,
pcisaqdsp,11.3.4.C,pcisaqdsp 11.3.4.C,PCI SAQ D-SP 11 11 Controls,0,0,0,,,,,framework_catalog_only,,
pcisaqdsp,11.4.A,pcisaqdsp 11.4.A,PCI SAQ D-SP 11 11 Controls,0,0,0,,,,,framework_catalog_only,,
pcisaqdsp,11.4.B,pcisaqdsp 11.4.B,PCI SAQ D-SP 11 11 Controls,0,0,0,,,,,framework_catalog_only,,
pcisaqdsp,11.4.C,pcisaqdsp 11.4.C,PCI SAQ D-SP 11 11 Controls,0,0,0,,,,,framework_catalog_only,,
pcisaqdsp,11.5.1,pcisaqdsp 11.5.1,PCI SAQ D-SP 11 11 Controls,0,0,0,,,,,framework_catalog_only,,
pcisaqdsp,11.5.A,pcisaqdsp 11.5.A,PCI SAQ D-SP 11 11 Controls,0,0,0,,,,,framework_catalog_only,,
pcisaqdsp,11.5.B,pcisaqdsp 11.5.B,PCI SAQ D-SP 11 11 Controls,0,0,0,,,,,framework_catalog_only,,
pcisaqdsp,11.6,pcisaqdsp 11.6,PCI SAQ D-SP 11 11 Controls,0,0,0,,,,,framework_catalog_only,,
pcisaqdsp,12.1,pcisaqdsp 12.1,PCI SAQ D-SP 12 12 Controls,0,0,0,,,,,framework_catalog_only,,
pcisaqdsp,12.1.1,pcisaqdsp 12.1.1,PCI SAQ D-SP 12 12 Controls,0,0,0,,,,,framework_catalog_only,,
pcisaqdsp,12.10.1.A,pcisaqdsp 12.10.1.A,PCI SAQ D-SP 12 12 Controls,0,0,0,,,,,framework_catalog_only,,
pcisaqdsp,12.10.1.B.I,pcisaqdsp 12.10.1.B.I,PCI SAQ D-SP 12 12 Controls,0,0,0,,,,,framework_catalog_only,,
pcisaqdsp,12.10.1.B.II,pcisaqdsp 12.10.1.B.II,PCI SAQ D-SP 12 12 Controls,0,0,0,,,,,framework_catalog_only,,
pcisaqdsp,12.10.1.B.III,pcisaqdsp 12.10.1.B.III,PCI SAQ D-SP 12 12 Controls,0,0,0,,,,,framework_catalog_only,,
pcisaqdsp,12.10.1.B.IV,pcisaqdsp 12.10.1.B.IV,PCI SAQ D-SP 12 12 Controls,0,0,0,,,,,framework_catalog_only,,
pcisaqdsp,12.10.1.B.V,pcisaqdsp 12.10.1.B.V,PCI SAQ D-SP 12 12 Controls,0,0,0,,,,,framework_catalog_only,,
pcisaqdsp,12.10.1.B.VI,pcisaqdsp 12.10.1.B.VI,PCI SAQ D-SP 12 12 Controls,0,0,0,,,,,framework_catalog_only,,
pcisaqdsp,12.10.1.B.VII,pcisaqdsp 12.10.1.B.VII,PCI SAQ D-SP 12 12 Controls,0,0,0,,,,,framework_catalog_only,,
pcisaqdsp,12.10.2,pcisaqdsp 12.10.2,PCI SAQ D-SP 12 12 Controls,0,0,0,,,,,framework_catalog_only,,
pcisaqdsp,12.10.3,pcisaqdsp 12.10.3,PCI SAQ D-SP 12 12 Controls,0,0,0,,,,,framework_catalog_only,,
pcisaqdsp,12.10.4,pcisaqdsp 12.10.4,PCI SAQ D-SP 12 12 Controls,0,0,0,,,,,framework_catalog_only,,
pcisaqdsp,12.10.5,pcisaqdsp 12.10.5,PCI SAQ D-SP 12 12 Controls,0,0,0,,,,,framework_catalog_only,,
pcisaqdsp,12.10.6,pcisaqdsp 12.10.6,PCI SAQ D-SP 12 12 Controls,0,0,0,,,,,framework_catalog_only,,
pcisaqdsp,12.11.A,pcisaqdsp 12.11.A,PCI SAQ D-SP 12 12 Controls,0,0,0,,,,,framework_catalog_only,,
pcisaqdsp,12.11.B,pcisaqdsp 12.11.B,PCI SAQ D-SP 12 12 Controls,0,0,0,,,,,framework_catalog_only,,
pcisaqdsp,12.2.A,pcisaqdsp 12.2.A,PCI SAQ D-SP 12 12 Controls,0,0,0,,,,,framework_catalog_only,,
pcisaqdsp,12.2.B,pcisaqdsp 12.2.B,PCI SAQ D-SP 12 12 Controls,0,0,0,,,,,framework_catalog_only,,
pcisaqdsp,12.3.1,pcisaqdsp 12.3.1,PCI SAQ D-SP 12 12 Controls,0,0,0,,,,,framework_catalog_only,,
pcisaqdsp,12.3.10.A,pcisaqdsp 12.3.10.A,PCI SAQ D-SP 12 12 Controls,0,0,0,,,,,framework_catalog_only,,
pcisaqdsp,12.3.10.B,pcisaqdsp 12.3.10.B,PCI SAQ D-SP 12 12 Controls,0,0,0,,,,,framework_catalog_only,,
pcisaqdsp,12.3.2,pcisaqdsp 12.3.2,PCI SAQ D-SP 12 12 Controls,0,0,0,,,,,framework_catalog_only,,
pcisaqdsp,12.3.3,pcisaqdsp 12.3.3,PCI SAQ D-SP 12 12 Controls,0,0,0,,,,,framework_catalog_only,,
pcisaqdsp,12.3.4,pcisaqdsp 12.3.4,PCI SAQ D-SP 12 12 Controls,0,0,0,,,,,framework_catalog_only,,
pcisaqdsp,12.3.5,pcisaqdsp 12.3.5,PCI SAQ D-SP 12 12 Controls,0,0,0,,,,,framework_catalog_only,,
pcisaqdsp,12.3.6,pcisaqdsp 12.3.6,PCI SAQ D-SP 12 12 Controls,0,0,0,,,,,framework_catalog_only,,
pcisaqdsp,12.3.7,pcisaqdsp 12.3.7,PCI SAQ D-SP 12 12 Controls,0,0,0,,,,,framework_catalog_only,,
pcisaqdsp,12.3.8,pcisaqdsp 12.3.8,PCI SAQ D-SP 12 12 Controls,0,0,0,,,,,framework_catalog_only,,
pcisaqdsp,12.3.9,pcisaqdsp 12.3.9,PCI SAQ D-SP 12 12 Controls,0,0,0,,,,,framework_catalog_only,,
pcisaqdsp,12.4,pcisaqdsp 12.4,PCI SAQ D-SP 12 12 Controls,0,0,0,,,,,framework_catalog_only,,
pcisaqdsp,12.4.1.A,pcisaqdsp 12.4.1.A,PCI SAQ D-SP 12 12 Controls,0,0,0,,,,,framework_catalog_only,,
pcisaqdsp,12.4.1.B,pcisaqdsp 12.4.1.B,PCI SAQ D-SP 12 12 Controls,0,0,0,,,,,framework_catalog_only,,
pcisaqdsp,12.5.1,pcisaqdsp 12.5.1,PCI SAQ D-SP 12 12 Controls,0,0,0,,,,,framework_catalog_only,,
pcisaqdsp,12.5.2,pcisaqdsp 12.5.2,PCI SAQ D-SP 12 12 Controls,0,0,0,,,,,framework_catalog_only,,
pcisaqdsp,12.5.3,pcisaqdsp 12.5.3,PCI SAQ D-SP 12 12 Controls,0,0,0,,,,,framework_catalog_only,,
pcisaqdsp,12.5.4,pcisaqdsp 12.5.4,PCI SAQ D-SP 12 12 Controls,0,0,0,,,,,framework_catalog_only,,
pcisaqdsp,12.5.5,pcisaqdsp 12.5.5,PCI SAQ D-SP 12 12 Controls,0,0,0,,,,,framework_catalog_only,,
pcisaqdsp,12.5.A,pcisaqdsp 12.5.A,PCI SAQ D-SP 12 12 Controls,0,0,0,,,,,framework_catalog_only,,
pcisaqdsp,12.6.1.A,pcisaqdsp 12.6.1.A,PCI SAQ D-SP 12 12 Controls,0,0,0,,,,,framework_catalog_only,,
pcisaqdsp,12.6.1.B,pcisaqdsp 12.6.1.B,PCI SAQ D-SP 12 12 Controls,0,0,0,,,,,framework_catalog_only,,
pcisaqdsp,12.6.1.C,pcisaqdsp 12.6.1.C,PCI SAQ D-SP 12 12 Controls,0,0,0,,,,,framework_catalog_only,,
pcisaqdsp,12.6.2,pcisaqdsp 12.6.2,PCI SAQ D-SP 12 12 Controls,0,0,0,,,,,framework_catalog_only,,
pcisaqdsp,12.6.A,pcisaqdsp 12.6.A,PCI SAQ D-SP 12 12 Controls,0,0,0,,,,,framework_catalog_only,,
pcisaqdsp,12.7,pcisaqdsp 12.7,PCI SAQ D-SP 12 12 Controls,0,0,0,,,,,framework_catalog_only,,
pcisaqdsp,12.8.1,pcisaqdsp 12.8.1,PCI SAQ D-SP 12 12 Controls,0,0,0,,,,,framework_catalog_only,,
pcisaqdsp,12.8.2,pcisaqdsp 12.8.2,PCI SAQ D-SP 12 12 Controls,0,0,0,,,,,framework_catalog_only,,
pcisaqdsp,12.8.3,pcisaqdsp 12.8.3,PCI SAQ D-SP 12 12 Controls,0,0,0,,,,,framework_catalog_only,,
pcisaqdsp,12.8.4,pcisaqdsp 12.8.4,PCI SAQ D-SP 12 12 Controls,0,0,0,,,,,framework_catalog_only,,
pcisaqdsp,12.8.5,pcisaqdsp 12.8.5,PCI SAQ D-SP 12 12 Controls,0,0,0,,,,,framework_catalog_only,,
pcisaqdsp,12.9,pcisaqdsp 12.9,PCI SAQ D-SP 12 12 Controls,0,0,0,,,,,framework_catalog_only,,
pcisaqdsp,2.1.1.A,pcisaqdsp 2.1.1.A,PCI SAQ D-SP 2 2 Controls,0,0,0,,,,,framework_catalog_only,,
pcisaqdsp,2.1.1.B,pcisaqdsp 2.1.1.B,PCI SAQ D-SP 2 2 Controls,0,0,0,,,,,framework_catalog_only,,
pcisaqdsp,2.1.1.C,pcisaqdsp 2.1.1.C,PCI SAQ D-SP 2 2 Controls,0,0,0,,,,,framework_catalog_only,,
pcisaqdsp,2.1.1.D,pcisaqdsp 2.1.1.D,PCI SAQ D-SP 2 2 Controls,0,0,0,,,,,framework_catalog_only,,
pcisaqdsp,2.1.1.E,pcisaqdsp 2.1.1.E,PCI SAQ D-SP 2 2 Controls,0,0,0,,,,,framework_catalog_only,,
pcisaqdsp,2.1.A,pcisaqdsp 2.1.A,PCI SAQ D-SP 2 2 Controls,0,0,0,,,,,framework_catalog_only,,
pcisaqdsp,2.1.B,pcisaqdsp 2.1.B,PCI SAQ D-SP 2 2 Controls,0,0,0,,,,,framework_catalog_only,,
pcisaqdsp,2.2.1.A,pcisaqdsp 2.2.1.A,PCI SAQ D-SP 2 2 Controls,0,0,0,,,,,framework_catalog_only,,
pcisaqdsp,2.2.1.B,pcisaqdsp 2.2.1.B,PCI SAQ D-SP 2 2 Controls,0,0,0,,,,,framework_catalog_only,,
pcisaqdsp,2.2.2.A,pcisaqdsp 2.2.2.A,PCI SAQ D-SP 2 2 Controls,0,0,0,,,,,framework_catalog_only,,
pcisaqdsp,2.2.2.B,pcisaqdsp 2.2.2.B,PCI SAQ D-SP 2 2 Controls,0,0,0,,,,,framework_catalog_only,,
pcisaqdsp,2.2.3,pcisaqdsp 2.2.3,PCI SAQ D-SP 2 2 Controls,0,0,0,,,,,framework_catalog_only,,
pcisaqdsp,2.2.4.A,pcisaqdsp 2.2.4.A,PCI SAQ D-SP 2 2 Controls,0,0,0,,,,,framework_catalog_only,,
pcisaqdsp,2.2.4.B,pcisaqdsp 2.2.4.B,PCI SAQ D-SP 2 2 Controls,0,0,0,,,,,framework_catalog_only,,
pcisaqdsp,2.2.4.C,pcisaqdsp 2.2.4.C,PCI SAQ D-SP 2 2 Controls,0,0,0,,,,,framework_catalog_only,,
pcisaqdsp,2.2.5.A,pcisaqdsp 2.2.5.A,PCI SAQ D-SP 2 2 Controls,0,0,0,,,,,framework_catalog_only,,
pcisaqdsp,2.2.5.B,pcisaqdsp 2.2.5.B,PCI SAQ D-SP 2 2 Controls,0,0,0,,,,,framework_catalog_only,,
pcisaqdsp,2.2.5.C,pcisaqdsp 2.2.5.C,PCI SAQ D-SP 2 2 Controls,0,0,0,,,,,framework_catalog_only,,
pcisaqdsp,2.2.A,pcisaqdsp 2.2.A,PCI SAQ D-SP 2 2 Controls,0,0,0,,,,,framework_catalog_only,,
pcisaqdsp,2.2.B,pcisaqdsp 2.2.B,PCI SAQ D-SP 2 2 Controls,0,0,0,,,,,framework_catalog_only,,
pcisaqdsp,2.2.C,pcisaqdsp 2.2.C,PCI SAQ D-SP 2 2 Controls,0,0,0,,,,,framework_catalog_only,,
pcisaqdsp,2.2.D,pcisaqdsp 2.2.D,PCI SAQ D-SP 2 2 Controls,0,0,0,,,,,framework_catalog_only,,
pcisaqdsp,2.3.A,pcisaqdsp 2.3.A,PCI SAQ D-SP 2 2 Controls,0,0,0,,,,,framework_catalog_only,,
pcisaqdsp,2.3.B,pcisaqdsp 2.3.B,PCI SAQ D-SP 2 2 Controls,0,0,0,,,,,framework_catalog_only,,
pcisaqdsp,2.3.C,pcisaqdsp 2.3.C,PCI SAQ D-SP 2 2 Controls,0,0,0,,,,,framework_catalog_only,,
pcisaqdsp,2.3.D,pcisaqdsp 2.3.D,PCI SAQ D-SP 2 2 Controls,0,0,0,,,,,framework_catalog_only,,
pcisaqdsp,2.4.A,pcisaqdsp 2.4.A,PCI SAQ D-SP 2 2 Controls,0,0,0,,,,,framework_catalog_only,,
pcisaqdsp,2.4.B,pcisaqdsp 2.4.B,PCI SAQ D-SP 2 2 Controls,0,0,0,,,,,framework_catalog_only,,
pcisaqdsp,2.5,pcisaqdsp 2.5,PCI SAQ D-SP 2 2 Controls,0,0,0,,,,,framework_catalog_only,,
pcisaqdsp,2.6,pcisaqdsp 2.6,PCI SAQ D-SP 2 2 Controls,0,0,0,,,,,framework_catalog_only,,
pcisaqdsp,3.1.A,pcisaqdsp 3.1.A,PCI SAQ D-SP 3 3 Controls,0,0,0,,,,,framework_catalog_only,,
pcisaqdsp,3.1.B,pcisaqdsp 3.1.B,PCI SAQ D-SP 3 3 Controls,0,0,0,,,,,framework_catalog_only,,
pcisaqdsp,3.1.C,pcisaqdsp 3.1.C,PCI SAQ D-SP 3 3 Controls,0,0,0,,,,,framework_catalog_only,,
pcisaqdsp,3.1.D,pcisaqdsp 3.1.D,PCI SAQ D-SP 3 3 Controls,0,0,0,,,,,framework_catalog_only,,
pcisaqdsp,3.1.E,pcisaqdsp 3.1.E,PCI SAQ D-SP 3 3 Controls,0,0,0,,,,,framework_catalog_only,,
pcisaqdsp,3.2.1,pcisaqdsp 3.2.1,PCI SAQ D-SP 3 3 Controls,0,0,0,,,,,framework_catalog_only,,
pcisaqdsp,3.2.2,pcisaqdsp 3.2.2,PCI SAQ D-SP 3 3 Controls,0,0,0,,,,,framework_catalog_only,,
pcisaqdsp,3.2.3,pcisaqdsp 3.2.3,PCI SAQ D-SP 3 3 Controls,0,0,0,,,,,framework_catalog_only,,
pcisaqdsp,3.2.A,pcisaqdsp 3.2.A,PCI SAQ D-SP 3 3 Controls,0,0,0,,,,,framework_catalog_only,,
pcisaqdsp,3.2.B,pcisaqdsp 3.2.B,PCI SAQ D-SP 3 3 Controls,0,0,0,,,,,framework_catalog_only,,
pcisaqdsp,3.2.C,pcisaqdsp 3.2.C,PCI SAQ D-SP 3 3 Controls,0,0,0,,,,,framework_catalog_only,,
pcisaqdsp,3.3,pcisaqdsp 3.3,PCI SAQ D-SP 3 3 Controls,0,0,0,,,,,framework_catalog_only,,
pcisaqdsp,3.4,pcisaqdsp 3.4,PCI SAQ D-SP 3 3 Controls,0,0,0,,,,,framework_catalog_only,,
pcisaqdsp,3.4.1.A,pcisaqdsp 3.4.1.A,PCI SAQ D-SP 3 3 Controls,0,0,0,,,,,framework_catalog_only,,
pcisaqdsp,3.4.1.B,pcisaqdsp 3.4.1.B,PCI SAQ D-SP 3 3 Controls,0,0,0,,,,,framework_catalog_only,,
pcisaqdsp,3.4.1.C,pcisaqdsp 3.4.1.C,PCI SAQ D-SP 3 3 Controls,0,0,0,,,,,framework_catalog_only,,
pcisaqdsp,3.5.1,pcisaqdsp 3.5.1,PCI SAQ D-SP 3 3 Controls,0,0,0,,,,,framework_catalog_only,,
pcisaqdsp,3.5.2,pcisaqdsp 3.5.2,PCI SAQ D-SP 3 3 Controls,0,0,0,,,,,framework_catalog_only,,
pcisaqdsp,3.5.3,pcisaqdsp 3.5.3,PCI SAQ D-SP 3 3 Controls,0,0,0,,,,,framework_catalog_only,,
pcisaqdsp,3.5.4,pcisaqdsp 3.5.4,PCI SAQ D-SP 3 3 Controls,0,0,0,,,,,framework_catalog_only,,
pcisaqdsp,3.6.1,pcisaqdsp 3.6.1,PCI SAQ D-SP 3 3 Controls,0,0,0,,,,,framework_catalog_only,,
pcisaqdsp,3.6.2,pcisaqdsp 3.6.2,PCI SAQ D-SP 3 3 Controls,0,0,0,,,,,framework_catalog_only,,
pcisaqdsp,3.6.3,pcisaqdsp 3.6.3,PCI SAQ D-SP 3 3 Controls,0,0,0,,,,,framework_catalog_only,,
pcisaqdsp,3.6.4,pcisaqdsp 3.6.4,PCI SAQ D-SP 3 3 Controls,0,0,0,,,,,framework_catalog_only,,
pcisaqdsp,3.6.5.A,pcisaqdsp 3.6.5.A,PCI SAQ D-SP 3 3 Controls,0,0,0,,,,,framework_catalog_only,,
pcisaqdsp,3.6.5.B,pcisaqdsp 3.6.5.B,PCI SAQ D-SP 3 3 Controls,0,0,0,,,,,framework_catalog_only,,
pcisaqdsp,3.6.5.C,pcisaqdsp 3.6.5.C,PCI SAQ D-SP 3 3 Controls,0,0,0,,,,,framework_catalog_only,,
pcisaqdsp,3.6.6,pcisaqdsp 3.6.6,PCI SAQ D-SP 3 3 Controls,0,0,0,,,,,framework_catalog_only,,
pcisaqdsp,3.6.7,pcisaqdsp 3.6.7,PCI SAQ D-SP 3 3 Controls,0,0,0,,,,,framework_catalog_only,,
pcisaqdsp,3.6.8,pcisaqdsp 3.6.8,PCI SAQ D-SP 3 3 Controls,0,0,0,,,,,framework_catalog_only,,
pcisaqdsp,3.6.A,pcisaqdsp 3.6.A,PCI SAQ D-SP 3 3 Controls,0,0,0,,,,,framework_catalog_only,,
pcisaqdsp,3.6.B,pcisaqdsp 3.6.B,PCI SAQ D-SP 3 3 Controls,0,0,0,,,,,framework_catalog_only,,
pcisaqdsp,3.7,pcisaqdsp 3.7,PCI SAQ D-SP 3 3 Controls,0,0,0,,,,,framework_catalog_only,,
pcisaqdsp,4.1.1,pcisaqdsp 4.1.1,PCI SAQ D-SP 4 4 Controls,0,0,0,,,,,framework_catalog_only,,
pcisaqdsp,4.1.A,pcisaqdsp 4.1.A,PCI SAQ D-SP 4 4 Controls,0,0,0,,,,,framework_catalog_only,,
pcisaqdsp,4.1.B,pcisaqdsp 4.1.B,PCI SAQ D-SP 4 4 Controls,0,0,0,,,,,framework_catalog_only,,
pcisaqdsp,4.1.C,pcisaqdsp 4.1.C,PCI SAQ D-SP 4 4 Controls,0,0,0,,,,,framework_catalog_only,,
pcisaqdsp,4.1.D,pcisaqdsp 4.1.D,PCI SAQ D-SP 4 4 Controls,0,0,0,,,,,framework_catalog_only,,
pcisaqdsp,4.1.E,pcisaqdsp 4.1.E,PCI SAQ D-SP 4 4 Controls,0,0,0,,,,,framework_catalog_only,,
pcisaqdsp,4.2.A,pcisaqdsp 4.2.A,PCI SAQ D-SP 4 4 Controls,0,0,0,,,,,framework_catalog_only,,
pcisaqdsp,4.2.B,pcisaqdsp 4.2.B,PCI SAQ D-SP 4 4 Controls,0,0,0,,,,,framework_catalog_only,,
pcisaqdsp,4.3,pcisaqdsp 4.3,PCI SAQ D-SP 4 4 Controls,0,0,0,,,,,framework_catalog_only,,
pcisaqdsp,5.1,pcisaqdsp 5.1,PCI SAQ D-SP 5 5 Controls,0,0,0,,,,,framework_catalog_only,,
pcisaqdsp,5.1.1,pcisaqdsp 5.1.1,PCI SAQ D-SP 5 5 Controls,0,0,0,,,,,framework_catalog_only,,
pcisaqdsp,5.1.2,pcisaqdsp 5.1.2,PCI SAQ D-SP 5 5 Controls,0,0,0,,,,,framework_catalog_only,,
pcisaqdsp,5.2.A,pcisaqdsp 5.2.A,PCI SAQ D-SP 5 5 Controls,0,0,0,,,,,framework_catalog_only,,
pcisaqdsp,5.2.B,pcisaqdsp 5.2.B,PCI SAQ D-SP 5 5 Controls,0,0,0,,,,,framework_catalog_only,,
pcisaqdsp,5.2.C,pcisaqdsp 5.2.C,PCI SAQ D-SP 5 5 Controls,0,0,0,,,,,framework_catalog_only,,
pcisaqdsp,5.3,pcisaqdsp 5.3,PCI SAQ D-SP 5 5 Controls,0,0,0,,,,,framework_catalog_only,,
pcisaqdsp,5.4,pcisaqdsp 5.4,PCI SAQ D-SP 5 5 Controls,0,0,0,,,,,framework_catalog_only,,
pcisaqdsp,6.1,pcisaqdsp 6.1,PCI SAQ D-SP 6 6 Controls,0,0,0,,,,,framework_catalog_only,,
pcisaqdsp,6.2.A,pcisaqdsp 6.2.A,PCI SAQ D-SP 6 6 Controls,0,0,0,,,,,framework_catalog_only,,
pcisaqdsp,6.2.B,pcisaqdsp 6.2.B,PCI SAQ D-SP 6 6 Controls,0,0,0,,,,,framework_catalog_only,,
pcisaqdsp,6.3.1,pcisaqdsp 6.3.1,PCI SAQ D-SP 6 6 Controls,0,0,0,,,,,framework_catalog_only,,
pcisaqdsp,6.3.2,pcisaqdsp 6.3.2,PCI SAQ D-SP 6 6 Controls,0,0,0,,,,,framework_catalog_only,,
pcisaqdsp,6.3.A,pcisaqdsp 6.3.A,PCI SAQ D-SP 6 6 Controls,0,0,0,,,,,framework_catalog_only,,
pcisaqdsp,6.3.B,pcisaqdsp 6.3.B,PCI SAQ D-SP 6 6 Controls,0,0,0,,,,,framework_catalog_only,,
pcisaqdsp,6.3.C,pcisaqdsp 6.3.C,PCI SAQ D-SP 6 6 Controls,0,0,0,,,,,framework_catalog_only,,
pcisaqdsp,6.4.1.A,pcisaqdsp 6.4.1.A,PCI SAQ D-SP 6 6 Controls,0,0,0,,,,,framework_catalog_only,,
pcisaqdsp,6.4.1.B,pcisaqdsp 6.4.1.B,PCI SAQ D-SP 6 6 Controls,0,0,0,,,,,framework_catalog_only,,
pcisaqdsp,6.4.2,pcisaqdsp 6.4.2,PCI SAQ D-SP 6 6 Controls,0,0,0,,,,,framework_catalog_only,,
pcisaqdsp,6.4.3,pcisaqdsp 6.4.3,PCI SAQ D-SP 6 6 Controls,0,0,0,,,,,framework_catalog_only,,
pcisaqdsp,6.4.4,pcisaqdsp 6.4.4,PCI SAQ D-SP 6 6 Controls,0,0,0,,,,,framework_catalog_only,,
pcisaqdsp,6.4.5.1,pcisaqdsp 6.4.5.1,PCI SAQ D-SP 6 6 Controls,0,0,0,,,,,framework_catalog_only,,
pcisaqdsp,6.4.5.2,pcisaqdsp 6.4.5.2,PCI SAQ D-SP 6 6 Controls,0,0,0,,,,,framework_catalog_only,,
pcisaqdsp,6.4.5.3.A,pcisaqdsp 6.4.5.3.A,PCI SAQ D-SP 6 6 Controls,0,0,0,,,,,framework_catalog_only,,
pcisaqdsp,6.4.5.3.B,pcisaqdsp 6.4.5.3.B,PCI SAQ D-SP 6 6 Controls,0,0,0,,,,,framework_catalog_only,,
pcisaqdsp,6.4.5.4,pcisaqdsp 6.4.5.4,PCI SAQ D-SP 6 6 Controls,0,0,0,,,,,framework_catalog_only,,
pcisaqdsp,6.4.5.A,pcisaqdsp 6.4.5.A,PCI SAQ D-SP 6 6 Controls,0,0,0,,,,,framework_catalog_only,,
pcisaqdsp,6.4.6,pcisaqdsp 6.4.6,PCI SAQ D-SP 6 6 Controls,0,0,0,,,,,framework_catalog_only,,
pcisaqdsp,6.5.1,pcisaqdsp 6.5.1,PCI SAQ D-SP 6 6 Controls,0,0,0,,,,,framework_catalog_only,,
pcisaqdsp,6.5.10,pcisaqdsp 6.5.10,PCI SAQ D-SP 6 6 Controls,0,0,0,,,,,framework_catalog_only,,
pcisaqdsp,6.5.2,pcisaqdsp 6.5.2,PCI SAQ D-SP 6 6 Controls,0,0,0,,,,,framework_catalog_only,,
pcisaqdsp,6.5.3,pcisaqdsp 6.5.3,PCI SAQ D-SP 6 6 Controls,0,0,0,,,,,framework_catalog_only,,
pcisaqdsp,6.5.4,pcisaqdsp 6.5.4,PCI SAQ D-SP 6 6 Controls,0,0,0,,,,,framework_catalog_only,,
pcisaqdsp,6.5.5,pcisaqdsp 6.5.5,PCI SAQ D-SP 6 6 Controls,0,0,0,,,,,framework_catalog_only,,
pcisaqdsp,6.5.6,pcisaqdsp 6.5.6,PCI SAQ D-SP 6 6 Controls,0,0,0,,,,,framework_catalog_only,,
pcisaqdsp,6.5.7,pcisaqdsp 6.5.7,PCI SAQ D-SP 6 6 Controls,0,0,0,,,,,framework_catalog_only,,
pcisaqdsp,6.5.8,pcisaqdsp 6.5.8,PCI SAQ D-SP 6 6 Controls,0,0,0,,,,,framework_catalog_only,,
pcisaqdsp,6.5.9,pcisaqdsp 6.5.9,PCI SAQ D-SP 6 6 Controls,0,0,0,,,,,framework_catalog_only,,
pcisaqdsp,6.5.A,pcisaqdsp 6.5.A,PCI SAQ D-SP 6 6 Controls,0,0,0,,,,,framework_catalog_only,,
pcisaqdsp,6.5.B,pcisaqdsp 6.5.B,PCI SAQ D-SP 6 6 Controls,0,0,0,,,,,framework_catalog_only,,
pcisaqdsp,6.6,pcisaqdsp 6.6,PCI SAQ D-SP 6 6 Controls,0,0,0,,,,,framework_catalog_only,,
pcisaqdsp,6.7,pcisaqdsp 6.7,PCI SAQ D-SP 6 6 Controls,0,0,0,,,,,framework_catalog_only,,
pcisaqdsp,7.1,pcisaqdsp 7.1,PCI SAQ D-SP 7 7 Controls,0,0,0,,,,,framework_catalog_only,,
pcisaqdsp,7.1.1,pcisaqdsp 7.1.1,PCI SAQ D-SP 7 7 Controls,0,0,0,,,,,framework_catalog_only,,
pcisaqdsp,7.1.2,pcisaqdsp 7.1.2,PCI SAQ D-SP 7 7 Controls,0,0,0,,,,,framework_catalog_only,,
pcisaqdsp,7.1.3,pcisaqdsp 7.1.3,PCI SAQ D-SP 7 7 Controls,0,0,0,,,,,framework_catalog_only,,
pcisaqdsp,7.1.4,pcisaqdsp 7.1.4,PCI SAQ D-SP 7 7 Controls,0,0,0,,,,,framework_catalog_only,,
pcisaqdsp,7.2.1,pcisaqdsp 7.2.1,PCI SAQ D-SP 7 7 Controls,0,0,0,,,,,framework_catalog_only,,
pcisaqdsp,7.2.2,pcisaqdsp 7.2.2,PCI SAQ D-SP 7 7 Controls,0,0,0,,,,,framework_catalog_only,,
pcisaqdsp,7.2.3,pcisaqdsp 7.2.3,PCI SAQ D-SP 7 7 Controls,0,0,0,,,,,framework_catalog_only,,
pcisaqdsp,7.3,pcisaqdsp 7.3,PCI SAQ D-SP 7 7 Controls,0,0,0,,,,,framework_catalog_only,,
pcisaqdsp,8.1.1,pcisaqdsp 8.1.1,PCI SAQ D-SP 8 8 Controls,0,0,0,,,,,framework_catalog_only,,
pcisaqdsp,8.1.2,pcisaqdsp 8.1.2,PCI SAQ D-SP 8 8 Controls,0,0,0,,,,,framework_catalog_only,,
pcisaqdsp,8.1.3,pcisaqdsp 8.1.3,PCI SAQ D-SP 8 8 Controls,0,0,0,,,,,framework_catalog_only,,
pcisaqdsp,8.1.4,pcisaqdsp 8.1.4,PCI SAQ D-SP 8 8 Controls,0,0,0,,,,,framework_catalog_only,,
pcisaqdsp,8.1.5.A,pcisaqdsp 8.1.5.A,PCI SAQ D-SP 8 8 Controls,0,0,0,,,,,framework_catalog_only,,
pcisaqdsp,8.1.5.B,pcisaqdsp 8.1.5.B,PCI SAQ D-SP 8 8 Controls,0,0,0,,,,,framework_catalog_only,,
pcisaqdsp,8.1.6.A,pcisaqdsp 8.1.6.A,PCI SAQ D-SP 8 8 Controls,0,0,0,,,,,framework_catalog_only,,
pcisaqdsp,8.1.6.B,pcisaqdsp 8.1.6.B,PCI SAQ D-SP 8 8 Controls,0,0,0,,,,,framework_catalog_only,,
pcisaqdsp,8.1.7,pcisaqdsp 8.1.7,PCI SAQ D-SP 8 8 Controls,0,0,0,,,,,framework_catalog_only,,
pcisaqdsp,8.1.8,pcisaqdsp 8.1.8,PCI SAQ D-SP 8 8 Controls,0,0,0,,,,,framework_catalog_only,,
pcisaqdsp,8.2,pcisaqdsp 8.2,PCI SAQ D-SP 8 8 Controls,0,0,0,,,,,framework_catalog_only,,
pcisaqdsp,8.2.1.A,pcisaqdsp 8.2.1.A,PCI SAQ D-SP 8 8 Controls,0,0,0,,,,,framework_catalog_only,,
pcisaqdsp,8.2.1.B,pcisaqdsp 8.2.1.B,PCI SAQ D-SP 8 8 Controls,0,0,0,,,,,framework_catalog_only,,
pcisaqdsp,8.2.2,pcisaqdsp 8.2.2,PCI SAQ D-SP 8 8 Controls,0,0,0,,,,,framework_catalog_only,,
pcisaqdsp,8.2.3.A,pcisaqdsp 8.2.3.A,PCI SAQ D-SP 8 8 Controls,0,0,0,,,,,framework_catalog_only,,
pcisaqdsp,8.2.3.B,pcisaqdsp 8.2.3.B,PCI SAQ D-SP 8 8 Controls,0,0,0,,,,,framework_catalog_only,,
pcisaqdsp,8.2.4.A,pcisaqdsp 8.2.4.A,PCI SAQ D-SP 8 8 Controls,0,0,0,,,,,framework_catalog_only,,
pcisaqdsp,8.2.4.B,pcisaqdsp 8.2.4.B,PCI SAQ D-SP 8 8 Controls,0,0,0,,,,,framework_catalog_only,,
pcisaqdsp,8.2.5.A,pcisaqdsp 8.2.5.A,PCI SAQ D-SP 8 8 Controls,0,0,0,,,,,framework_catalog_only,,
pcisaqdsp,8.2.5.B,pcisaqdsp 8.2.5.B,PCI SAQ D-SP 8 8 Controls,0,0,0,,,,,framework_catalog_only,,
pcisaqdsp,8.2.6,pcisaqdsp 8.2.6,PCI SAQ D-SP 8 8 Controls,0,0,0,,,,,framework_catalog_only,,
pcisaqdsp,8.3.1,pcisaqdsp 8.3.1,PCI SAQ D-SP 8 8 Controls,0,0,0,,,,,framework_catalog_only,,
pcisaqdsp,8.3.2,pcisaqdsp 8.3.2,PCI SAQ D-SP 8 8 Controls,0,0,0,,,,,framework_catalog_only,,
pcisaqdsp,8.4.A,pcisaqdsp 8.4.A,PCI SAQ D-SP 8 8 Controls,0,0,0,,,,,framework_catalog_only,,
pcisaqdsp,8.4.B,pcisaqdsp 8.4.B,PCI SAQ D-SP 8 8 Controls,0,0,0,,,,,framework_catalog_only,,
pcisaqdsp,8.5,pcisaqdsp 8.5,PCI SAQ D-SP 8 8 Controls,0,0,0,,,,,framework_catalog_only,,
pcisaqdsp,8.5.1,pcisaqdsp 8.5.1,PCI SAQ D-SP 8 8 Controls,0,0,0,,,,,framework_catalog_only,,
pcisaqdsp,8.6,pcisaqdsp 8.6,PCI SAQ D-SP 8 8 Controls,0,0,0,,,,,framework_catalog_only,,
pcisaqdsp,8.7.A,pcisaqdsp 8.7.A,PCI SAQ D-SP 8 8 Controls,0,0,0,,,,,framework_catalog_only,,
pcisaqdsp,8.7.B,pcisaqdsp 8.7.B,PCI SAQ D-SP 8 8 Controls,0,0,0,,,,,framework_catalog_only,,
pcisaqdsp,8.7.C,pcisaqdsp 8.7.C,PCI SAQ D-SP 8 8 Controls,0,0,0,,,,,framework_catalog_only,,
pcisaqdsp,8.8,pcisaqdsp 8.8,PCI SAQ D-SP 8 8 Controls,0,0,0,,,,,framework_catalog_only,,
pcisaqdsp,9.1,pcisaqdsp 9.1,PCI SAQ D-SP 9 9 Controls,0,0,0,,,,,framework_catalog_only,,
pcisaqdsp,9.1.1.A,pcisaqdsp 9.1.1.A,PCI SAQ D-SP 9 9 Controls,0,0,0,,,,,framework_catalog_only,,
pcisaqdsp,9.1.1.B,pcisaqdsp 9.1.1.B,PCI SAQ D-SP 9 9 Controls,0,0,0,,,,,framework_catalog_only,,
pcisaqdsp,9.1.1.C,pcisaqdsp 9.1.1.C,PCI SAQ D-SP 9 9 Controls,0,0,0,,,,,framework_catalog_only,,
pcisaqdsp,9.1.1.D,pcisaqdsp 9.1.1.D,PCI SAQ D-SP 9 9 Controls,0,0,0,,,,,framework_catalog_only,,
pcisaqdsp,9.1.2,pcisaqdsp 9.1.2,PCI SAQ D-SP 9 9 Controls,0,0,0,,,,,framework_catalog_only,,
pcisaqdsp,9.1.3,pcisaqdsp 9.1.3,PCI SAQ D-SP 9 9 Controls,0,0,0,,,,,framework_catalog_only,,
pcisaqdsp,9.10,pcisaqdsp 9.10,PCI SAQ D-SP 9 9 Controls,0,0,0,,,,,framework_catalog_only,,
pcisaqdsp,9.2.A,pcisaqdsp 9.2.A,PCI SAQ D-SP 9 9 Controls,0,0,0,,,,,framework_catalog_only,,
pcisaqdsp,9.2.B,pcisaqdsp 9.2.B,PCI SAQ D-SP 9 9 Controls,0,0,0,,,,,framework_catalog_only,,
pcisaqdsp,9.2.C,pcisaqdsp 9.2.C,PCI SAQ D-SP 9 9 Controls,0,0,0,,,,,framework_catalog_only,,
pcisaqdsp,9.3,pcisaqdsp 9.3,PCI SAQ D-SP 9 9 Controls,0,0,0,,,,,framework_catalog_only,,
pcisaqdsp,9.4.1,pcisaqdsp 9.4.1,PCI SAQ D-SP 9 9 Controls,0,0,0,,,,,framework_catalog_only,,
pcisaqdsp,9.4.2.A,pcisaqdsp 9.4.2.A,PCI SAQ D-SP 9 9 Controls,0,0,0,,,,,framework_catalog_only,,
pcisaqdsp,9.4.2.B,pcisaqdsp 9.4.2.B,PCI SAQ D-SP 9 9 Controls,0,0,0,,,,,framework_catalog_only,,
pcisaqdsp,9.4.3,pcisaqdsp 9.4.3,PCI SAQ D-SP 9 9 Controls,0,0,0,,,,,framework_catalog_only,,
pcisaqdsp,9.4.4.A,pcisaqdsp 9.4.4.A,PCI SAQ D-SP 9 9 Controls,0,0,0,,,,,framework_catalog_only,,
pcisaqdsp,9.4.4.B,pcisaqdsp 9.4.4.B,PCI SAQ D-SP 9 9 Controls,0,0,0,,,,,framework_catalog_only,,
pcisaqdsp,9.4.4.C,pcisaqdsp 9.4.4.C,PCI SAQ D-SP 9 9 Controls,0,0,0,,,,,framework_catalog_only,,
pcisaqdsp,9.5,pcisaqdsp 9.5,PCI SAQ D-SP 9 9 Controls,0,0,0,,,,,framework_catalog_only,,
pcisaqdsp,9.5.1,pcisaqdsp 9.5.1,PCI SAQ D-SP 9 9 Controls,0,0,0,,,,,framework_catalog_only,,
pcisaqdsp,9.6.1,pcisaqdsp 9.6.1,PCI SAQ D-SP 9 9 Controls,0,0,0,,,,,framework_catalog_only,,
pcisaqdsp,9.6.2,pcisaqdsp 9.6.2,PCI SAQ D-SP 9 9 Controls,0,0,0,,,,,framework_catalog_only,,
pcisaqdsp,9.6.3,pcisaqdsp 9.6.3,PCI SAQ D-SP 9 9 Controls,0,0,0,,,,,framework_catalog_only,,
pcisaqdsp,9.6.A,pcisaqdsp 9.6.A,PCI SAQ D-SP 9 9 Controls,0,0,0,,,,,framework_catalog_only,,
pcisaqdsp,9.7,pcisaqdsp 9.7,PCI SAQ D-SP 9 9 Controls,0,0,0,,,,,framework_catalog_only,,
pcisaqdsp,9.7.1.A,pcisaqdsp 9.7.1.A,PCI SAQ D-SP 9 9 Controls,0,0,0,,,,,framework_catalog_only,,
pcisaqdsp,9.7.1.B,pcisaqdsp 9.7.1.B,PCI SAQ D-SP 9 9 Controls,0,0,0,,,,,framework_catalog_only,,
pcisaqdsp,9.8.1.A,pcisaqdsp 9.8.1.A,PCI SAQ D-SP 9 9 Controls,0,0,0,,,,,framework_catalog_only,,
pcisaqdsp,9.8.1.B,pcisaqdsp 9.8.1.B,PCI SAQ D-SP 9 9 Controls,0,0,0,,,,,framework_catalog_only,,
pcisaqdsp,9.8.2,pcisaqdsp 9.8.2,PCI SAQ D-SP 9 9 Controls,0,0,0,,,,,framework_catalog_only,,
pcisaqdsp,9.8.A,pcisaqdsp 9.8.A,PCI SAQ D-SP 9 9 Controls,0,0,0,,,,,framework_catalog_only,,
pcisaqdsp,9.8.B,pcisaqdsp 9.8.B,PCI SAQ D-SP 9 9 Controls,0,0,0,,,,,framework_catalog_only,,
pcisaqdsp,9.9.1.A,pcisaqdsp 9.9.1.A,PCI SAQ D-SP 9 9 Controls,0,0,0,,,,,framework_catalog_only,,
pcisaqdsp,9.9.1.B,pcisaqdsp 9.9.1.B,PCI SAQ D-SP 9 9 Controls,0,0,0,,,,,framework_catalog_only,,
pcisaqdsp,9.9.1.C,pcisaqdsp 9.9.1.C,PCI SAQ D-SP 9 9 Controls,0,0,0,,,,,framework_catalog_only,,
pcisaqdsp,9.9.2.A,pcisaqdsp 9.9.2.A,PCI SAQ D-SP 9 9 Controls,0,0,0,,,,,framework_catalog_only,,
pcisaqdsp,9.9.2.B,pcisaqdsp 9.9.2.B,PCI SAQ D-SP 9 9 Controls,0,0,0,,,,,framework_catalog_only,,
pcisaqdsp,9.9.3.A,pcisaqdsp 9.9.3.A,PCI SAQ D-SP 9 9 Controls,0,0,0,,,,,framework_catalog_only,,
pcisaqdsp,9.9.3.B,pcisaqdsp 9.9.3.B,PCI SAQ D-SP 9 9 Controls,0,0,0,,,,,framework_catalog_only,,
pcisaqdsp,9.9.A,pcisaqdsp 9.9.A,PCI SAQ D-SP 9 9 Controls,0,0,0,,,,,framework_catalog_only,,
pcisaqdsp,9.9.B,pcisaqdsp 9.9.B,PCI SAQ D-SP 9 9 Controls,0,0,0,,,,,framework_catalog_only,,
pcisaqdsp,9.9.C,pcisaqdsp 9.9.C,PCI SAQ D-SP 9 9 Controls,0,0,0,,,,,framework_catalog_only,,
pcisaqdsp,SD-SAQD(SERVICEPROVIDER),pcisaqdsp SD-SAQD(SERVICEPROVIDER),PCI SAQ D-SP Appendix Appendix Controls,0,0,0,,,,,framework_catalog_only,,
soc2,A1.1,soc2 A1.1,SOC 2 A1 Availability,26,0,0,,,,,direct_control_only,aws-cloudwatch-log-group-retention; aws-dynamodb-pitr; aws-logs-retention-365; aws-rds-backup-enabled; aws-rds-deletion-protection; aws-rds-multi-az-enabled; aws-s3-bucket-versioning-enabled; backup-encryption; backup-offsite; backup-retention; backup-rpo-compliance; backup-testing; cert-expiry-30-days; compliance-bcdr-plan-exists; db-backup-enabled; db-multi-az; gcp-gke-auto-repair; gcp-sql-backup-enabled; k8s-deployment-multiple-replicas; k8s-pod-liveness-probe-required; k8s-pod-readiness-probe-required; k8s-pod-resource-limits; pci-audit-retention; resolution-time-breach; uptime-breach-enterprise; ... 1 more,
soc2,A1.2,soc2 A1.2,SOC 2 A1 Availability,13,0,0,,,,,direct_control_only,aws-rds-backup-enabled; aws-rds-deletion-protection; aws-rds-multi-az-enabled; aws-s3-bucket-versioning-enabled; aws-s3-cross-region-replication; bucket-sensitive-no-lock; compliance-bcdr-plan-exists; gcp-sql-backup-enabled; k8s-deployment-multiple-replicas; k8s-pod-liveness-probe-required; k8s-pod-readiness-probe-required; k8s-pod-resource-limits; uptime-breach-enterprise,
soc2,A1.3,soc2 A1.3,SOC 2 A1 Availability,22,0,0,,,,,direct_control_only,aws-cloudwatch-log-group-retention; aws-dynamodb-pitr; aws-logs-retention-365; aws-rds-backup-enabled; aws-rds-deletion-protection; aws-rds-multi-az-enabled; aws-s3-bucket-versioning-enabled; backup-encryption; backup-offsite; backup-retention; backup-rpo-compliance; backup-testing; cert-expiry-30-days; compliance-bcdr-plan-exists; db-backup-enabled; db-multi-az; gcp-sql-backup-enabled; k8s-deployment-multiple-replicas; k8s-pod-liveness-probe-required; k8s-pod-readiness-probe-required; k8s-pod-resource-limits; pci-audit-retention,
soc2,C1.1,soc2 C1.1,SOC 2 C1 Confidentiality,67,12,12,aws/kms_key [supported]; aws/s3_bucket [supported],,,,direct_source_backed,admin-inactive-keys; admin-keys-unrotated; admin-keys-year-unrotated; aws-ec2-instance-profile-attached; aws-ecs-secrets-in-env-vars; aws-iam-access-key-rotation; aws-iam-root-no-access-keys; aws-iam-user-console-inactive; aws-iam-user-multiple-access-keys; aws-iam-user-unused-credentials; aws-lambda-secrets-in-env-vars; aws-s3-bucket-cleartext-key; aws-secretsmanager-secret-used; azure-storage-secrets-artifact; backup-encryption; bucket-cleartext-admin-keys; bucket-cleartext-keys-data; bucket-keys-excessive-access; bucket-public-sensitive; cert-weak-key; cert-weak-signature; container-cleartext-cloud-keys; container-cross-account-keys; container-image-cleartext-keys; data-access-keys-unrotated; ... 42 more,aws-ec2-instance-profile-attached; aws-ecs-secrets-in-env-vars; aws-iam-access-key-rotation; aws-iam-root-no-access-keys; aws-iam-user-console-inactive; aws-iam-user-multiple-access-keys; aws-iam-user-unused-credentials; aws-lambda-secrets-in-env-vars; aws-s3-bucket-cleartext-key; aws-secretsmanager-secret-used; container-cleartext-cloud-keys; gcp-kms-public
soc2,C1.2,soc2 C1.2,SOC 2 C1 Confidentiality,0,0,0,,,,,framework_catalog_only,,
soc2,CC1.1,soc2 CC1.1,SOC 2 CC1 Control Environment,0,0,0,,,,,framework_catalog_only,,
soc2,CC1.2,soc2 CC1.2,SOC 2 CC1 Control Environment,2,2,2,,,,,direct_source_backed,grc-control-missing-evidence-coverage; grc-control-test-needs-attention,grc-control-missing-evidence-coverage; grc-control-test-needs-attention
soc2,CC1.3,soc2 CC1.3,SOC 2 CC1 Control Environment,0,0,0,,,,,framework_catalog_only,,
soc2,CC1.4,soc2 CC1.4,SOC 2 CC1 Control Environment,5,0,0,,,,,direct_control_only,ai-bias-testing; ai-explainability; backstage-critical-component-missing-owner; compliance-background-checks; compliance-security-training,
soc2,CC1.5,soc2 CC1.5,SOC 2 CC1 Control Environment,1,0,0,,,,,direct_control_only,compliance-background-checks,
soc2,CC2.1,soc2 CC2.1,SOC 2 CC2 Communication and Information,0,0,0,,,,,framework_catalog_only,,
soc2,CC2.2,soc2 CC2.2,SOC 2 CC2 Communication and Information,1,0,0,,,,,direct_control_only,grc-document-needs-owner-or-upload,
soc2,CC2.3,soc2 CC2.3,SOC 2 CC2 Communication and Information,0,0,0,,,,,framework_catalog_only,,
soc2,CC3.1,soc2 CC3.1,SOC 2 CC3 Risk Assessment,1,0,0,,,,,direct_control_only,compliance-risk-assessment-annual,
soc2,CC3.2,soc2 CC3.2,SOC 2 CC3 Risk Assessment,32,0,0,,,,,direct_control_only,ai-agent-human-approval-destructive-actions; ai-agent-secret-redaction; ai-agent-tool-allowlist-required; ai-data-retention-reviewed; ai-embedding-store-encrypted; ai-foundation-model-safety-card-required; ai-genai-secure-development-review; ai-high-risk-use-case-registered; ai-model-evaluation-before-release; ai-model-incident-runbook; ai-model-monitoring-drift-threshold; ai-model-rate-limit-cost-guardrail; ai-model-supply-chain-attestation; ai-prompt-injection-test-coverage; ai-rag-source-citation-required; ai-rag-vector-index-access-control; ai-risk-assessment; ai-sensitive-output-filtering; ai-system-owner-assigned; ai-third-party-model-risk-review; ai-training-data-provenance; aws-bedrock-agent-action-group-approval-required; aws-bedrock-guardrail-content-filter-enabled; aws-bedrock-knowledge-base-encrypted; aws-bedrock-model-invocation-logging-enabled; ... 7 more,
soc2,CC3.3,soc2 CC3.3,SOC 2 CC3 Risk Assessment,0,0,0,,,,,framework_catalog_only,,
soc2,CC3.4,soc2 CC3.4,SOC 2 CC3 Risk Assessment,0,0,0,,,,,framework_catalog_only,,
soc2,CC4,soc2 CC4,SOC 2 CC4 Monitoring Activities,30,0,0,,,,,direct_control_only,aws-cloudtrail-enabled; aws-cloudwatch-alarm-missing; aws-cloudwatch-log-group-encrypted; aws-cloudwatch-log-group-retention; aws-codebuild-public-logs; aws-config-enabled-all-regions; aws-ec2-detailed-monitoring-enabled; aws-eks-control-plane-logging; aws-logs-retention-365; aws-rds-logging-enabled; aws-s3-bucket-logging-enabled; aws-vpc-flow-logs-enabled; azure-keyvault-logging; azure-sql-auditing-enabled; db-audit-logging; endpoint-malware-detection; endpoint-sentinelone-active; gcp-audit-logging-enabled; gcp-log-sink-access; gcp-logging-disabled; github-repo-secrets-exposure; ml-model-registry-no-versioning; network-ids-coverage; pci-audit-retention; pci-audit-trail-enabled; ... 5 more,
soc2,CC4.1,soc2 CC4.1,SOC 2 CC4 Monitoring Activities,2,0,0,,,,,direct_control_only,aws-cloudtrail-s3-data-events; security-tooling-map-control-coverage-gap,
soc2,CC4.2,soc2 CC4.2,SOC 2 CC4 Monitoring Activities,0,0,0,,,,,framework_catalog_only,,
soc2,CC5.1,soc2 CC5.1,SOC 2 CC5 Control Activities,0,0,0,,,,,framework_catalog_only,,
soc2,CC5.2,soc2 CC5.2,SOC 2 CC5 Control Activities,1,0,0,,,,,direct_control_only,same-user-approve-execute,
soc2,CC5.3,soc2 CC5.3,SOC 2 CC5 Control Activities,1,0,0,,,,,direct_control_only,same-user-approve-execute,
soc2,CC6,soc2 CC6,SOC 2 CC6 Logical and Physical Access,0,0,0,,,,,framework_catalog_only,,
soc2,CC6.1,soc2 CC6.1,SOC 2 CC6 Logical and Physical Access,871,676,676,aws/effective_permission [supported]; aws/iam_credential_report [supported]; aws/iam_policy [supported]; aws/iam_role_trust [supported]; aws/secret [supported]; github/fine_grained_permissions [partial]; okta/admin_roles [partial]; okta/authenticators [supported]; okta/policy_rules [supported]; okta/users [supported],SOC 2/access-authorization,SOC 2 CC6.2 [sibling_scope/review_hint]; SOC 2 CC6.3 [sibling_scope/review_hint],,direct_source_backed,admin-inactive-keys; admin-keys-unrotated; admin-keys-year-unrotated; ai-data-governance; ai-model-inventory; anthropic-unmanaged-active-api-key; api-admin-function-public; api-cors-wildcard-credentials; api-deprecated-version-public; api-endpoint-no-authentication; api-inventory-owner-missing; api-mtls-required-missing-sensitive-service; api-object-level-authorization-missing; api-rate-limit-missing; api-refresh-token-rotation-disabled; api-schema-validation-missing; api-sensitive-response-field-exposed; api-shadow-endpoint-detected; api-third-party-timeout-missing; api-third-party-tls-validation-disabled; api-token-ttl-too-long; aws-access-analyzer-unused-access-finding; aws-account-alternate-contact-security; aws-account-security-contact-configured; aws-api-gateway-no-authorization; ... 846 more,admin-inactive-keys; admin-keys-unrotated; admin-keys-year-unrotated; anthropic-unmanaged-active-api-key; aws-access-analyzer-unused-access-finding; aws-account-alternate-contact-security; aws-account-security-contact-configured; aws-api-gateway-no-authorization; aws-backup-vault-encrypted; aws-backup-vault-locked; aws-cloudformation-stack-drift-detected; aws-cloudformation-stack-termination-protection; aws-cloudfront-origin-access-control-required; aws-cloudfront-response-headers-policy-security; aws-cloudfront-waf-enabled; aws-cloudtrail-kms-encryption; aws-cloudtrail-log-integrity; aws-default-sg-no-rules; aws-ec2-iam-instance-profile; aws-ec2-instance-profile-attached; aws-ec2-public-ports-restricted; aws-ecs-ports-restricted; aws-ecs-secrets-in-env-vars; aws-ecs-service-public-ip-disabled; aws-ecs-ssh-denied; ... 651 more
soc2,CC6.2,soc2 CC6.2,SOC 2 CC6 Logical and Physical Access,253,141,141,aws/effective_permission [supported]; aws/iam_policy [supported]; aws/iam_role_assignment [supported]; github/fine_grained_permissions [partial]; okta/admin_roles [partial]; okta/group_memberships [supported]; okta/users [supported],SOC 2/access-authorization,,SOC 2 CC6.1 [sibling_scope/review_hint],direct_source_backed,account-lateral-dormant; admin-inactive-keys; admin-keys-unrotated; admin-keys-year-unrotated; ai-agent-lambda-data-access; ai-model-excessive-agency; ai-model-third-party-access; aws-apigateway-public; aws-bedrock-custom-model-public; aws-codebuild-privileged-mode; aws-codebuild-public-logs; aws-ec2-ami-not-public; aws-ec2-ebs-snapshot-not-public; aws-ec2-instance-profile-attached; aws-ec2-internet-facing-iam; aws-ecr-public-repository; aws-eks-public-endpoint-disabled; aws-iam-access-key-rotation; aws-iam-no-full-admin; aws-iam-no-policies-attached-user; aws-iam-password-policy; aws-iam-policy-no-admin-star; aws-iam-role-confused-deputy-prevention; aws-iam-role-cross-account-admin; aws-iam-role-trust-any-principal; ... 228 more,account-lateral-dormant; admin-inactive-keys; admin-keys-unrotated; admin-keys-year-unrotated; aws-apigateway-public; aws-bedrock-custom-model-public; aws-codebuild-privileged-mode; aws-codebuild-public-logs; aws-ec2-ami-not-public; aws-ec2-ebs-snapshot-not-public; aws-ec2-instance-profile-attached; aws-ec2-internet-facing-iam; aws-ecr-public-repository; aws-eks-public-endpoint-disabled; aws-iam-access-key-rotation; aws-iam-no-full-admin; aws-iam-no-policies-attached-user; aws-iam-password-policy; aws-iam-policy-no-admin-star; aws-iam-role-confused-deputy-prevention; aws-iam-role-cross-account-admin; aws-iam-role-trust-any-principal; aws-iam-role-wildcard-trust; aws-iam-root-mfa-enabled; aws-iam-root-no-access-keys; ... 116 more
soc2,CC6.3,soc2 CC6.3,SOC 2 CC6 Logical and Physical Access,28,1,1,,SOC 2/access-authorization,,SOC 2 CC6.1 [sibling_scope/review_hint],direct_source_backed,aws-iam-access-analyzer-enabled; aws-iam-users-via-groups; github-org-owner-role-review-needed; identity-account-deprovision; identity-break-glass-account-review; identity-conditional-access-high-risk-signin; identity-cyberark-deprovision; identity-duo-deprovision; identity-forgerock-deprovision; identity-github-deprovision; identity-idp-risky-user-unresolved; identity-jumpcloud-deprovision; identity-offboarding-sla; identity-office365-deprovision; identity-oracle-idcs-deprovision; identity-passkey-enrollment-admins; identity-phishing-resistant-mfa-admins; identity-pingidentity-deprovision; identity-privileged-access-review-overdue; identity-sailpoint-deprovision; identity-saviynt-deprovision; identity-scim-deprovisioning-disabled; identity-service-account-owner-missing; identity-session-lifetime-too-long-admin; identity-slack-deprovision; ... 3 more,aws-iam-access-analyzer-enabled
soc2,CC6.4,soc2 CC6.4,SOC 2 CC6 Logical and Physical Access,0,0,0,,,,,framework_catalog_only,,
soc2,CC6.5,soc2 CC6.5,SOC 2 CC6 Logical and Physical Access,0,0,0,,,,,framework_catalog_only,,
soc2,CC6.6,soc2 CC6.6,SOC 2 CC6 Logical and Physical Access,213,54,54,aws/iam_role_trust [supported]; aws/public_endpoint [supported]; aws/resource_exposure [supported]; aws/s3_bucket [supported]; aws/security_group [supported],SOC 2/access-authorization,,,direct_source_backed,api-admin-function-public; api-cors-wildcard-credentials; api-deprecated-version-public; api-endpoint-no-authentication; api-inventory-owner-missing; api-mtls-required-missing-sensitive-service; api-object-level-authorization-missing; api-rate-limit-missing; api-refresh-token-rotation-disabled; api-schema-validation-missing; api-sensitive-response-field-exposed; api-shadow-endpoint-detected; api-third-party-timeout-missing; api-third-party-tls-validation-disabled; api-token-ttl-too-long; aws-api-gateway-no-authorization; aws-apigateway-public; aws-bedrock-custom-model-public; aws-codebuild-public-logs; aws-codebuild-public-trigger; aws-default-sg-no-rules; aws-ec2-ami-not-public; aws-ec2-ebs-snapshot-not-public; aws-ec2-internet-facing-iam; aws-ec2-public-ip-rdp; ... 188 more,aws-api-gateway-no-authorization; aws-apigateway-public; aws-bedrock-custom-model-public; aws-codebuild-public-logs; aws-codebuild-public-trigger; aws-default-sg-no-rules; aws-ec2-ami-not-public; aws-ec2-ebs-snapshot-not-public; aws-ec2-internet-facing-iam; aws-ec2-public-ip-rdp; aws-ec2-public-ip-ssh; aws-ec2-public-ports-restricted; aws-ec2-sg-no-all-traffic-ingress; aws-ecr-public-repository; aws-ecs-ports-restricted; aws-ecs-secrets-in-env-vars; aws-ecs-ssh-denied; aws-eks-private-endpoint; aws-eks-public-endpoint-disabled; aws-elasticache-public; aws-elb-internet-facing-no-waf; aws-elb-target-public-subnet; aws-iam-role-confused-deputy-prevention; aws-iam-role-cross-account-admin; aws-lambda-in-vpc; ... 29 more
soc2,CC6.7,soc2 CC6.7,SOC 2 CC6 Logical and Physical Access,18,1,1,,SOC 2/access-authorization,,,direct_source_backed,aws-alb-http-to-https; aws-s3-https-only; azure-vm-unmanaged-disk; bucket-sensitive-no-lock; cert-expired; cert-expiry-30-days; cert-self-signed; cert-weak-key; cert-weak-signature; db-ssl-connections; endpoint-disk-encryption; endpoint-intune-disk-encryption; endpoint-jamf-disk-encryption; endpoint-kandji-disk-encryption; gcp-kms-public; pci-transmission-encrypted; tls-version-outdated; tls-weak-ciphers,aws-s3-https-only
soc2,CC6.8,soc2 CC6.8,SOC 2 CC6 Logical and Physical Access,15,0,0,,SOC 2/access-authorization,,,direct_control_only,endpoint-edr-installed; endpoint-edr-reporting; endpoint-intune-noncompliant; endpoint-kandji-edr-installed; endpoint-kandji-password-manager; endpoint-malware-detection; endpoint-mdm-enrolled; endpoint-password-manager; endpoint-sentinelone-active; pci-antivirus-enabled; sentinelone-agent-detect-only-mode; sentinelone-command-control; sentinelone-malware; sentinelone-protection-control-tampering; sentinelone-risky-exclusion,
soc2,CC7,soc2 CC7,SOC 2 CC7 System Operations,0,0,0,,,,,framework_catalog_only,,
soc2,CC7.1,soc2 CC7.1,SOC 2 CC7 System Operations,553,428,428,aws/container_vulnerability [supported]; aws/inspector2_finding [supported]; github/code_security_alerts [supported],SOC 2/security-operations,SOC 2 CC7.2 [evidence_dependency/review_hint]; SOC 2 CC7.3 [evidence_dependency/review_hint],,direct_source_backed,api-admin-function-public; api-cors-wildcard-credentials; api-deprecated-version-public; api-endpoint-no-authentication; api-inventory-owner-missing; api-mtls-required-missing-sensitive-service; api-object-level-authorization-missing; api-rate-limit-missing; api-refresh-token-rotation-disabled; api-schema-validation-missing; api-sensitive-response-field-exposed; api-shadow-endpoint-detected; api-third-party-timeout-missing; api-third-party-tls-validation-disabled; api-token-ttl-too-long; archetype-vulnerability-active; aurelius-promoted-vulnerability-active; aws-access-analyzer-unused-access-finding; aws-account-alternate-contact-security; aws-account-security-contact-configured; aws-backup-vault-encrypted; aws-backup-vault-locked; aws-cloudformation-stack-drift-detected; aws-cloudformation-stack-termination-protection; aws-cloudfront-origin-access-control-required; ... 528 more,archetype-vulnerability-active; aurelius-promoted-vulnerability-active; aws-access-analyzer-unused-access-finding; aws-account-alternate-contact-security; aws-account-security-contact-configured; aws-backup-vault-encrypted; aws-backup-vault-locked; aws-cloudformation-stack-drift-detected; aws-cloudformation-stack-termination-protection; aws-cloudfront-origin-access-control-required; aws-cloudfront-response-headers-policy-security; aws-cloudfront-waf-enabled; aws-ecr-immutable-tags; aws-ecs-service-public-ip-disabled; aws-ecs-task-definition-no-privileged; aws-ecs-task-definition-nonroot-user; aws-ecs-task-definition-readonly-root; aws-efs-backup-enabled; aws-efs-encrypted; aws-eventbridge-rule-cross-account-target; aws-guardduty-c2-traffic; aws-guardduty-crypto-mining; aws-guardduty-malware-finding; aws-kms-key-deletion-scheduled; aws-kms-key-policy-public; ... 403 more
soc2,CC7.2,soc2 CC7.2,SOC 2 CC7 System Operations,114,108,108,aws/cloudtrail [supported]; aws/config_recorder [supported]; aws/guardduty_finding [supported]; aws/securityhub_finding [supported]; github/audit_events [supported]; okta/audit_events [supported],SOC 2/security-operations,,SOC 2 CC7.1 [evidence_dependency/review_hint],direct_source_backed,ai-agent-human-approval-destructive-actions; ai-agent-secret-redaction; ai-agent-tool-allowlist-required; ai-data-retention-reviewed; ai-embedding-store-encrypted; ai-foundation-model-safety-card-required; ai-genai-secure-development-review; ai-high-risk-use-case-registered; ai-model-evaluation-before-release; ai-model-incident-runbook; ai-model-monitoring; ai-model-monitoring-drift-threshold; ai-model-rate-limit-cost-guardrail; ai-model-supply-chain-attestation; ai-prompt-injection-test-coverage; ai-rag-source-citation-required; ai-rag-vector-index-access-control; ai-sensitive-output-filtering; ai-system-owner-assigned; ai-third-party-model-risk-review; ai-training-data-provenance; aws-bedrock-agent-action-group-approval-required; aws-bedrock-guardrail-content-filter-enabled; aws-bedrock-knowledge-base-encrypted; aws-bedrock-model-invocation-logging-enabled; ... 89 more,ai-agent-human-approval-destructive-actions; ai-agent-secret-redaction; ai-agent-tool-allowlist-required; ai-data-retention-reviewed; ai-embedding-store-encrypted; ai-foundation-model-safety-card-required; ai-genai-secure-development-review; ai-high-risk-use-case-registered; ai-model-evaluation-before-release; ai-model-incident-runbook; ai-model-monitoring; ai-model-monitoring-drift-threshold; ai-model-rate-limit-cost-guardrail; ai-model-supply-chain-attestation; ai-prompt-injection-test-coverage; ai-rag-source-citation-required; ai-rag-vector-index-access-control; ai-sensitive-output-filtering; ai-system-owner-assigned; ai-third-party-model-risk-review; ai-training-data-provenance; aws-bedrock-agent-action-group-approval-required; aws-bedrock-guardrail-content-filter-enabled; aws-bedrock-knowledge-base-encrypted; aws-bedrock-model-invocation-logging-enabled; ... 83 more
soc2,CC7.3,soc2 CC7.3,SOC 2 CC7 System Operations,57,56,56,aws/cloudtrail [supported]; aws/guardduty_finding [supported]; aws/securityhub_finding [supported]; github/audit_events [supported]; okta/audit_events [supported],SOC 2/security-operations,,SOC 2 CC7.1 [evidence_dependency/review_hint],direct_source_backed,aws-cloudwatch-alarm-missing; aws-config-enabled-all-regions; aws-ec2-detailed-monitoring-enabled; aws-guardduty-c2-traffic; aws-guardduty-crypto-mining; aws-guardduty-malware-finding; aws-guardduty-notifications; aws-logs-retention-365; aws-vpc-flow-logs-enabled; azure-defender-storage; compliance-ir-plan-exists; compliance-p1-security-issues; compliance-p2-security-issues; container-runtime-exec-detected; db-audit-logging; endpoint-intune-noncompliant; endpoint-kandji-password-manager; endpoint-malware-detection; endpoint-mdm-enrolled; endpoint-password-manager; endpoint-sentinelone-active; gcp-audit-logging-enabled; gcp-cloud-ids-notifications; gcp-log-sink-access; m365-risky-users; ... 32 more,aws-cloudwatch-alarm-missing; aws-config-enabled-all-regions; aws-ec2-detailed-monitoring-enabled; aws-guardduty-c2-traffic; aws-guardduty-crypto-mining; aws-guardduty-malware-finding; aws-guardduty-notifications; aws-logs-retention-365; aws-vpc-flow-logs-enabled; azure-defender-storage; compliance-ir-plan-exists; compliance-p1-security-issues; compliance-p2-security-issues; container-runtime-exec-detected; db-audit-logging; endpoint-intune-noncompliant; endpoint-kandji-password-manager; endpoint-malware-detection; endpoint-mdm-enrolled; endpoint-password-manager; endpoint-sentinelone-active; gcp-audit-logging-enabled; gcp-cloud-ids-notifications; gcp-log-sink-access; m365-risky-users; ... 31 more
soc2,CC7.4,soc2 CC7.4,SOC 2 CC7 System Operations,12,5,5,,SOC 2/security-operations,,,direct_source_backed,ai-incident-response; aws-guardduty-c2-traffic; aws-guardduty-crypto-mining; aws-guardduty-malware-finding; compliance-ir-plan-exists; compliance-p1-security-issues; container-runtime-exec-detected; pagerduty-service-without-escalation-policy; sentinelone-threat-detected; threat-intel-malicious-domain-resolution; threat-intel-malicious-ip-connection; vpc-no-dns-resolver-logging,aws-guardduty-c2-traffic; aws-guardduty-crypto-mining; aws-guardduty-malware-finding; pagerduty-service-without-escalation-policy; sentinelone-threat-detected
soc2,CC7.5,soc2 CC7.5,SOC 2 CC7 System Operations,22,4,4,aws/container_vulnerability [supported]; aws/inspector2_finding [supported]; aws/securityhub_finding [supported]; github/code_security_alerts [supported]; github/remediation_state [partial],SOC 2/security-operations,,,direct_source_backed,aws-guardduty-c2-traffic; aws-guardduty-crypto-mining; aws-guardduty-malware-finding; compliance-ir-plan-exists; container-image-scan; container-runtime-exec-detected; gcp-container-vuln-critical; gcp-container-vuln-high; github-vuln-medium; pci-penetration-test-annual; pci-vulnerability-scan-quarterly; sentinelone-threat-detected; sentinelone-vuln-medium; threat-intel-malicious-domain-resolution; threat-intel-malicious-ip-connection; vuln-aging-report; vuln-critical-sla; vuln-epss-high; vuln-high-sla; vuln-known-exploited; vuln-medium-sla; vuln-public-facing,aws-guardduty-c2-traffic; aws-guardduty-crypto-mining; aws-guardduty-malware-finding; github-vuln-medium
soc2,CC8.1,soc2 CC8.1,SOC 2 CC8 Change Management,367,281,281,github/pull_requests [supported]; github/repositories [supported],SOC 2/security-operations,,,direct_source_backed,aws-access-analyzer-unused-access-finding; aws-account-alternate-contact-security; aws-account-security-contact-configured; aws-backup-vault-encrypted; aws-backup-vault-locked; aws-cloudformation-stack-drift-detected; aws-cloudformation-stack-termination-protection; aws-cloudfront-origin-access-control-required; aws-cloudfront-response-headers-policy-security; aws-cloudfront-waf-enabled; aws-ecr-immutable-tags; aws-ecs-service-public-ip-disabled; aws-ecs-task-definition-no-privileged; aws-ecs-task-definition-nonroot-user; aws-ecs-task-definition-readonly-root; aws-efs-backup-enabled; aws-efs-encrypted; aws-eventbridge-rule-cross-account-target; aws-kms-key-deletion-scheduled; aws-kms-key-policy-public; aws-organizations-policy-detached; aws-organizations-scp-root-guardrail; aws-route53-resolver-query-logging; aws-secretsmanager-secret-replicated-critical; aws-ssm-document-public; ... 342 more,aws-ecr-immutable-tags; cicd-dependency-review-required; cicd-secret-scanning-blocking-required; cicd-unpinned-third-party-action; github-actions-artifact-attestation-missing; github-actions-oidc-subject-too-broad; github-automated-checks; github-branch-protection-admin; github-branch-requires-linear-history; github-branch-requires-signed-commits; github-codeowners-missing; github-dependabot-security-updates-disabled; github-repo-webhook-insecure-ssl; github-ruleset-bypass-unrestricted; github-ruleset-required; github-secops-app-installation-all-repos-event-check-run; github-secops-app-installation-all-repos-event-check-suite; github-secops-app-installation-all-repos-event-code-scanning-alert; github-secops-app-installation-all-repos-event-create; github-secops-app-installation-all-repos-event-delete; github-secops-app-installation-all-repos-event-deployment; github-secops-app-installation-all-repos-event-deployment-status; github-secops-app-installation-all-repos-event-member; github-secops-app-installation-all-repos-event-membership; github-secops-app-installation-all-repos-event-organization; ... 256 more
soc2,CC9.1,soc2 CC9.1,SOC 2 CC9 Risk Mitigation,0,0,0,,,,,framework_catalog_only,,
soc2,CC9.2,soc2 CC9.2,SOC 2 CC9 Risk Mitigation,8,3,3,,,,,direct_source_backed,grc-vendor-review-overdue; identity-okta-vendor-app-review-overdue; identity-okta-vendor-app-without-grc-record; vendor-auth-method; vendor-dpa-exists; vendor-pci-compliance; vendor-risk-assessed; vendor-security-review-complete,grc-vendor-review-overdue; identity-okta-vendor-app-review-overdue; identity-okta-vendor-app-without-grc-record
soc2,P1.1,soc2 P1.1,SOC 2 P1 Notice and Communication,1,0,0,,,,,direct_control_only,compliance-data-inventory-maintained,
soc2,P2.1,soc2 P2.1,SOC 2 P2 Choice and Consent,0,0,0,,,,,framework_catalog_only,,
soc2,P3.1,soc2 P3.1,SOC 2 P3 Collection,0,0,0,,,,,framework_catalog_only,,
soc2,P3.2,soc2 P3.2,SOC 2 P3 Collection,0,0,0,,,,,framework_catalog_only,,
soc2,P4.1,soc2 P4.1,"SOC 2 P4 Use, Retention, and Disposal",0,0,0,,,,,framework_catalog_only,,
soc2,P4.2,soc2 P4.2,"SOC 2 P4 Use, Retention, and Disposal",0,0,0,,,,,framework_catalog_only,,
soc2,P4.3,soc2 P4.3,"SOC 2 P4 Use, Retention, and Disposal",0,0,0,,,,,framework_catalog_only,,
soc2,P5.1,soc2 P5.1,SOC 2 P5 Access,0,0,0,,,,,framework_catalog_only,,
soc2,P5.2,soc2 P5.2,SOC 2 P5 Access,0,0,0,,,,,framework_catalog_only,,
soc2,P5.3,soc2 P5.3,SOC 2 P5 Access,0,0,0,,,,,framework_catalog_only,,
soc2,P6.1,soc2 P6.1,SOC 2 P6 Disclosure and Notification,1,0,0,,,,,direct_control_only,vendor-dpa-exists,
soc2,P6.2,soc2 P6.2,SOC 2 P6 Disclosure and Notification,0,0,0,,,,,framework_catalog_only,,
soc2,P6.3,soc2 P6.3,SOC 2 P6 Disclosure and Notification,0,0,0,,,,,framework_catalog_only,,
soc2,P6.4,soc2 P6.4,SOC 2 P6 Disclosure and Notification,0,0,0,,,,,framework_catalog_only,,
soc2,P6.5,soc2 P6.5,SOC 2 P6 Disclosure and Notification,0,0,0,,,,,framework_catalog_only,,
soc2,P6.6,soc2 P6.6,SOC 2 P6 Disclosure and Notification,0,0,0,,,,,framework_catalog_only,,
soc2,P6.7,soc2 P6.7,SOC 2 P6 Disclosure and Notification,0,0,0,,,,,framework_catalog_only,,
soc2,P7.1,soc2 P7.1,SOC 2 P7 Quality,0,0,0,,,,,framework_catalog_only,,
soc2,P8.1,soc2 P8.1,SOC 2 P8 Monitoring and Enforcement,0,0,0,,,,,framework_catalog_only,,
soc2,PI1.1,soc2 PI1.1,SOC 2 PI1 Processing Integrity,0,0,0,,,,,framework_catalog_only,,
soc2,PI1.2,soc2 PI1.2,SOC 2 PI1 Processing Integrity,0,0,0,,,,,framework_catalog_only,,
soc2,PI1.3,soc2 PI1.3,SOC 2 PI1 Processing Integrity,0,0,0,,,,,framework_catalog_only,,
soc2,PI1.4,soc2 PI1.4,SOC 2 PI1 Processing Integrity,1,0,0,,,,,direct_control_only,contract-billing-mismatch,
soc2,PI1.5,soc2 PI1.5,SOC 2 PI1 Processing Integrity,0,0,0,,,,,framework_catalog_only,,
soc2,SD-SOC2,soc2 SD-SOC2,SOC 2 SD System Description,0,0,0,,,,,framework_catalog_only,,
usdataprivacy,ACCOUNTABILITYPRINCIPLE,usdataprivacy ACCOUNTABILITYPRINCIPLE,US Data Privacy Privacy Privacy Principles,0,0,0,,,,,framework_catalog_only,,
usdataprivacy,COLLECTIONLIMITATIONPRINCIPLE,usdataprivacy COLLECTIONLIMITATIONPRINCIPLE,US Data Privacy Privacy Privacy Principles,0,0,0,,,,,framework_catalog_only,,
usdataprivacy,DATAMINIMIZATIONPRINCIPLE,usdataprivacy DATAMINIMIZATIONPRINCIPLE,US Data Privacy Privacy Privacy Principles,0,0,0,,,,,framework_catalog_only,,
usdataprivacy,DATAQUALITYPRINCIPLE,usdataprivacy DATAQUALITYPRINCIPLE,US Data Privacy Privacy Privacy Principles,0,0,0,,,,,framework_catalog_only,,
usdataprivacy,INDIVIDUALPARTICIPATIONPRINCIPLE,usdataprivacy INDIVIDUALPARTICIPATIONPRINCIPLE,US Data Privacy Privacy Privacy Principles,0,0,0,,,,,framework_catalog_only,,
usdataprivacy,OPENNESS&TRANSPARENCYPRINCIPLE,usdataprivacy OPENNESS&TRANSPARENCYPRINCIPLE,US Data Privacy Privacy Privacy Principles,0,0,0,,,,,framework_catalog_only,,
usdataprivacy,OUTLIERORSTATESPECIFICREQUIREMENTSNOTCOMMONLYAGREEDUPON,usdataprivacy OUTLIERORSTATESPECIFICREQUIREMENTSNOTCOMMONLYAGREEDUPON,US Data Privacy Privacy Privacy Principles,0,0,0,,,,,framework_catalog_only,,
usdataprivacy,PURPOSESPECIFICATIONPRINCIPLE,usdataprivacy PURPOSESPECIFICATIONPRINCIPLE,US Data Privacy Privacy Privacy Principles,0,0,0,,,,,framework_catalog_only,,
usdataprivacy,SECURITYSAFEGUARDSPRINCIPLE,usdataprivacy SECURITYSAFEGUARDSPRINCIPLE,US Data Privacy Privacy Privacy Principles,0,0,0,,,,,framework_catalog_only,,
usdataprivacy,USELIMITATIONPRINCIPLE,usdataprivacy USELIMITATIONPRINCIPLE,US Data Privacy Privacy Privacy Principles,0,0,0,,,,,framework_catalog_only,,
